Trajectory_Method,Seed,Scenario_ID,Distance_Regime,Communication_Optimizer,Mean_NSE,Throughput_Mbps,Runtime_s,Search_Evaluations,Decisions_per_s,Beam_Mean_deg,Beam_Std_deg,Beam_Min_deg,Beam_Max_deg,Beam_Azimuth_Std_deg,Beam_Elevation_Std_deg,Power_Mean_W,Power_Std_W,Power_Min_W,Power_Max_W,Total_Power_W,Power_Budget_Error_W,Power_Constraint_OK,Beam_Constraint_OK
DDPG,2026,test_0000,short,PSO / Metaheuristic,11.25027270324463,1125.027270324463,0.020740340999964246,12,48.2152149765389,21.754722356796265,10.711433781748273,12.282073020935059,39.92277908325195,,,0.25000000186264515,0.31321929110204433,0.05697359889745712,0.792351484298706,4.000000029802322,3.0000000298023224,False,True
DDPG,2026,test_0000,short,DDPG,7.001692916454779,700.1692916454779,0.018102080000062415,2,55.24227050132096,32.771655559539795,0.6826666960762787,31.693635940551758,33.425418853759766,,,0.25,0.018477755187873982,0.2278960943222046,0.27688100934028625,4.0,3.0,False,True
DDPG,2026,test_0000,short,PPO,6.981875722552916,698.1875722552916,0.020483975000047394,2,48.818649700445654,32.894076347351074,1.5665597410235812,30.48592758178711,34.86153030395508,,,0.25,0.030839983578279745,0.20742689073085785,0.2946043014526367,4.0,3.0,False,True
DDPG,2026,test_0000,short,SAC,6.852930983966839,685.293098396684,0.019256788999996388,2,51.929737610989434,33.13742542266846,0.4737164399380308,32.5797119140625,33.89072036743164,,,0.2499999962747097,0.021569076739648117,0.215274378657341,0.2736401855945587,3.9999999403953552,2.9999999403953552,False,True
DDPG,2026,test_0000,short,MADDPG,6.873306437244183,687.3306437244185,0.02084013599994705,8,47.98433177223703,33.04176568984985,1.203243293934314,31.77176284790039,34.38282012939453,,,0.2499999925494194,0.013024470559227995,0.24109070003032684,0.27242594957351685,3.9999998807907104,2.9999998807907104,False,True
DDPG,2026,test_0000,short,AB-QMIX,7.205121454747928,720.5121454747929,0.029829155000015817,8,33.52424834023859,31.944612503051758,0.0,31.944612503051758,31.944612503051758,,,0.14798040688037872,0.0,0.14798040688037872,0.14798040688037872,2.3676865100860596,1.3676865100860596,False,True
DDPG,2026,test_0000,short,ABPO,17.097368226077432,1709.7368226077433,0.04255721699996684,80,23.497777122051453,13.59375,5.700448858423344,5.0,18.75,,,0.25,0.03535533695198495,0.15000000596046448,0.3499999940395355,4.0,3.0,False,True
DDPG,2026,test_0001,medium,PSO / Metaheuristic,15.114747584283009,1511.474758428301,0.028484299999945506,12,35.10705897641554,22.856554985046387,7.500563515849654,13.821353912353516,32.61389923095703,,,0.2500000037252903,0.06253120992415225,0.16167180240154266,0.3259107768535614,6.000000089406967,5.000000089406967,False,True
DDPG,2026,test_0001,medium,DDPG,11.013000103479223,1101.3000103479224,0.019023010000069007,2,52.56791643364391,32.899685859680176,1.6961909572235683,30.346229553222656,34.94820785522461,,,0.25,0.019223282724285626,0.21880468726158142,0.2687998116016388,6.0,5.0,False,True
DDPG,2026,test_0001,medium,PPO,11.88670785393287,1188.670785393287,0.01602187599996796,2,62.41466355138435,31.2899489402771,1.0440713121447724,30.24648666381836,32.8358039855957,,,0.25,0.02599768412838186,0.21751293540000916,0.29022514820098877,6.0,5.0,False,True
DDPG,2026,test_0001,medium,SAC,11.291399975725119,1129.139997572512,0.022984183999938068,2,43.50817936380489,32.567054748535156,0.2637139169440392,32.174442291259766,32.885841369628906,,,0.2500000037252903,0.017415223651070698,0.22931116819381714,0.27671054005622864,6.000000089406967,5.000000089406967,False,True
DDPG,2026,test_0001,medium,MADDPG,11.455963883391428,1145.5963883391428,0.02508036599999741,8,39.871826431883136,32.245779037475586,0.1279560561267156,32.04798889160156,32.36773681640625,,,0.2500000037252903,0.012570998958294794,0.24228517711162567,0.2717537581920624,6.000000089406967,5.000000089406967,False,True
DDPG,2026,test_0001,medium,AB-QMIX,11.375103441191177,1137.5103441191177,0.011506911000083164,8,86.90429603503257,31.944612503051758,0.0,31.944612503051758,31.944612503051758,,,0.14798040688037872,0.0,0.14798040688037872,0.14798040688037872,3.5515297651290894,2.5515297651290894,False,True
DDPG,2026,test_0001,medium,ABPO,17.84182080685411,1784.182080685411,0.06357758599995122,120,15.728813610519392,16.458333333333332,5.124322448437018,5.0,18.75,,,0.25,0.0577350234776868,0.15000000596046448,0.3499999940395355,6.0,5.0,False,True
DDPG,2026,test_0002,long,PSO / Metaheuristic,11.913251389546893,1191.3251389546892,0.043337210000004234,12,23.074858764555962,21.569433212280273,5.197354087758632,16.941360473632812,30.27364730834961,,,0.2500000037252903,0.2097295755276432,0.07982498407363892,0.6052707433700562,9.00000013411045,8.00000013411045,False,True
DDPG,2026,test_0002,long,DDPG,8.926005441021855,892.6005441021855,0.022441167000010864,2,44.56096244903466,31.426788806915283,1.7749257658239481,30.148571014404297,34.47905731201172,,,0.25,0.03747406804454503,0.20357264578342438,0.30764278769493103,9.0,8.0,False,True
DDPG,2026,test_0002,long,PPO,9.096510055094484,909.6510055094484,0.019618598999954884,2,50.972039338909966,30.958805084228516,1.1611227662423294,29.224321365356445,32.086830139160156,,,0.25,0.016844513503310385,0.23243170976638794,0.2778170108795166,9.0,8.0,False,True
DDPG,2026,test_0002,long,SAC,8.409310939679342,840.9310939679342,0.025460595000026842,2,39.27637983318716,32.647377490997314,1.4096805691212526,31.074758529663086,34.65423583984375,,,0.2500000037252903,0.015166850230413817,0.23305034637451172,0.2669707238674164,9.00000013411045,8.00000013411045,False,True
DDPG,2026,test_0002,long,MADDPG,8.699535069467366,869.9535069467365,0.026231304000020828,8,38.122389950541766,31.4494366645813,1.2843242033486144,29.9195613861084,33.26068878173828,,,0.25,0.01128219524494606,0.2373851239681244,0.2679983079433441,9.0,8.0,False,True
DDPG,2026,test_0002,long,AB-QMIX,8.374356663820107,837.4356663820107,0.014432284999998046,8,69.2890973259006,31.944612503051758,0.0,31.944612503051758,31.944612503051758,,,0.14798040688037872,0.0,0.14798040688037872,0.14798040688037872,5.327294647693634,4.327294647693634,False,True
DDPG,2026,test_0002,long,ABPO,15.608715252262783,1560.8715252262782,0.08953787300004024,180,11.168458290265066,17.22222222222222,4.321208107251123,5.0,18.75,,,0.25,0.06666666269302368,0.15000000596046448,0.3499999940395355,9.0,8.0,False,True
DDPG,2026,test_0003,very_long,PSO / Metaheuristic,10.827649118776778,1082.7649118776776,0.06048828699999831,12,16.532126294137374,19.957764863967896,11.007634947209674,10.3344144821167,38.67189407348633,,,0.2499999962747097,0.18308935062250076,0.10012304782867432,0.5619706511497498,12.999999806284904,11.999999806284904,False,True
DDPG,2026,test_0003,very_long,DDPG,5.364607314608239,536.4607314608239,0.02592190199993638,2,38.577416117168184,33.305564880371094,1.5429456942206454,30.914783477783203,35.13069152832031,,,0.2499999962747097,0.026947111374129546,0.22262682020664215,0.28703632950782776,12.999999806284904,11.999999806284904,False,True
DDPG,2026,test_0003,very_long,PPO,6.060160376697239,606.016037669724,0.023719794000044203,2,42.15888215547473,31.180811405181885,2.0302261490627513,28.320892333984375,33.112281799316406,,,0.25,0.024324130570463835,0.21531084179878235,0.2821298837661743,13.0,12.0,False,True
DDPG,2026,test_0003,very_long,SAC,5.296813238700111,529.681323870011,0.028789137000103437,2,34.73532395210065,33.50307750701904,1.7712194738864961,31.70397186279297,36.12431716918945,,,0.2499999962747097,0.023279296711252263,0.21710756421089172,0.2737906575202942,12.999999806284904,11.999999806284904,False,True
DDPG,2026,test_0003,very_long,MADDPG,5.239460018022541,523.946001802254,0.030252373000053012,8,33.055258177540246,33.8068904876709,0.6120269709126454,33.08359909057617,34.73839569091797,,,0.2499999962747097,0.015044500057392019,0.23226578533649445,0.2713860273361206,12.999999806284904,11.999999806284904,False,True
DDPG,2026,test_0003,very_long,AB-QMIX,5.632420134531908,563.2420134531908,0.018320745999972132,8,54.58293019299111,31.944612503051758,0.0,31.944612503051758,31.944612503051758,,,0.14798040688037872,0.0,0.14798040688037872,0.14798040688037872,7.694981157779694,6.694981157779694,False,True
DDPG,2026,test_0003,very_long,ABPO,17.05755674438265,1705.755674438265,0.1589132010000185,260,6.2927434203523696,10.817307692307692,6.520053272371033,5.0,18.75,,,0.25,0.019611612344875146,0.15000000596046448,0.3499999940395355,13.0,12.0,False,True
DDPG,2026,test_0004,short,PSO / Metaheuristic,16.441540496292415,1644.1540496292414,0.03866505300004519,12,25.86314830601244,24.87014079093933,9.27678903995074,14.477938652038574,39.22614669799805,,,0.2500000037252903,0.10870884770420343,0.1145978718996048,0.405396431684494,7.000000104308128,6.000000104308128,False,True
DDPG,2026,test_0004,short,DDPG,14.079689710499366,1407.9689710499365,0.022746857000015552,2,43.96211749163044,31.972405910491943,0.5215180482617932,31.325664520263672,32.519187927246094,,,0.25,0.02710534922500881,0.21060477197170258,0.27826371788978577,7.0,6.0,False,True
DDPG,2026,test_0004,short,PPO,14.509352554225332,1450.9352554225334,0.019567788000017572,2,51.10439667473411,30.75602960586548,1.169625795499271,28.99551010131836,32.24173355102539,,,0.2500000037252903,0.025530007812555086,0.22062982618808746,0.28881165385246277,7.000000104308128,6.000000104308128,False,True
DDPG,2026,test_0004,short,SAC,14.087094995530297,1408.7094995530297,0.024045606999948177,2,41.587638024781626,31.69883680343628,0.4022457595108622,31.1123046875,32.12751388549805,,,0.2500000037252903,0.01892384728567138,0.218663290143013,0.26740968227386475,7.000000104308128,6.000000104308128,False,True
DDPG,2026,test_0004,short,MADDPG,13.834905494654484,1383.4905494654483,0.0253725590000613,8,39.41265837622385,32.15360879898071,1.2556371000634918,30.365711212158203,33.80939483642578,,,0.2499999962747097,0.0135912926692415,0.23942628502845764,0.27301347255706787,6.999999895691872,5.999999895691872,False,True
DDPG,2026,test_0004,short,AB-QMIX,13.759553490947516,1375.9553490947517,0.013939330000084738,8,71.73945950012812,31.944612503051758,0.0,31.944612503051758,31.944612503051758,,,0.14798040688037872,0.0,0.14798040688037872,0.14798040688037872,4.143451392650604,3.1434513926506042,False,True
DDPG,2026,test_0004,short,ABPO,19.295985691858277,1929.5985691858277,0.08542406200001551,140,11.706303547117889,15.803571428571429,3.4022426577245803,11.875,18.75,,,0.25,0.0707106739039699,0.15000000596046448,0.3499999940395355,7.0,6.0,False,True
DDPG,2026,test_0005,medium,PSO / Metaheuristic,6.478997940040026,647.8997940040026,0.04358452600001783,12,22.943922804152805,20.207140922546387,5.493586149489784,14.097164154052734,29.11992073059082,,,0.2500000009313226,0.2193314747093811,0.05862897261977196,0.608139157295227,8.000000029802322,7.000000029802322,False,True
DDPG,2026,test_0005,medium,DDPG,3.6233731951225057,362.33731951225053,0.021227107999948203,2,47.10957328725327,30.550318717956543,1.6227523353132307,29.195960998535156,33.318302154541016,,,0.2500000037252903,0.013690189565043472,0.22683392465114594,0.26242178678512573,8.00000011920929,7.0000001192092896,False,True
DDPG,2026,test_0005,medium,PPO,3.1332151803836363,313.32151803836365,0.01861896900004467,2,53.70866668275782,34.827709674835205,1.9553299169527376,31.528841018676758,36.476783752441406,,,0.25,0.036107931019581464,0.22156697511672974,0.3116820156574249,8.0,7.0,False,True
DDPG,2026,test_0005,medium,SAC,3.4762308469094476,347.6230846909448,0.02435898900000666,2,41.052606904158736,31.48450231552124,0.43595235783410974,31.07059669494629,32.21788024902344,,,0.2500000074505806,0.01124286138568868,0.23326519131660461,0.2649085819721222,8.000000238418579,7.000000238418579,False,True
DDPG,2026,test_0005,medium,MADDPG,3.389802180892794,338.9802180892794,0.02535218100001657,8,39.44433814192737,32.34013032913208,2.0959692683820412,29.202810287475586,35.1036262512207,,,0.2500000074505806,0.02802117614041243,0.21616849303245544,0.2939288020133972,8.000000238418579,7.000000238418579,False,True
DDPG,2026,test_0005,medium,AB-QMIX,3.3767470539934696,337.6747053993469,0.013097863999973924,8,76.34832671968428,31.944612503051758,0.0,31.944612503051758,31.944612503051758,,,0.14798040688037872,0.0,0.14798040688037872,0.14798040688037872,4.735373020172119,3.735373020172119,False,True
DDPG,2026,test_0005,medium,ABPO,18.557976489380103,1855.7976489380103,0.07887879500003692,160,12.677678455908612,5.0,0.0,5.0,5.0,,,0.25,0.0559016961054938,0.15000000596046448,0.3499999940395355,8.0,7.0,False,True
DDPG,2026,test_0006,long,PSO / Metaheuristic,6.253975582441092,625.3975582441093,0.05863751300000786,12,17.053929282435053,20.36170983314514,9.421892287232101,5.799057960510254,30.20545196533203,,,0.2500000037252903,0.32881646995048663,0.050073761492967606,0.8192787170410156,12.000000178813934,11.000000178813934,False,True
DDPG,2026,test_0006,long,DDPG,3.7661206141144867,376.6120614114487,0.024600939000038125,2,40.64885490746716,28.38751792907715,1.5000970186316167,26.52263832092285,30.321504592895508,,,0.25,0.03789650019534784,0.21220912039279938,0.2941620349884033,12.0,11.0,False,True
DDPG,2026,test_0006,long,PPO,3.3375601143140394,333.7560114314039,0.022938720999945872,2,43.59440964482543,31.775745391845703,2.1738112562255547,29.586084365844727,35.25457000732422,,,0.2500000037252903,0.019795754974259963,0.2176906317472458,0.2702706456184387,12.000000178813934,11.000000178813934,False,True
DDPG,2026,test_0006,long,SAC,3.2403635212437867,324.0363521243787,0.027469859999996515,2,36.40353463760379,32.35737752914429,0.9416608962147561,31.079179763793945,33.531890869140625,,,0.2499999962747097,0.012211031413814374,0.23730240762233734,0.2675388753414154,11.999999821186066,10.999999821186066,False,True
DDPG,2026,test_0006,long,MADDPG,3.2905652070148435,329.0565207014843,0.028616084999953273,8,34.94538124280917,31.83246374130249,0.8564500297679282,31.19057846069336,33.3068733215332,,,0.2500000074505806,0.012186243658848146,0.23414382338523865,0.26480814814567566,12.000000357627869,11.000000357627869,False,True
DDPG,2026,test_0006,long,AB-QMIX,3.2393652084716984,323.9365208471698,0.017407203999937337,8,57.44747979075788,31.944612503051758,0.0,31.944612503051758,31.944612503051758,,,0.14798040688037872,0.0,0.14798040688037872,0.14798040688037872,7.103059530258179,6.103059530258179,False,True
DDPG,2026,test_0006,long,ABPO,17.80677523183643,1780.677523183643,0.11704334000000927,240,8.543843673633381,6.145833333333333,3.8002992389488957,5.0,18.75,,,0.25,0.03535533695198495,0.15000000596046448,0.3499999940395355,12.0,11.0,False,True
DDPG,2026,test_0007,very_long,PSO / Metaheuristic,13.22598665924218,1322.598665924218,0.09661745999994764,12,10.350096142048672,21.90073847770691,9.659817181443143,10.798834800720215,35.39094161987305,,,0.24999999813735485,0.30749023562683986,0.05085552856326103,0.7809173464775085,16.99999987334013,15.99999987334013,False,True
DDPG,2026,test_0007,very_long,DDPG,9.801426462883736,980.1426462883736,0.0286855970000488,2,34.86070030190756,32.239595890045166,0.9078380107421943,31.32566261291504,33.740440368652344,,,0.2500000037252903,0.009507192064344703,0.2348501831293106,0.26113107800483704,17.00000025331974,16.00000025331974,False,True
DDPG,2026,test_0007,very_long,PPO,9.595339871055392,959.5339871055392,0.028098677999992105,2,35.588862935127445,33.058863162994385,2.711844047695291,29.71464729309082,37.05512237548828,,,0.2499999962747097,0.015931384337729327,0.2296362817287445,0.2693421244621277,16.99999974668026,15.99999974668026,False,True
DDPG,2026,test_0007,very_long,SAC,9.654373522339002,965.4373522339002,0.08941143300000931,2,11.184252018418,32.75340175628662,0.5752320312511956,32.26454544067383,33.674007415771484,,,0.2499999925494194,0.00908730354419613,0.24074319005012512,0.26449713110923767,16.99999949336052,15.99999949336052,False,True
DDPG,2026,test_0007,very_long,MADDPG,9.525727467420893,952.5727467420893,0.06605106699998942,8,15.139800845308983,33.14410352706909,1.9672049344980318,29.999242782592773,34.84839630126953,,,0.25,0.01789681531370004,0.23649482429027557,0.2808068096637726,17.0,16.0,False,True
DDPG,2026,test_0007,very_long,AB-QMIX,9.748432961639216,974.8432961639217,0.038634911000031025,8,25.883326093314853,31.944612503051758,0.0,31.944612503051758,31.944612503051758,,,0.14798040688037872,0.0,0.14798040688037872,0.14798040688037872,10.062667667865753,9.062667667865753,False,True
DDPG,2026,test_0007,very_long,ABPO,18.99180009546113,1899.180009546113,0.2965504480000618,340,3.3721075342964633,11.875,6.669729688499157,5.0,18.75,,,0.25,0.06642111245650009,0.15000000596046448,0.3499999940395355,17.0,16.0,False,True
DDPG,2026,test_0008,short,PSO / Metaheuristic,7.910784243485449,791.0784243485449,0.056363063000048896,12,17.742115966961066,25.44430708885193,18.430455217109298,8.106416702270508,51.968929290771484,,,0.25000000186264515,0.16839071672391528,0.0711720883846283,0.42404767870903015,7.000000052154064,6.000000052154064,False,True
DDPG,2026,test_0008,short,DDPG,3.9039204672865195,390.39204672865196,0.07338493099996413,2,13.626775774995126,32.02578783035278,4.071373175323637,26.843536376953125,36.819091796875,,,0.2499999962747097,0.025559799371049196,0.21472163498401642,0.2750719487667084,6.999999895691872,5.999999895691872,False,True
DDPG,2026,test_0008,short,PPO,3.9251509010285406,392.51509010285406,0.12001324899995325,2,8.332413365464255,31.4166259765625,1.896971625271075,29.45585823059082,34.5554313659668,,,0.2500000074505806,0.044285577309669706,0.19140739738941193,0.30059418082237244,7.000000208616257,6.000000208616257,False,True
DDPG,2026,test_0008,short,SAC,3.7721871424382294,377.21871424382294,0.10498312599997917,2,9.525340291354999,32.45385456085205,2.412054325646047,29.568771362304688,34.98530197143555,,,0.2499999962747097,0.019353149735503106,0.21677999198436737,0.26482415199279785,6.999999895691872,5.999999895691872,False,True
DDPG,2026,test_0008,short,MADDPG,3.6630979662776717,366.3097966277671,0.09432693700000527,8,10.60142555037003,33.06199312210083,2.0920959780336084,30.5415096282959,35.82771301269531,,,0.25,0.031581785916701056,0.19972623884677887,0.28170832991600037,7.0,6.0,False,True
DDPG,2026,test_0008,short,AB-QMIX,3.7591020832361433,375.9102083236143,0.013682641999935186,8,73.08530033927198,31.944612503051758,0.0,31.944612503051758,31.944612503051758,,,0.14798040688037872,0.0,0.14798040688037872,0.14798040688037872,4.143451392650604,3.1434513926506042,False,True
DDPG,2026,test_0008,short,ABPO,18.38292076592055,1838.2920765920549,0.10938123599999017,140,9.142335893883024,5.982142857142857,2.405748854519193,5.0,11.875,,,0.25,0.0,0.25,0.25,7.0,6.0,False,True
DDPG,2026,test_0009,medium,PSO / Metaheuristic,11.22715264830024,1122.715264830024,0.0722288289999824,12,13.844887337163444,22.899211406707764,21.05546462791822,8.163626670837402,59.118064880371094,,,0.2500000009313226,0.32826585255712026,0.05341256782412529,0.8184293508529663,9.000000033527613,8.000000033527613,False,True
DDPG,2026,test_0009,medium,DDPG,7.469151020655242,746.9151020655243,0.08232895399999052,2,12.146395058051086,32.52109718322754,0.9812648264381574,31.263168334960938,33.99004364013672,,,0.25,0.03412701455450396,0.2266291230916977,0.30892086029052734,9.0,8.0,False,True
DDPG,2026,test_0009,medium,PPO,8.32320492289712,832.320492289712,0.1280447169999661,2,7.809771644075441,30.67395830154419,1.466850047575807,29.687341690063477,33.20641326904297,,,0.2500000037252903,0.030660420073059743,0.19856305420398712,0.2784803807735443,9.00000013411045,8.00000013411045,False,True
DDPG,2026,test_0009,medium,SAC,7.4634041525769526,746.3404152576952,0.11202648300002238,2,8.926460719112285,32.581315994262695,0.9251687166111914,31.411136627197266,33.988792419433594,,,0.2499999962747097,0.020421971387561015,0.22922834753990173,0.28295037150382996,8.99999986588955,7.999999865889549,False,True
DDPG,2026,test_0009,medium,MADDPG,7.798118347083783,779.8118347083783,0.13730048500008252,8,7.283295466868883,31.84104013442993,1.1484924022262517,30.023513793945312,33.180870056152344,,,0.2500000149011612,0.009120647849561934,0.23844373226165771,0.25928595662117004,9.000000536441803,8.000000536441803,False,True
DDPG,2026,test_0009,medium,AB-QMIX,7.592226499252159,759.2226499252158,0.027830719000007775,8,35.93151869341646,31.944612503051758,0.0,31.944612503051758,31.944612503051758,,,0.14798040688037872,0.0,0.14798040688037872,0.14798040688037872,5.327294647693634,4.327294647693634,False,True
DDPG,2026,test_0009,medium,ABPO,18.291739278693292,1829.1739278693292,0.1611847960000432,180,6.204059097482941,14.166666666666666,4.583333333333333,5.0,18.75,,,0.25,0.06666666269302368,0.15000000596046448,0.3499999940395355,9.0,8.0,False,True
DDPG,2027,test_0000,short,PSO / Metaheuristic,11.330234881375835,1133.0234881375834,0.05640843300000142,12,17.72784576377037,20.385088682174683,7.742629761087682,15.603784561157227,33.7867317199707,,,0.2500000074505806,0.25270935010334866,0.07861872017383575,0.6859134435653687,6.000000178813934,5.000000178813934,False,True
DDPG,2027,test_0000,short,DDPG,6.8407077741690285,684.070777416903,0.07726128100000551,2,12.943093708217557,32.10772752761841,3.076032674262874,29.075143814086914,36.29801940917969,,,0.2499999962747097,0.06519326237165339,0.16734586656093597,0.33067044615745544,5.999999910593033,4.999999910593033,False,True
DDPG,2027,test_0000,short,PPO,6.8324735429653,683.24735429653,0.11668267000004562,2,8.570252977581067,32.006991386413574,1.1782104728315763,30.819913864135742,33.40999984741211,,,0.2500000037252903,0.024171733559968926,0.20843853056430817,0.2686031758785248,6.000000089406967,5.000000089406967,False,True
DDPG,2027,test_0000,short,SAC,6.566988491233007,656.6988491233008,0.08304245900001206,2,12.042032618516929,32.67005681991577,0.9456234501250445,31.54267692565918,34.09671401977539,,,0.25,0.025415709767090677,0.22059252858161926,0.2904559373855591,6.0,5.0,False,True
DDPG,2027,test_0000,short,MADDPG,6.492862391036656,649.2862391036656,0.037989141000025484,8,26.32331170634601,32.790733337402344,0.5483220817027893,32.17394256591797,33.589942932128906,,,0.2499999925494194,0.007075161126926968,0.23823443055152893,0.2570612132549286,5.999999821186066,4.999999821186066,False,True
DDPG,2027,test_0000,short,AB-QMIX,6.675029925474095,667.5029925474096,0.02610736300005101,8,38.30337058545691,31.944612503051758,0.0,31.944612503051758,31.944612503051758,,,0.14798040688037872,0.0,0.14798040688037872,0.14798040688037872,3.5515297651290894,2.5515297651290894,False,True
DDPG,2027,test_0000,short,ABPO,14.959581686541627,1495.9581686541626,0.1094084420000172,120,9.140062519123001,16.458333333333332,5.124322448437018,5.0,18.75,,,0.25,0.0577350234776868,0.15000000596046448,0.3499999940395355,6.0,5.0,False,True
DDPG,2027,test_0001,medium,PSO / Metaheuristic,15.421462617908391,1542.1462617908392,0.06061998500001664,12,16.496209954517894,18.121963024139404,1.8375693597509817,15.549571990966797,20.637367248535156,,,0.24999999441206455,0.11591102664654832,0.0695926770567894,0.3887113928794861,5.999999865889549,4.999999865889549,False,True
DDPG,2027,test_0001,medium,DDPG,10.503061023289057,1050.3061023289058,0.03537610199998653,2,28.267670643882152,30.495407104492188,3.2404757776774913,25.866138458251953,35.03038024902344,,,0.25,0.07469817718041945,0.1907203197479248,0.3773118257522583,6.0,5.0,False,True
DDPG,2027,test_0001,medium,PPO,8.62709215255522,862.7092152555219,0.021315601999958744,2,46.913992858467495,34.745038986206055,1.030824186479546,33.23956298828125,36.07963562011719,,,0.2500000037252903,0.026986617694518145,0.22696709632873535,0.29526281356811523,6.000000089406967,5.000000089406967,False,True
DDPG,2027,test_0001,medium,SAC,9.875303132642943,987.5303132642943,0.03136675399991873,2,31.88088891833025,31.965295791625977,1.3504518971466923,30.17540168762207,33.88355255126953,,,0.25,0.00897162671301799,0.24178963899612427,0.26369401812553406,6.0,5.0,False,True
DDPG,2027,test_0001,medium,MADDPG,10.428736344393473,1042.8736344393474,0.03753939500006709,8,26.638681843386472,30.82057476043701,0.6701459909208134,29.6961727142334,31.345163345336914,,,0.2500000186264515,0.005020445333830374,0.244271382689476,0.2578778862953186,6.000000447034836,5.000000447034836,False,True
DDPG,2027,test_0001,medium,AB-QMIX,9.653929813440909,965.3929813440909,0.015398137000033785,8,64.94292134157567,31.944612503051758,0.0,31.944612503051758,31.944612503051758,,,0.14798040688037872,0.0,0.14798040688037872,0.14798040688037872,3.5515297651290894,2.5515297651290894,False,True
DDPG,2027,test_0001,medium,ABPO,16.374693565309247,1637.4693565309249,0.10630093800000395,120,9.407254713029557,16.458333333333332,5.124322448437018,5.0,18.75,,,0.25,0.0,0.25,0.25,6.0,5.0,False,True
DDPG,2027,test_0002,long,PSO / Metaheuristic,12.282823706536414,1228.2823706536415,0.07024057199998879,12,14.236786112734954,23.433441996574402,12.561332612634235,7.143834590911865,42.22732162475586,,,0.2499999962747097,0.1536267771752689,0.07221701741218567,0.48199737071990967,10.999999836087227,9.999999836087227,False,True
DDPG,2027,test_0002,long,DDPG,8.796685276292072,879.6685276292072,0.023787018000007265,2,42.03973780991357,33.148311614990234,2.3603362845510767,31.351470947265625,37.11164093017578,,,0.25,0.0105740605127135,0.2374192178249359,0.26116394996643066,11.0,10.0,False,True
DDPG,2027,test_0002,long,PPO,8.492756766302177,849.2756766302176,0.021082938000063223,2,47.431719430992075,34.11321830749512,1.201580514365401,32.490806579589844,35.34880065917969,,,0.25,0.014594104615340683,0.23648209869861603,0.27390679717063904,11.0,10.0,False,True
DDPG,2027,test_0002,long,SAC,8.722073232134276,872.2073232134277,0.02592226899992056,2,38.57686994927275,33.24900197982788,2.020252948183737,30.234594345092773,35.85007858276367,,,0.2499999962747097,0.005933548678089501,0.24039998650550842,0.25573062896728516,10.999999836087227,9.999999836087227,False,True
DDPG,2027,test_0002,long,MADDPG,8.481468302611782,848.1468302611783,0.041460484000026554,8,24.11935181459434,34.00396728515625,1.387861307461258,32.89131546020508,36.362735748291016,,,0.2499999962747097,0.013164750391932366,0.23051415383815765,0.26742514967918396,10.999999836087227,9.999999836087227,False,True
DDPG,2027,test_0002,long,AB-QMIX,9.335708860854734,933.5708860854734,0.027714428999956908,8,36.08228767771311,31.944612503051758,0.0,31.944612503051758,31.944612503051758,,,0.14798040688037872,0.0,0.14798040688037872,0.14798040688037872,6.511137902736664,5.511137902736664,False,True
DDPG,2027,test_0002,long,ABPO,17.368769426940062,1736.8769426940062,0.11195910199990067,220,8.931832983091336,16.875,4.238956239453293,5.0,18.75,,,0.25,0.04767312662073967,0.15000000596046448,0.3499999940395355,11.0,10.0,False,True
DDPG,2027,test_0003,very_long,PSO / Metaheuristic,16.864050352888633,1686.4050352888632,0.07323781200000212,12,13.654149034380916,10.922828555107117,4.582251449017183,6.465893268585205,18.244951248168945,,,0.2500000037252903,0.1073376911614248,0.11078085005283356,0.4092760384082794,16.00000023841858,15.000000238418579,False,True
DDPG,2027,test_0003,very_long,DDPG,5.587106097114097,558.7106097114097,0.02878543500003161,2,34.739791147811445,32.079877853393555,1.195775247233784,30.784671783447266,33.3485221862793,,,0.2499999962747097,0.026850696938867782,0.22099129855632782,0.2886495590209961,15.999999761581421,14.999999761581421,False,True
DDPG,2027,test_0003,very_long,PPO,5.240365858125124,524.0365858125124,0.02694907799991597,2,37.107020878529426,33.37029457092285,2.437658339933908,30.47228240966797,37.17353057861328,,,0.2499999962747097,0.03978327510050325,0.18651054799556732,0.2864556312561035,15.999999761581421,14.999999761581421,False,True
DDPG,2027,test_0003,very_long,SAC,5.313883504590224,531.3883504590225,0.03211694199990234,2,31.136214649671217,33.02086639404297,0.7928049263374032,32.2137451171875,34.24098205566406,,,0.2499999962747097,0.014971542296589393,0.22914209961891174,0.2714363932609558,15.999999761581421,14.999999761581421,False,True
DDPG,2027,test_0003,very_long,MADDPG,5.586482771688665,558.6482771688666,0.038199928999915755,8,26.17805912681684,32.060726165771484,0.4881375768034671,31.32443618774414,32.69234848022461,,,0.2500000111758709,0.01247391658479087,0.23888136446475983,0.27016884088516235,16.000000715255737,15.000000715255737,False,True
DDPG,2027,test_0003,very_long,AB-QMIX,5.524941404374887,552.4941404374887,0.02334074399993824,8,42.84353575030196,31.944612503051758,0.0,31.944612503051758,31.944612503051758,,,0.14798040688037872,0.0,0.14798040688037872,0.14798040688037872,9.470746040344238,8.470746040344238,False,True
DDPG,2027,test_0003,very_long,ABPO,18.879797263818816,1887.9797263818814,0.15842376599994168,320,6.31218424639879,8.4375,4.210060495408587,5.0,18.75,,,0.25,0.0,0.25,0.25,16.0,15.0,False,True
DDPG,2027,test_0004,short,PSO / Metaheuristic,13.858511750020066,1385.8511750020066,0.024234718999991856,12,41.26311512010253,23.536657333374023,5.924083998231791,13.702445983886719,28.562788009643555,,,0.2500000046566129,0.32817809171174267,0.05053367465734482,0.8182671070098877,5.0000000931322575,4.0000000931322575,False,True
DDPG,2027,test_0004,short,DDPG,12.092007137860826,1209.2007137860826,0.01805887000000439,2,55.374450339348854,31.802762031555176,1.005877095722081,30.345420837402344,33.15262222290039,,,0.2500000037252903,0.03729401553772641,0.22070986032485962,0.3128774166107178,5.000000074505806,4.000000074505806,False,True
DDPG,2027,test_0004,short,PPO,12.451270297349172,1245.1270297349172,0.015036700999985442,2,66.50394923733391,31.916292667388916,3.2090253121816645,29.27991485595703,37.196659088134766,,,0.2499999962747097,0.05699947242051486,0.18576666712760925,0.32322126626968384,4.999999925494194,3.999999925494194,False,True
DDPG,2027,test_0004,short,SAC,11.469058148916938,1146.9058148916938,0.02015570599996863,2,49.613742133446294,33.06353759765625,0.3477233601211538,32.68132019042969,33.4232292175293,,,0.25,0.016717106399233003,0.2285679280757904,0.2732080817222595,5.0,4.0,False,True
DDPG,2027,test_0004,short,MADDPG,11.573586214063614,1157.3586214063614,0.02404706200002238,8,41.585121708384555,33.13795185089111,0.5299625354090792,32.259403228759766,33.65106964111328,,,0.25,0.008308875816498565,0.23722919821739197,0.25997480750083923,5.0,4.0,False,True
DDPG,2027,test_0004,short,AB-QMIX,11.687558677335,1168.7558677335,0.010229303000073742,8,97.75837121970002,31.944612503051758,0.0,31.944612503051758,31.944612503051758,,,0.14798040688037872,0.0,0.14798040688037872,0.14798040688037872,2.9596081376075745,1.9596081376075745,False,True
DDPG,2027,test_0004,short,ABPO,15.59692924557462,1559.692924557462,0.051422692999949504,100,19.446667252549023,20.125,6.73609679265374,11.875,32.5,,,0.25,0.06324554943363885,0.15000000596046448,0.3499999940395355,5.0,4.0,False,True
DDPG,2027,test_0005,medium,PSO / Metaheuristic,4.1857188682779904,418.571886827799,0.02854590599997664,12,35.03129310384538,33.27222990989685,19.746027042714314,6.205183982849121,56.633785247802734,,,0.25000000186264515,0.13323119322320745,0.10715845972299576,0.46839675307273865,6.000000044703484,5.000000044703484,False,True
DDPG,2027,test_0005,medium,DDPG,3.4403958269952244,344.03958269952244,0.01913114299998142,2,52.27079218429192,32.052268981933594,1.317787699269321,30.780315399169922,34.023582458496094,,,0.2500000074505806,0.021847135309119744,0.23283377289772034,0.28750795125961304,6.000000178813934,5.000000178813934,False,True
DDPG,2027,test_0005,medium,PPO,3.732226815762599,373.2226815762599,0.015889816000026258,2,62.93339079561069,30.641623497009277,4.688077352940234,25.507095336914062,38.279083251953125,,,0.25,0.007413991052155181,0.23951509594917297,0.2574407756328583,6.0,5.0,False,True
DDPG,2027,test_0005,medium,SAC,3.3307551382744975,333.07551382744975,0.02117196199992577,2,47.23227823682595,32.92230415344238,0.9337764049001488,32.00181579589844,34.08045196533203,,,0.25,0.012479356329171097,0.23534177243709564,0.26730039715766907,6.0,5.0,False,True
DDPG,2027,test_0005,medium,MADDPG,3.3458010065062296,334.58010065062297,0.022513498999956028,8,44.41779574121078,32.80100679397583,1.2182519299291306,31.64124870300293,34.84183120727539,,,0.2500000149011612,0.015603916832682908,0.2327297031879425,0.2682332694530487,6.000000357627869,5.000000357627869,False,True
DDPG,2027,test_0005,medium,AB-QMIX,3.3976197869421667,339.7619786942167,0.011172873000077743,8,89.50249412062965,31.944612503051758,0.0,31.944612503051758,31.944612503051758,,,0.14798040688037872,0.0,0.14798040688037872,0.14798040688037872,3.5515297651290894,2.5515297651290894,False,True
DDPG,2027,test_0005,medium,ABPO,12.299575250283448,1229.957525028345,0.06302878899998632,120,15.865765721759576,13.020833333333334,6.170501341508285,5.0,18.75,,,0.25,0.0577350234776868,0.15000000596046448,0.3499999940395355,6.0,5.0,False,True
DDPG,2027,test_0006,long,PSO / Metaheuristic,8.847436360679437,884.7436360679437,0.10609701500004576,12,9.42533585887943,21.459619283676147,10.396252131436944,10.769158363342285,38.58332061767578,,,0.2499999925494194,0.12185383115150314,0.12308770418167114,0.4279820919036865,17.999999463558197,16.999999463558197,False,True
DDPG,2027,test_0006,long,DDPG,3.994542039550149,399.45420395501486,0.029985163999981523,2,33.34982593393907,31.964333534240723,2.317529324901925,29.58978843688965,35.59178924560547,,,0.25,0.02747093867652144,0.20494595170021057,0.27271535992622375,18.0,17.0,False,True
DDPG,2027,test_0006,long,PPO,4.218711864188816,421.8711864188817,0.03647455100008301,2,27.41637587252888,30.667081356048584,1.651814240116506,28.284517288208008,32.58137130737305,,,0.2500000037252903,0.013146557669364655,0.2351473867893219,0.2664392590522766,18.0000002682209,17.0000002682209,False,True
DDPG,2027,test_0006,long,SAC,3.859779402174757,385.9779402174757,0.043631322000010186,2,22.919314706984274,32.699538230895996,1.994153258169871,29.660144805908203,35.14149475097656,,,0.2499999962747097,0.04133947189667654,0.22009645402431488,0.3212060332298279,17.9999997317791,16.9999997317791,False,True
DDPG,2027,test_0006,long,MADDPG,3.9040592622642967,390.40592622642964,0.036027302999968924,8,27.756726613725778,32.39565658569336,1.7291195503535228,30.038055419921875,34.179962158203125,,,0.2500000074505806,0.010809644439310878,0.23429974913597107,0.2639257311820984,18.000000536441803,17.000000536441803,False,True
DDPG,2027,test_0006,long,AB-QMIX,3.9169898471740705,391.69898471740703,0.023264172000040162,8,42.98455152404623,31.944612503051758,0.0,31.944612503051758,31.944612503051758,,,0.14798040688037872,0.0,0.14798040688037872,0.14798040688037872,10.654589295387268,9.654589295387268,False,True
DDPG,2027,test_0006,long,ABPO,19.142124364030515,1914.2124364030517,0.16998963800006095,360,5.882711509742973,5.381944444444445,1.5747972875623009,5.0,11.875,,,0.25,0.04714044926931327,0.15000000596046448,0.3499999940395355,18.0,17.0,False,True
DDPG,2027,test_0007,very_long,PSO / Metaheuristic,12.87627541451761,1287.627541451761,0.06933361400001559,12,14.423018537585177,17.39667057991028,6.381861236683063,8.750160217285156,24.471975326538086,,,0.25000000186264515,0.10261726975712913,0.07629335671663284,0.33654704689979553,15.000000111758709,14.000000111758709,False,True
DDPG,2027,test_0007,very_long,DDPG,7.685501062471153,768.5501062471153,0.026894319999996696,2,37.18257237959996,32.03051567077637,0.7697678223823093,31.259763717651367,32.91425704956055,,,0.2500000037252903,0.010432376913309704,0.2348742038011551,0.2643548250198364,15.000000223517418,14.000000223517418,False,True
DDPG,2027,test_0007,very_long,PPO,7.840926412255664,784.0926412255664,0.025006716000007145,2,39.989257285911286,31.707244873046875,1.2687292140967292,29.856569290161133,33.34859848022461,,,0.2499999962747097,0.021862492127924477,0.23134581744670868,0.2849887013435364,14.999999776482582,13.999999776482582,False,True
DDPG,2027,test_0007,very_long,SAC,7.64154658938938,764.154658938938,0.03031419400008417,2,32.98784721102014,32.09942007064819,0.18616782351419553,31.79621696472168,32.280738830566406,,,0.2500000037252903,0.018696982511481035,0.2384902536869049,0.28237393498420715,15.000000223517418,14.000000223517418,False,True
DDPG,2027,test_0007,very_long,MADDPG,7.799650597835533,779.9650597835532,0.03211350499998389,8,31.139547053506046,31.757567882537842,0.956739899417522,30.521318435668945,33.14019775390625,,,0.25,0.012439016417517119,0.2365908920764923,0.2649012506008148,15.0,14.0,False,True
DDPG,2027,test_0007,very_long,AB-QMIX,7.566743891696737,756.6743891696736,0.021210088999964682,8,47.147374063431094,31.944612503051758,0.0,31.944612503051758,31.944612503051758,,,0.14798040688037872,0.0,0.14798040688037872,0.14798040688037872,8.878824412822723,7.878824412822723,False,True
DDPG,2027,test_0007,very_long,ABPO,17.855563586268484,1785.5563586268484,0.1437485620000416,300,6.956591329238553,12.333333333333334,6.383844627042721,5.0,18.75,,,0.25,0.04830458627478692,0.15000000596046448,0.3499999940395355,15.0,14.0,False,True
DDPG,2027,test_0008,short,PSO / Metaheuristic,4.406389079494562,440.6389079494562,0.2981886190000296,12,3.353582049353469,17.76018536090851,7.533404018463092,5.547699451446533,25.849552154541016,,,0.25000000558793545,0.10228014871954641,0.07309671491384506,0.31633228063583374,60.00000134110451,59.00000134110451,False,True
DDPG,2027,test_0008,short,DDPG,3.3704205783595875,337.04205783595876,0.06290054800001599,2,15.89811268416526,32.22733783721924,2.4311627062111536,30.106273651123047,36.207496643066406,,,0.2500000074505806,0.037252463548918334,0.19237641990184784,0.29518458247184753,60.00000178813934,59.00000178813934,False,True
DDPG,2027,test_0008,short,PPO,3.286122208983762,328.6122208983762,0.06392083499997625,2,15.644351329271146,33.056718826293945,0.44185187881219185,32.63062286376953,33.796714782714844,,,0.25,0.020045763079136695,0.22525611519813538,0.28011849522590637,60.0,59.0,False,True
DDPG,2027,test_0008,short,SAC,3.2400122694431,324.00122694431,0.07023901299999125,2,14.237102107344883,33.58327865600586,1.2472043414263416,32.760982513427734,35.74043273925781,,,0.2500000037252903,0.014157414326334366,0.2291039526462555,0.26835867762565613,60.00000089406967,59.00000089406967,False,True
DDPG,2027,test_0008,short,MADDPG,3.3602240502118943,336.02240502118946,0.07022366399996827,8,14.240213954094617,32.76940727233887,1.5255856936815428,31.557504653930664,35.31102752685547,,,0.2500000074505806,0.012122160424092018,0.2359313666820526,0.26645001769065857,60.00000178813934,59.00000178813934,False,True
DDPG,2027,test_0008,short,AB-QMIX,3.335840873326194,333.58408733261945,0.05825702899994667,8,17.165310644332987,31.944612503051758,0.0,31.944612503051758,31.944612503051758,,,0.14798040688037872,0.0,0.14798040688037872,0.14798040688037872,35.515297651290894,34.515297651290894,False,True
DDPG,2027,test_0008,short,ABPO,6.33292011587837,633.292011587837,0.5865358269999206,1200,1.7049256907543269,18.0625,2.996743023684213,5.0,18.75,,,0.25,0.06892023965248446,0.15000000596046448,0.3499999940395355,60.0,59.0,False,True
DDPG,2027,test_0009,medium,PSO / Metaheuristic,8.818762404042435,881.8762404042435,0.038003497999966385,12,26.31336725900559,26.106076955795288,15.457505416542286,11.505084991455078,48.266536712646484,,,0.25000000931322575,0.16233283683911154,0.12257734686136246,0.5287775993347168,8.000000298023224,7.000000298023224,False,True
DDPG,2027,test_0009,medium,DDPG,6.534807893421361,653.4807893421361,0.02136154299989812,2,46.8130977244841,31.129262924194336,2.1728476587091192,29.38670539855957,34.84115982055664,,,0.25,0.048140987912222696,0.21236932277679443,0.33258703351020813,8.0,7.0,False,True
DDPG,2027,test_0009,medium,PPO,6.392787625073802,639.2787625073802,0.018206191999979637,2,54.92636790829837,31.474663257598877,3.662076422323139,25.166433334350586,33.90260696411133,,,0.25,0.03667471407404232,0.2150336652994156,0.3116209805011749,8.0,7.0,False,True
DDPG,2027,test_0009,medium,SAC,6.145868178359419,614.5868178359419,0.023410603000002084,2,42.71568741736003,32.356210708618164,2.2982928792575543,29.470090866088867,35.76607894897461,,,0.25,0.012125707998272867,0.2364426702260971,0.2639678120613098,8.0,7.0,False,True
DDPG,2027,test_0009,medium,MADDPG,6.123699908599246,612.3699908599245,0.02476905200001056,8,40.37296219490248,32.3898983001709,0.701775630506191,31.635093688964844,33.385284423828125,,,0.2499999888241291,0.02680682357658814,0.21247443556785583,0.286482572555542,7.999999642372131,6.999999642372131,False,True
DDPG,2027,test_0009,medium,AB-QMIX,6.201901481764002,620.1901481764002,0.015209825999932036,8,65.74697172764951,31.944612503051758,0.0,31.944612503051758,31.944612503051758,,,0.14798040688037872,0.0,0.14798040688037872,0.14798040688037872,4.735373020172119,3.735373020172119,False,True
DDPG,2027,test_0009,medium,ABPO,15.50613217185202,1550.6132171852018,0.07890839599997435,160,12.672922663392184,16.171875,4.78479749930705,5.0,18.75,,,0.25,0.06614377883413809,0.15000000596046448,0.3499999940395355,8.0,7.0,False,True
DDPG,2028,test_0000,short,PSO / Metaheuristic,15.671424250331958,1567.1424250331957,0.02852448999999524,12,35.05759436891481,13.100042819976807,5.628535606533376,5.392341613769531,21.250539779663086,,,0.24999999441206455,0.15390464225959552,0.08360365778207779,0.45522934198379517,5.999999865889549,4.999999865889549,False,True
DDPG,2028,test_0000,short,DDPG,6.765002832571277,676.5002832571276,0.019151251000039338,2,52.21591007281696,32.629310131073,1.598623896117043,30.11672019958496,34.13859176635742,,,0.25,0.007752760901214192,0.23939234018325806,0.26107972860336304,6.0,5.0,False,True
DDPG,2028,test_0000,short,PPO,6.74369688793415,674.3696887934151,0.016113198999960332,2,62.06092284979921,32.7954306602478,2.9601013842594286,29.70026206970215,36.39798355102539,,,0.2499999962747097,0.014592952811293863,0.22518126666545868,0.2607191503047943,5.999999910593033,4.999999910593033,False,True
DDPG,2028,test_0000,short,SAC,6.400221712516299,640.0221712516299,0.0212178120000317,2,47.130213049229866,33.58841800689697,1.1421295186173699,32.14850616455078,34.96185302734375,,,0.25,0.012051106766463928,0.22996214032173157,0.2621092200279236,6.0,5.0,False,True
DDPG,2028,test_0000,short,MADDPG,6.66021339902683,666.021339902683,0.022935696999979882,8,43.6001574314867,32.85739707946777,0.924266924259942,31.318939208984375,33.589317321777344,,,0.25,0.004523136392700229,0.24386999011039734,0.25528207421302795,6.0,5.0,False,True
DDPG,2028,test_0000,short,AB-QMIX,6.879734389157541,687.9734389157541,0.011175214999980199,8,89.48373700208649,31.944612503051758,0.0,31.944612503051758,31.944612503051758,,,0.14798040688037872,0.0,0.14798040688037872,0.14798040688037872,3.5515297651290894,2.5515297651290894,False,True
DDPG,2028,test_0000,short,ABPO,16.95599630090297,1695.599630090297,0.06215992099998857,120,16.087536533390765,14.166666666666666,5.1243224484370185,5.0,18.75,,,0.25,0.0288675117388434,0.15000000596046448,0.3499999940395355,6.0,5.0,False,True
DDPG,2028,test_0001,medium,PSO / Metaheuristic,14.856449578302028,1485.6449578302029,0.03310074299997723,12,30.210802216756523,28.017251014709473,5.7294483203748205,18.995559692382812,34.2673225402832,,,0.24999999813735485,0.12355793158752311,0.12327411025762558,0.39552268385887146,6.999999947845936,5.999999947845936,False,True
DDPG,2028,test_0001,medium,DDPG,13.364451213353158,1336.4451213353157,0.020524225000031038,2,48.72291158367674,31.740299224853516,1.1193328071185193,30.167526245117188,33.24972915649414,,,0.25,0.03079791113221234,0.22586999833583832,0.3028947710990906,7.0,6.0,False,True
DDPG,2028,test_0001,medium,PPO,12.972630955819742,1297.2630955819743,0.017241369000089435,2,58.00003468371988,32.45585823059082,2.15932486947912,29.32244110107422,35.3896369934082,,,0.2500000074505806,0.02512202070401518,0.22081950306892395,0.28981947898864746,7.000000208616257,6.000000208616257,False,True
DDPG,2028,test_0001,medium,SAC,13.267767198221785,1326.7767198221786,0.022545960000002196,2,44.35384432509871,31.872031211853027,1.3907346290379559,30.239728927612305,34.03460693359375,,,0.25,0.015703352343092253,0.229573056101799,0.2733636796474457,7.0,6.0,False,True
DDPG,2028,test_0001,medium,MADDPG,13.39961836961476,1339.9618369614761,0.023941217000015058,8,41.76897105938144,31.789177417755127,1.4274936436979782,29.33553123474121,32.84248352050781,,,0.2500000037252903,0.010977179796730142,0.23697207868099213,0.26558589935302734,7.000000104308128,6.000000104308128,False,True
DDPG,2028,test_0001,medium,AB-QMIX,13.051294866284257,1305.1294866284256,0.01246429699995133,8,80.22915371832882,31.944612503051758,0.0,31.944612503051758,31.944612503051758,,,0.14798040688037872,0.0,0.14798040688037872,0.14798040688037872,4.143451392650604,3.1434513926506042,False,True
DDPG,2028,test_0001,medium,ABPO,19.167548764288647,1916.7548764288647,0.06941359000006742,140,14.406400821496609,16.785714285714285,4.8114977090383855,5.0,18.75,,,0.25,0.0,0.25,0.25,7.0,6.0,False,True
DDPG,2028,test_0002,long,PSO / Metaheuristic,9.075545474820158,907.5545474820159,0.054442864999941776,12,18.367879794736545,26.85185694694519,15.200217691610229,10.201870918273926,49.66241455078125,,,0.25000000186264515,0.11336610583042574,0.1061304584145546,0.4088345170021057,11.000000081956387,10.000000081956387,False,True
DDPG,2028,test_0002,long,DDPG,6.082604995711292,608.2604995711292,0.02429620700002033,2,41.15868785605766,31.85010051727295,0.5877853488291491,30.83985137939453,32.30413055419922,,,0.2500000037252903,0.033627981821202434,0.21125496923923492,0.29183274507522583,11.000000163912773,10.000000163912773,False,True
DDPG,2028,test_0002,long,PPO,6.511545933320885,651.1545933320886,0.027298165000047447,2,36.63249892431458,30.824140548706055,2.08611443247081,28.729938507080078,34.17845916748047,,,0.25,0.050390311796116395,0.1976601779460907,0.3306880295276642,11.0,10.0,False,True
DDPG,2028,test_0002,long,SAC,5.899527620737001,589.9527620737002,0.040636789000018325,2,24.608243530254054,32.584508419036865,1.4080793933377629,30.77838706970215,34.66693115234375,,,0.2500000037252903,0.016024991820613732,0.2255845069885254,0.2669597864151001,11.000000163912773,10.000000163912773,False,True
DDPG,2028,test_0002,long,MADDPG,5.799816383197264,579.9816383197264,0.02811738000002606,8,35.56519135136607,32.750300884246826,1.3495747339801698,30.864675521850586,34.191776275634766,,,0.2500000111758709,0.01052019539969338,0.23760578036308289,0.26531198620796204,11.00000049173832,10.00000049173832,False,True
DDPG,2028,test_0002,long,AB-QMIX,6.01617961988775,601.617961988775,0.01698885700000119,8,58.862111794803496,31.944612503051758,0.0,31.944612503051758,31.944612503051758,,,0.14798040688037872,0.0,0.14798040688037872,0.14798040688037872,6.511137902736664,5.511137902736664,False,True
DDPG,2028,test_0002,long,ABPO,17.963280500628375,1796.3280500628375,0.10733930399999281,220,9.31625194812207,11.25,3.5355339059327378,5.0,18.75,,,0.25,0.0707106739039699,0.15000000596046448,0.3499999940395355,11.0,10.0,False,True
DDPG,2028,test_0003,very_long,PSO / Metaheuristic,8.87797143074898,887.797143074898,0.05162639900004251,12,19.36993513723815,21.378045916557312,15.372321806074313,5.953126430511475,46.97926712036133,,,0.25000000186264515,0.14788098881935408,0.09160614013671875,0.4283512830734253,11.000000081956387,10.000000081956387,False,True
DDPG,2028,test_0003,very_long,DDPG,5.618047301406659,561.8047301406659,0.02382950699995945,2,41.964779212666954,31.630682945251465,1.7654778692010458,29.071687698364258,33.98377990722656,,,0.25,0.027118702755666017,0.20576593279838562,0.27577874064445496,11.0,10.0,False,True
DDPG,2028,test_0003,very_long,PPO,5.916220728206528,591.6220728206529,0.021522909000054824,2,46.46212089627163,31.00300645828247,3.8142913426030125,26.886962890625,37.21208953857422,,,0.2499999925494194,0.012939451956799049,0.22944693267345428,0.26389840245246887,10.999999672174454,9.999999672174454,False,True
DDPG,2028,test_0003,very_long,SAC,5.3664673123256215,536.6467312325622,0.030381435000094825,2,32.914837630180365,32.55467367172241,0.8264675822505285,31.81832504272461,33.91623306274414,,,0.2499999962747097,0.02790181882585949,0.21910113096237183,0.2952999174594879,10.999999836087227,9.999999836087227,False,True
DDPG,2028,test_0003,very_long,MADDPG,5.670033231873958,567.0033231873958,0.029920798000034665,8,33.42156850224521,31.495347023010254,1.4486579725511597,29.80196189880371,33.720069885253906,,,0.2499999962747097,0.010522194682438172,0.23780623078346252,0.2609245777130127,10.999999836087227,9.999999836087227,False,True
DDPG,2028,test_0003,very_long,AB-QMIX,5.429344593915666,542.9344593915666,0.016791516000012052,8,59.55388423530563,31.944612503051758,0.0,31.944612503051758,31.944612503051758,,,0.14798040688037872,0.0,0.14798040688037872,0.14798040688037872,6.511137902736664,5.511137902736664,False,True
DDPG,2028,test_0003,very_long,ABPO,16.536325282595627,1653.6325282595628,0.10592136600007507,220,9.440965857627736,11.25,6.187184335382291,5.0,18.75,,,0.25,0.030151132660628705,0.15000000596046448,0.3499999940395355,11.0,10.0,False,True
DDPG,2028,test_0004,short,PSO / Metaheuristic,12.731671237292966,1273.1671237292967,0.03088703000003079,12,32.37604910536892,24.771589756011963,14.864126098991857,10.806764602661133,49.777587890625,,,0.25,0.1103542794974127,0.11469525098800659,0.3756551444530487,6.0,5.0,False,True
DDPG,2028,test_0004,short,DDPG,10.707101077833046,1070.7101077833047,0.019212265000078332,2,52.05008363125965,31.70154333114624,0.6125648054764377,30.68787384033203,32.30110168457031,,,0.2500000037252903,0.03322609186881103,0.21333135664463043,0.28363630175590515,6.000000089406967,5.000000089406967,False,True
DDPG,2028,test_0004,short,PPO,10.424125943171324,1042.4125943171325,0.01726028900009169,2,57.9364574946971,31.18523645401001,3.9307203915981352,28.355785369873047,37.905426025390625,,,0.2500000037252903,0.041677397837042454,0.2005925476551056,0.3141358196735382,6.000000089406967,5.000000089406967,False,True
DDPG,2028,test_0004,short,SAC,10.975995090060964,1097.5995090060965,0.021960829000022386,2,45.53562162880922,30.891170024871826,0.33623625603349544,30.46343231201172,31.27764129638672,,,0.2500000037252903,0.025951245367825178,0.22450554370880127,0.2920621931552887,6.000000089406967,5.000000089406967,False,True
DDPG,2028,test_0004,short,MADDPG,11.044103225592487,1104.4103225592487,0.023086403999968752,8,43.31553757793347,30.84961748123169,1.1733278828727909,29.77433967590332,32.81103515625,,,0.2499999962747097,0.005611960375078152,0.24223871529102325,0.2580133378505707,5.999999910593033,4.999999910593033,False,True
DDPG,2028,test_0004,short,AB-QMIX,10.369658263949653,1036.9658263949652,0.011232684999981757,8,89.02590965576121,31.944612503051758,0.0,31.944612503051758,31.944612503051758,,,0.14798040688037872,0.0,0.14798040688037872,0.14798040688037872,3.5515297651290894,2.5515297651290894,False,True
DDPG,2028,test_0004,short,ABPO,15.830150203955014,1583.0150203955013,0.06167947799997364,120,16.212847975147056,16.458333333333332,3.2409060804383425,11.875,18.75,,,0.25,0.06454971858932701,0.15000000596046448,0.3499999940395355,6.0,5.0,False,True
DDPG,2028,test_0005,medium,PSO / Metaheuristic,7.187869985603503,718.7869985603503,0.03310382900008335,12,30.207985909952654,23.17418646812439,17.243856884191892,12.354615211486816,53.01505661010742,,,0.2499999925494194,0.25566472957649,0.059713393449783325,0.6879738569259644,6.999999791383743,5.999999791383743,False,True
DDPG,2028,test_0005,medium,DDPG,3.31502971583707,331.50297158370705,0.020322920000012346,2,49.2055275521132,30.335190296173096,3.600507983098626,26.87525177001953,36.23594284057617,,,0.2500000037252903,0.03566459051558381,0.19228823482990265,0.2878158986568451,7.000000104308128,6.000000104308128,False,True
DDPG,2028,test_0005,medium,PPO,3.3542717689397166,335.4271768939717,0.017397769000012886,2,57.478634185754466,30.14385461807251,2.4450653636875272,28.04689598083496,34.30975341796875,,,0.25,0.018326135621562396,0.22694437205791473,0.27204540371894836,7.0,6.0,False,True
DDPG,2028,test_0005,medium,SAC,3.0226913687144688,302.26913687144685,0.02301218599995991,2,43.45523715138327,32.81786108016968,1.3359127263170711,30.760011672973633,34.312374114990234,,,0.25,0.0031456123979153616,0.24557670950889587,0.25442904233932495,7.0,6.0,False,True
DDPG,2028,test_0005,medium,MADDPG,2.9292166332726395,292.92166332726396,0.025912120999919352,8,38.59197786252667,33.81871843338013,1.469589888125633,31.42734718322754,35.29638671875,,,0.2500000037252903,0.007172700098257942,0.23770175874233246,0.25512802600860596,7.000000104308128,6.000000104308128,False,True
DDPG,2028,test_0005,medium,AB-QMIX,3.0728987743793814,307.2898774379382,0.01469816900009846,8,68.03568526074923,31.944612503051758,0.0,31.944612503051758,31.944612503051758,,,0.14798040688037872,0.0,0.14798040688037872,0.14798040688037872,4.143451392650604,3.1434513926506042,False,True
DDPG,2028,test_0005,medium,ABPO,16.42844783820318,1642.844783820318,0.07670133999999962,140,13.03758187275483,6.964285714285714,4.8114977090383855,5.0,18.75,,,0.25,0.026726122598241298,0.15000000596046448,0.3499999940395355,7.0,6.0,False,True
DDPG,2028,test_0006,long,PSO / Metaheuristic,6.20220538939147,620.220538939147,0.06928035299995372,12,14.434106592971142,24.68957543373108,17.350170322410825,6.640681266784668,42.18241882324219,,,0.25,0.051447295325138774,0.16589882969856262,0.3056126832962036,10.0,9.0,False,True
DDPG,2028,test_0006,long,DDPG,3.2723876851198765,327.23876851198764,0.023260664999952496,2,42.99103228570818,32.98844242095947,1.0862478440090155,31.63089370727539,34.23808288574219,,,0.2499999962747097,0.01784456907205957,0.22904491424560547,0.27730295062065125,9.999999850988388,8.999999850988388,False,True
DDPG,2028,test_0006,long,PPO,3.452199670626144,345.21996706261444,0.020399091000058434,2,49.02179219638441,31.842971324920654,2.7727191607494635,28.316177368164062,36.090843200683594,,,0.2500000037252903,0.01869995586697969,0.22822515666484833,0.2705586850643158,10.000000149011612,9.000000149011612,False,True
DDPG,2028,test_0006,long,SAC,3.2298725056885003,322.98725056885,0.025555591000056666,2,39.130380510385486,33.37318229675293,1.0419776670953231,31.89722442626953,34.498863220214844,,,0.25,0.016337548120583047,0.2273368239402771,0.27174192667007446,10.0,9.0,False,True
DDPG,2028,test_0006,long,MADDPG,3.2736312198212745,327.36312198212744,0.027186948999997185,8,36.78235465112704,32.97864532470703,0.6331276950341734,32.14210510253906,33.92599105834961,,,0.2500000186264515,0.014367112187594757,0.2330845594406128,0.2663307785987854,10.00000074505806,9.00000074505806,False,True
DDPG,2028,test_0006,long,AB-QMIX,3.3532361989431196,335.32361989431195,0.015173430000004373,8,65.90467679356031,31.944612503051758,0.0,31.944612503051758,31.944612503051758,,,0.14798040688037872,0.0,0.14798040688037872,0.14798040688037872,5.919216275215149,4.919216275215149,False,True
DDPG,2028,test_0006,long,ABPO,16.076729840104125,1607.6729840104124,0.09676940899998954,200,10.333844242038392,7.75,5.5,5.0,18.75,,,0.25,0.038729831153596204,0.15000000596046448,0.3499999940395355,10.0,9.0,False,True
DDPG,2028,test_0007,very_long,PSO / Metaheuristic,8.47252750159014,847.252750159014,0.05870062600001802,12,17.03559345346152,26.910762667655945,11.548175228429553,7.944858074188232,37.52198791503906,,,0.2500000037252903,0.1720258660897199,0.10510645061731339,0.5310482978820801,12.000000178813934,11.000000178813934,False,True
DDPG,2028,test_0007,very_long,DDPG,6.76146710489196,676.1467104891959,0.024424375999956283,2,40.942704124837825,33.90681505203247,1.6470137031916867,31.41917610168457,36.04607391357422,,,0.2500000037252903,0.0286000008564719,0.21085193753242493,0.2813678979873657,12.000000178813934,11.000000178813934,False,True
DDPG,2028,test_0007,very_long,PPO,7.3247000798767194,732.4700079876719,0.02257494200000565,2,44.29690229103356,31.840538501739502,1.1080790287591176,30.012907028198242,32.88521194458008,,,0.2500000037252903,0.020981265915270785,0.22098542749881744,0.2729134261608124,12.000000178813934,11.000000178813934,False,True
DDPG,2028,test_0007,very_long,SAC,7.118056627043035,711.8056627043035,0.027635289999921042,2,36.18561628999939,32.865670680999756,1.6566437358400596,30.2943172454834,34.567955017089844,,,0.2499999962747097,0.024286169814144217,0.2183016538619995,0.27913084626197815,11.999999821186066,10.999999821186066,False,True
DDPG,2028,test_0007,very_long,MADDPG,7.355395105484384,735.5395105484383,0.032639281000001574,8,30.637929799984008,31.83850908279419,1.221443779982579,30.45699119567871,33.78411102294922,,,0.2500000037252903,0.016098765944623013,0.22465083003044128,0.2639258801937103,12.000000178813934,11.000000178813934,False,True
DDPG,2028,test_0007,very_long,AB-QMIX,7.140664312575772,714.0664312575772,0.02230853699995805,8,44.82588885151368,31.944612503051758,0.0,31.944612503051758,31.944612503051758,,,0.14798040688037872,0.0,0.14798040688037872,0.14798040688037872,7.103059530258179,6.103059530258179,False,True
DDPG,2028,test_0007,very_long,ABPO,17.063419490636537,1706.3419490636536,0.12511687799997162,240,7.99252679562726,10.729166666666666,6.170501341508285,5.0,18.75,,,0.25,0.06454971858932701,0.15000000596046448,0.3499999940395355,12.0,11.0,False,True
DDPG,2028,test_0008,short,PSO / Metaheuristic,8.514821899476873,851.4821899476873,0.03289259799998945,12,30.401976760860325,18.15836238861084,4.87894260067717,10.686105728149414,24.294931411743164,,,0.25,0.092413126446986,0.15292777121067047,0.349750816822052,7.0,6.0,False,True
DDPG,2028,test_0008,short,DDPG,3.3638494427146592,336.3849442714659,0.02072951499997089,2,48.24039539764458,31.81914710998535,1.0590539089246613,30.64803695678711,32.91139221191406,,,0.25,0.013297117072768082,0.22709131240844727,0.25964945554733276,7.0,6.0,False,True
DDPG,2028,test_0008,short,PPO,3.4352335304759736,343.52335304759737,0.01690429799998583,2,59.15655296663832,31.993832111358643,3.979504745646414,27.126392364501953,37.7635612487793,,,0.2500000037252903,0.03922160113668716,0.2066711187362671,0.3134339153766632,7.000000104308128,6.000000104308128,False,True
DDPG,2028,test_0008,short,SAC,3.35613874759294,335.61387475929405,0.0218648629999052,2,45.73547979716753,31.882298946380615,0.9314306807397852,30.754222869873047,33.03090286254883,,,0.25,0.012027754308466988,0.23683595657348633,0.2635405957698822,7.0,6.0,False,True
DDPG,2028,test_0008,short,MADDPG,3.2016489845767633,320.1648984576764,0.02342108699997425,8,42.69656655991669,33.19530200958252,1.3274565814910604,31.376453399658203,35.12710189819336,,,0.2500000223517418,0.024764674716649705,0.2108573615550995,0.27901968359947205,7.00000062584877,6.00000062584877,False,True
DDPG,2028,test_0008,short,AB-QMIX,3.307355323322761,330.7355323322761,0.011980013999959738,8,83.47235654343649,31.944612503051758,0.0,31.944612503051758,31.944612503051758,,,0.14798040688037872,0.0,0.14798040688037872,0.14798040688037872,4.143451392650604,3.1434513926506042,False,True
DDPG,2028,test_0008,short,ABPO,17.763039878035542,1776.3039878035543,0.07630246700000498,140,13.105736148739918,5.982142857142857,2.405748854519193,5.0,11.875,,,0.25,0.026726122598241298,0.15000000596046448,0.3499999940395355,7.0,6.0,False,True
DDPG,2028,test_0009,medium,PSO / Metaheuristic,12.81486347961663,1281.4863479616631,0.04303378299994165,12,23.237557339575652,17.31867027282715,3.445447981418122,13.6731538772583,22.005544662475586,,,0.24999999068677425,0.19397770802652997,0.05653928220272064,0.510901927947998,8.999999664723873,7.999999664723873,False,True
DDPG,2028,test_0009,medium,DDPG,5.57508973548123,557.508973548123,0.023136098000009042,2,43.2225001813015,31.306945323944092,1.443889488064111,29.12065887451172,33.18034362792969,,,0.2500000037252903,0.02175957460501926,0.23292924463748932,0.2873651385307312,9.00000013411045,8.00000013411045,False,True
DDPG,2028,test_0009,medium,PPO,5.149769414797381,514.9769414797381,0.019540498000083062,2,51.17576839626857,33.063119888305664,2.1643756009414004,29.430282592773438,35.0527229309082,,,0.2499999962747097,0.04204126925752628,0.2078079879283905,0.2975286543369293,8.99999986588955,7.999999865889549,False,True
DDPG,2028,test_0009,medium,SAC,5.577177645221509,557.7177645221509,0.024348078000002715,2,41.071003633218545,31.296286582946777,1.0258642792663426,29.725908279418945,32.51183319091797,,,0.2500000037252903,0.011900402647878663,0.2373865842819214,0.26889705657958984,9.00000013411045,8.00000013411045,False,True
DDPG,2028,test_0009,medium,MADDPG,5.315966018526155,531.5966018526155,0.02956116099994688,8,33.828170686590994,32.39714479446411,0.7673555038063291,31.390491485595703,33.30744934082031,,,0.2499999962747097,0.01039243745097025,0.23780669271945953,0.26645195484161377,8.99999986588955,7.999999865889549,False,True
DDPG,2028,test_0009,medium,AB-QMIX,5.351344863115994,535.1344863115994,0.030918866999968486,8,32.34271165243601,31.944612503051758,0.0,31.944612503051758,31.944612503051758,,,0.14798040688037872,0.0,0.14798040688037872,0.14798040688037872,5.327294647693634,4.327294647693634,False,True
DDPG,2028,test_0009,medium,ABPO,17.658949909241034,1765.8949909241035,0.09077270099999168,180,11.016527975741205,8.819444444444445,4.70892736337908,5.0,18.75,,,0.25,0.0577350234776868,0.15000000596046448,0.3499999940395355,9.0,8.0,False,True
TD3,2026,test_0000,short,PSO / Metaheuristic,11.249612599615393,1124.9612599615393,0.01971834599999056,12,50.714192762439545,21.754722356796265,10.711433781748273,12.282073020935059,39.92277908325195,,,0.25000000186264515,0.31321929110204433,0.05697359889745712,0.792351484298706,4.000000029802322,3.0000000298023224,False,True
TD3,2026,test_0000,short,DDPG,7.001050940736386,700.1050940736386,0.017288643999904707,2,57.84143626333632,32.771695613861084,0.6826816906297575,31.69365119934082,33.42546081542969,,,0.25,0.018477583810820476,0.22789599001407623,0.27688056230545044,4.0,3.0,False,True
TD3,2026,test_0000,short,PPO,6.9812338942985335,698.1233894298533,0.013850133000005371,2,72.20147272229171,32.89411401748657,1.56660677684523,30.485898971557617,34.86165237426758,,,0.25,0.03084097697796454,0.2074248194694519,0.2946051061153412,4.0,3.0,False,True
TD3,2026,test_0000,short,SAC,6.852307301462055,685.2307301462056,0.019092875000069398,2,52.375558945227745,33.13746356964111,0.473724615105942,32.5797233581543,33.89076232910156,,,0.25,0.021569204196095496,0.21527427434921265,0.27364036440849304,4.0,3.0,False,True
TD3,2026,test_0000,short,MADDPG,6.872698279881588,687.2698279881588,0.020292002000019238,8,49.28049977518492,33.04176998138428,1.2032436750459317,31.771757125854492,34.38286209106445,,,0.25,0.013024549100743495,0.2410910576581955,0.27242615818977356,4.0,3.0,False,True
TD3,2026,test_0000,short,AB-QMIX,7.204467165972095,720.4467165972095,0.009056624000095326,8,110.41642006883299,31.944612503051758,0.0,31.944612503051758,31.944612503051758,,,0.14798040688037872,0.0,0.14798040688037872,0.14798040688037872,2.3676865100860596,1.3676865100860596,False,True
TD3,2026,test_0000,short,ABPO,17.096738016350244,1709.6738016350243,0.04536601899997095,80,22.042930414516654,13.59375,5.700448858423344,5.0,18.75,,,0.25,0.03535533695198495,0.15000000596046448,0.3499999940395355,4.0,3.0,False,True
TD3,2026,test_0001,medium,PSO / Metaheuristic,15.11321712199347,1511.321712199347,0.02848001999996086,12,35.112334893071505,22.856554985046387,7.500563515849654,13.821353912353516,32.61389923095703,,,0.2500000037252903,0.06253120992415225,0.16167180240154266,0.3259107768535614,6.000000089406967,5.000000089406967,False,True
TD3,2026,test_0001,medium,DDPG,11.01157359379186,1101.1573593791861,0.019016722000060327,2,52.58529834935946,32.89968538284302,1.6962117220108262,30.346193313598633,34.9482421875,,,0.2499999925494194,0.019223264105508807,0.21880444884300232,0.26879894733428955,5.999999821186066,4.999999821186066,False,True
TD3,2026,test_0001,medium,PPO,11.885184454278694,1188.5184454278692,0.015783157999976538,2,63.358676381588936,31.290037155151367,1.0440833056210492,30.246540069580078,32.83591842651367,,,0.2500000037252903,0.025998151479835335,0.21751220524311066,0.2902257740497589,6.000000089406967,5.000000089406967,False,True
TD3,2026,test_0001,medium,SAC,11.289982192284674,1128.9982192284674,0.02066868399992927,2,48.38237403036507,32.56705284118652,0.2636862478613299,32.174476623535156,32.88580322265625,,,0.2500000037252903,0.017415470200064165,0.22931089997291565,0.2767111659049988,6.000000089406967,5.000000089406967,False,True
TD3,2026,test_0001,medium,MADDPG,11.454525176964625,1145.4525176964623,0.02186409899991304,8,45.73707793785499,32.245781898498535,0.12795721870913143,32.048004150390625,32.36773681640625,,,0.2500000260770321,0.012571693700349731,0.24228541553020477,0.27175500988960266,6.00000062584877,5.00000062584877,False,True
TD3,2026,test_0001,medium,AB-QMIX,11.373686815658045,1137.3686815658045,0.010793391999982305,8,92.64928022642367,31.944612503051758,0.0,31.944612503051758,31.944612503051758,,,0.14798040688037872,0.0,0.14798040688037872,0.14798040688037872,3.5515297651290894,2.5515297651290894,False,True
TD3,2026,test_0001,medium,ABPO,17.840326983081766,1784.0326983081766,0.060127274000024045,120,16.631387612875983,16.458333333333332,5.124322448437018,5.0,18.75,,,0.25,0.0577350234776868,0.15000000596046448,0.3499999940395355,6.0,5.0,False,True
TD3,2026,test_0002,long,PSO / Metaheuristic,11.913384024486408,1191.3384024486409,0.0420124099999839,12,23.80249074024516,21.569433212280273,5.197354087758632,16.941360473632812,30.27364730834961,,,0.2500000037252903,0.2097295755276432,0.07982498407363892,0.6052707433700562,9.00000013411045,8.00000013411045,False,True
TD3,2026,test_0002,long,DDPG,8.926746548148419,892.6746548148419,0.021541227999932744,2,46.422608776209145,31.426819801330566,1.7749525614175654,30.14858627319336,34.47913360595703,,,0.25,0.03747376772246757,0.20357291400432587,0.3076421618461609,9.0,8.0,False,True
TD3,2026,test_0002,long,PPO,9.097284753799196,909.7284753799195,0.01877026800002568,2,53.27574438461038,30.958757400512695,1.1611849675805501,29.224205017089844,32.08693313598633,,,0.25,0.016844759460075,0.2324303835630417,0.2778170108795166,9.0,8.0,False,True
TD3,2026,test_0002,long,SAC,8.409996645988791,840.9996645988791,0.023912490000043363,2,41.81914974133545,32.647408962249756,1.409705091319287,31.074758529663086,34.65431594848633,,,0.2499999925494194,0.015166841734585487,0.23305003345012665,0.26697012782096863,8.999999731779099,7.9999997317790985,False,True
TD3,2026,test_0002,long,MADDPG,8.700263815109103,870.0263815109104,0.025577276000035454,8,39.09720487821353,31.44944429397583,1.2843415499208592,29.919540405273438,33.260711669921875,,,0.25,0.011282459453453615,0.23738476634025574,0.26799869537353516,9.0,8.0,False,True
TD3,2026,test_0002,long,AB-QMIX,8.375057846674414,837.5057846674414,0.01395084399996449,8,71.68025103015597,31.944612503051758,0.0,31.944612503051758,31.944612503051758,,,0.14798040688037872,0.0,0.14798040688037872,0.14798040688037872,5.327294647693634,4.327294647693634,False,True
TD3,2026,test_0002,long,ABPO,15.609140926673895,1560.9140926673895,0.08799016000000393,180,11.364907166891792,17.22222222222222,4.321208107251123,5.0,18.75,,,0.25,0.06666666269302368,0.15000000596046448,0.3499999940395355,9.0,8.0,False,True
TD3,2026,test_0003,very_long,PSO / Metaheuristic,10.82705752408484,1082.705752408484,0.06642408800007615,12,15.054779525145358,19.957764863967896,11.007634947209674,10.3344144821167,38.67189407348633,,,0.2499999962747097,0.18308935062250076,0.10012304782867432,0.5619706511497498,12.999999806284904,11.999999806284904,False,True
TD3,2026,test_0003,very_long,DDPG,5.363860598020793,536.3860598020792,0.02597628299997723,2,38.496654813965364,33.305527687072754,1.543006125157077,30.914691925048828,35.13080978393555,,,0.2500000037252903,0.026947495652351116,0.222624734044075,0.28703656792640686,13.000000193715096,12.000000193715096,False,True
TD3,2026,test_0003,very_long,PPO,6.059260811493504,605.9260811493504,0.02394726299996819,2,41.758425587146576,31.18077850341797,2.030288713188028,28.320812225341797,33.11220932006836,,,0.2499999962747097,0.02432347221358449,0.21531249582767487,0.28213033080101013,12.999999806284904,11.999999806284904,False,True
TD3,2026,test_0003,very_long,SAC,5.2960809354404,529.60809354404,0.028722434999963298,2,34.815989661088196,33.503052711486816,1.7712891091548446,31.703895568847656,36.12443923950195,,,0.2499999962747097,0.023280068514126867,0.21710555255413055,0.2737906575202942,12.999999806284904,11.999999806284904,False,True
TD3,2026,test_0003,very_long,MADDPG,5.23872088104991,523.872088104991,0.030837288000043372,8,32.42827319959503,33.80686283111572,0.6120177900353485,33.083587646484375,34.738380432128906,,,0.2500000111758709,0.015044476943035743,0.23226632177829742,0.2713865339756012,13.000000581145287,12.000000581145287,False,True
TD3,2026,test_0003,very_long,AB-QMIX,5.631603765117704,563.1603765117704,0.018615694999994048,8,53.71811259264399,31.944612503051758,0.0,31.944612503051758,31.944612503051758,,,0.14798040688037872,0.0,0.14798040688037872,0.14798040688037872,7.694981157779694,6.694981157779694,False,True
TD3,2026,test_0003,very_long,ABPO,17.056998641841076,1705.6998641841076,0.14318868800000928,260,6.983791904008054,10.817307692307692,6.520053272371033,5.0,18.75,,,0.25,0.019611612344875146,0.15000000596046448,0.3499999940395355,13.0,12.0,False,True
TD3,2026,test_0004,short,PSO / Metaheuristic,16.437477923516713,1643.7477923516713,0.03308531900006528,12,30.224886149594834,24.87014079093933,9.27678903995074,14.477938652038574,39.22614669799805,,,0.2500000037252903,0.10870884770420343,0.1145978718996048,0.405396431684494,7.000000104308128,6.000000104308128,False,True
TD3,2026,test_0004,short,DDPG,14.072665129686158,1407.2665129686159,0.02001261699990664,2,49.968477386274124,31.972217559814453,0.5214122529758958,31.325695037841797,32.518699645996094,,,0.2500000037252903,0.027106432153638716,0.21060174703598022,0.27825844287872314,7.000000104308128,6.000000104308128,False,True
TD3,2026,test_0004,short,PPO,14.50240264062549,1450.2402640625492,0.017489802000000054,2,57.17617615110777,30.756099224090576,1.1698939302736144,28.995159149169922,32.24219512939453,,,0.2499999962747097,0.025533820167557352,0.22061996161937714,0.28881311416625977,6.999999895691872,5.999999895691872,False,True
TD3,2026,test_0004,short,SAC,14.080101402313288,1408.0101402313287,0.022408116000065093,2,44.62668793740157,31.69864797592163,0.40210374661401793,31.11225128173828,32.12727737426758,,,0.25,0.018925997001915735,0.2186601459980011,0.26741674542427063,7.0,6.0,False,True
TD3,2026,test_0004,short,MADDPG,13.827820164165164,1382.7820164165164,0.02659061599990764,8,37.60725212245829,32.1536340713501,1.255450864243313,30.36604881286621,33.809234619140625,,,0.25,0.01359110556454521,0.2394254505634308,0.27301284670829773,7.0,6.0,False,True
TD3,2026,test_0004,short,AB-QMIX,13.752564865905859,1375.2564865905858,0.011809811000034642,8,84.67536017274676,31.944612503051758,0.0,31.944612503051758,31.944612503051758,,,0.14798040688037872,0.0,0.14798040688037872,0.14798040688037872,4.143451392650604,3.1434513926506042,False,True
TD3,2026,test_0004,short,ABPO,19.294966309125535,1929.4966309125537,0.06873237599995718,140,14.549184215610747,15.803571428571429,3.4022426577245803,11.875,18.75,,,0.25,0.0707106739039699,0.15000000596046448,0.3499999940395355,7.0,6.0,False,True
TD3,2026,test_0005,medium,PSO / Metaheuristic,6.4789803449949055,647.8980344994904,0.0374724690000221,12,26.686258650301642,20.207140922546387,5.493586149489784,14.097164154052734,29.11992073059082,,,0.2500000009313226,0.2193314747093811,0.05862897261977196,0.608139157295227,8.000000029802322,7.000000029802322,False,True
TD3,2026,test_0005,medium,DDPG,3.623350698344642,362.3350698344642,0.021400917000050868,2,46.7269696900195,30.550312042236328,1.622747463675668,29.195913314819336,33.31827926635742,,,0.2499999925494194,0.013690194098141093,0.22683390974998474,0.26242178678512573,7.999999761581421,6.999999761581421,False,True
TD3,2026,test_0005,medium,PPO,3.133194291819633,313.31942918196324,0.01860070200007158,2,53.76141180027248,34.82772350311279,1.9553005615741759,31.528900146484375,36.476749420166016,,,0.25,0.03610767427916529,0.22156721353530884,0.3116815686225891,8.0,7.0,False,True
TD3,2026,test_0005,medium,SAC,3.476209737785126,347.6209737785126,0.024865010999974402,2,40.21715494117535,31.484495639801025,0.4359407404290835,31.070613861083984,32.217857360839844,,,0.2499999925494194,0.011242852690328764,0.23326519131660461,0.2649085521697998,7.999999761581421,6.999999761581421,False,True
TD3,2026,test_0005,medium,MADDPG,3.389779994181354,338.9779994181354,0.025014586999986932,8,39.97667441003613,32.34012842178345,2.0959644633826544,29.20282554626465,35.10363006591797,,,0.2500000111758709,0.0280216354858558,0.21616819500923157,0.2939296364784241,8.000000357627869,7.000000357627869,False,True
TD3,2026,test_0005,medium,AB-QMIX,3.3767251219377297,337.67251219377295,0.012901395999961096,8,77.51099183398567,31.944612503051758,0.0,31.944612503051758,31.944612503051758,,,0.14798040688037872,0.0,0.14798040688037872,0.14798040688037872,4.735373020172119,3.735373020172119,False,True
TD3,2026,test_0005,medium,ABPO,18.558057606270026,1855.8057606270027,0.07740087300010146,160,12.919750918037956,5.0,0.0,5.0,5.0,,,0.25,0.0559016961054938,0.15000000596046448,0.3499999940395355,8.0,7.0,False,True
TD3,2026,test_0006,long,PSO / Metaheuristic,6.253960355577224,625.3960355577224,0.054751058999954694,12,18.2644869024511,20.36170983314514,9.421892287232101,5.799057960510254,30.20545196533203,,,0.2500000037252903,0.32881646995048663,0.050073761492967606,0.8192787170410156,12.000000178813934,11.000000178813934,False,True
TD3,2026,test_0006,long,DDPG,3.7661029504665993,376.6102950466599,0.02423004599995693,2,41.2710731131826,28.38752031326294,1.5000951821589499,26.522640228271484,30.321504592895508,,,0.25,0.03789654599172747,0.21220901608467102,0.2941620945930481,12.0,11.0,False,True
TD3,2026,test_0006,long,PPO,3.337544337121091,333.75443371210906,0.021944257999962247,2,45.57000742525541,31.77575159072876,2.173808566626421,29.586091995239258,35.25457000732422,,,0.25,0.01979578058978138,0.21769052743911743,0.2702704668045044,12.0,11.0,False,True
TD3,2026,test_0006,long,SAC,3.240347840917506,324.0347840917506,0.02708607399995344,2,36.91934091303594,32.357380390167236,0.941661149745087,31.079179763793945,33.53189468383789,,,0.2500000037252903,0.012211076485951534,0.2373022884130478,0.2675389051437378,12.000000178813934,11.000000178813934,False,True
TD3,2026,test_0006,long,MADDPG,3.2905492090334527,329.0549209033453,0.030356062000009842,8,32.94234937323806,31.832464694976807,0.8564559447155673,31.19057846069336,33.306884765625,,,0.2500000037252903,0.012186250705746434,0.23414376378059387,0.26480817794799805,12.000000178813934,11.000000178813934,False,True
TD3,2026,test_0006,long,AB-QMIX,3.239349551724692,323.9349551724692,0.017375761999915085,8,57.55143285254983,31.944612503051758,0.0,31.944612503051758,31.944612503051758,,,0.14798040688037872,0.0,0.14798040688037872,0.14798040688037872,7.103059530258179,6.103059530258179,False,True
TD3,2026,test_0006,long,ABPO,17.80696319433794,1780.696319433794,0.11677158600002713,240,8.563727138207815,6.145833333333333,3.8002992389488957,5.0,18.75,,,0.25,0.03535533695198495,0.15000000596046448,0.3499999940395355,12.0,11.0,False,True
TD3,2026,test_0007,very_long,PSO / Metaheuristic,13.225834912151676,1322.5834912151674,0.08676657700004853,12,11.525175183520732,21.90073847770691,9.659817181443143,10.798834800720215,35.39094161987305,,,0.24999999813735485,0.30749023562683986,0.05085552856326103,0.7809173464775085,16.99999987334013,15.99999987334013,False,True
TD3,2026,test_0007,very_long,DDPG,9.801106536503843,980.1106536503843,0.037888662000000295,2,26.39311992595548,32.23959922790527,0.9078542091928739,31.325653076171875,33.74047088623047,,,0.25,0.009507218803895566,0.23485016822814941,0.2611311674118042,17.0,16.0,False,True
TD3,2026,test_0007,very_long,PPO,9.594988970865726,959.4988970865727,0.027405397999928027,2,36.489161733853535,33.05886697769165,2.7118781091722286,29.714614868164062,37.05519485473633,,,0.25,0.015931215880425734,0.2296367734670639,0.26934245228767395,17.0,16.0,False,True
TD3,2026,test_0007,very_long,SAC,9.65406260727285,965.406260727285,0.03272718900007021,2,30.555633726986287,32.753403663635254,0.5752422301900989,32.264530181884766,33.674015045166016,,,0.2500000037252903,0.0090872530208758,0.24074317514896393,0.2644970417022705,17.00000025331974,16.00000025331974,False,True
TD3,2026,test_0007,very_long,MADDPG,9.525431450907439,952.5431450907439,0.03407216599998719,8,29.349469593461592,33.14409828186035,1.9672169876923167,29.999221801757812,34.848411560058594,,,0.2500000111758709,0.017896833962653114,0.23649495840072632,0.28080686926841736,17.00000075995922,16.00000075995922,False,True
TD3,2026,test_0007,very_long,AB-QMIX,9.748128443126468,974.8128443126469,0.0219858610000756,8,45.483777050922015,31.944612503051758,0.0,31.944612503051758,31.944612503051758,,,0.14798040688037872,0.0,0.14798040688037872,0.14798040688037872,10.062667667865753,9.062667667865753,False,True
TD3,2026,test_0007,very_long,ABPO,18.991862701374515,1899.1862701374514,0.16430883099997118,340,6.086100143942813,11.875,6.669729688499157,5.0,18.75,,,0.25,0.06642111245650009,0.15000000596046448,0.3499999940395355,17.0,16.0,False,True
TD3,2026,test_0008,short,PSO / Metaheuristic,7.910594231597712,791.0594231597712,0.033226262999960454,12,30.096673827002157,25.44430708885193,18.430455217109298,8.106416702270508,51.968929290771484,,,0.25000000186264515,0.16839071672391528,0.0711720883846283,0.42404767870903015,7.000000052154064,6.000000052154064,False,True
TD3,2026,test_0008,short,DDPG,3.9038378491868886,390.38378491868883,0.02186903799997708,2,45.72674847430637,32.025765895843506,4.07140091800686,26.843482971191406,36.819114685058594,,,0.2500000037252903,0.025559933894816728,0.2147212028503418,0.2750721573829651,7.000000104308128,6.000000104308128,False,True
TD3,2026,test_0008,short,PPO,3.9250603771550905,392.5060377155091,0.017174041999965084,2,58.22741087986352,31.416618824005127,1.897008412519528,29.455717086791992,34.555450439453125,,,0.2500000037252903,0.04428599905267818,0.1914069652557373,0.3005945682525635,7.000000104308128,6.000000104308128,False,True
TD3,2026,test_0008,short,SAC,3.7721053232996806,377.21053232996803,0.021970262999957413,2,45.516068697126585,32.45383358001709,2.4120819511095815,29.56871795654297,34.985328674316406,,,0.2499999962747097,0.019353416374560662,0.21677954494953156,0.2648245394229889,6.999999895691872,5.999999895691872,False,True
TD3,2026,test_0008,short,MADDPG,3.6630154896711113,366.3015489671111,0.023311375999924167,8,42.897510640438085,33.06199550628662,2.0921021909628856,30.541521072387695,35.82774353027344,,,0.2500000074505806,0.03158204691142272,0.19972597062587738,0.28170856833457947,7.000000208616257,6.000000208616257,False,True
TD3,2026,test_0008,short,AB-QMIX,3.759012512720108,375.9012512720108,0.011952085999951123,8,83.667403330606,31.944612503051758,0.0,31.944612503051758,31.944612503051758,,,0.14798040688037872,0.0,0.14798040688037872,0.14798040688037872,4.143451392650604,3.1434513926506042,False,True
TD3,2026,test_0008,short,ABPO,18.382711327522696,1838.2711327522695,0.06983379200005402,140,14.319715017039695,5.982142857142857,2.405748854519193,5.0,11.875,,,0.25,0.0,0.25,0.25,7.0,6.0,False,True
TD3,2026,test_0009,medium,PSO / Metaheuristic,11.22684437364194,1122.6844373641939,0.04238462300008905,12,23.593462185517115,22.899211406707764,21.05546462791822,8.163626670837402,59.118064880371094,,,0.2500000009313226,0.32826585255712026,0.05341256782412529,0.8184293508529663,9.000000033527613,8.000000033527613,False,True
TD3,2026,test_0009,medium,DDPG,7.468655173206595,746.8655173206595,0.021802930000035303,2,45.86539515553097,32.52107381820679,0.9812630420922414,31.263166427612305,33.990013122558594,,,0.25,0.03412752682393078,0.22662922739982605,0.30892178416252136,9.0,8.0,False,True
TD3,2026,test_0009,medium,PPO,8.322672541795699,832.2672541795698,0.018831888000022445,2,53.10142031424614,30.6739182472229,1.4669120108208171,29.687129974365234,33.20647048950195,,,0.2499999962747097,0.03066013419305924,0.19856341183185577,0.27848020195961,8.99999986588955,7.999999865889549,False,True
TD3,2026,test_0009,medium,SAC,7.462905998857484,746.2905998857484,0.026320431000044664,2,37.993298817876614,32.5812873840332,0.9252162977269605,31.411033630371094,33.98883056640625,,,0.25,0.020422296849558347,0.22922849655151367,0.28295114636421204,9.0,8.0,False,True
TD3,2026,test_0009,medium,MADDPG,7.797601030342441,779.760103034244,0.02740926000001309,8,36.48402036390338,31.84100580215454,1.1485164010125468,30.023427963256836,33.18085479736328,,,0.2500000223517418,0.009121016188198345,0.23844340443611145,0.259286493062973,9.000000804662704,8.000000804662704,False,True
TD3,2026,test_0009,medium,AB-QMIX,7.591712734562701,759.1712734562701,0.014036204999911206,8,71.24432850662456,31.944612503051758,0.0,31.944612503051758,31.944612503051758,,,0.14798040688037872,0.0,0.14798040688037872,0.14798040688037872,5.327294647693634,4.327294647693634,False,True
TD3,2026,test_0009,medium,ABPO,18.291568028711577,1829.1568028711577,0.08894067799997174,180,11.243449257271434,14.166666666666666,4.583333333333333,5.0,18.75,,,0.25,0.06666666269302368,0.15000000596046448,0.3499999940395355,9.0,8.0,False,True
TD3,2027,test_0000,short,PSO / Metaheuristic,11.330247709321773,1133.0247709321773,0.02962872700004482,12,33.75102818283375,20.385088682174683,7.742629761087682,15.603784561157227,33.7867317199707,,,0.2500000074505806,0.25270935010334866,0.07861872017383575,0.6859134435653687,6.000000178813934,5.000000178813934,False,True
TD3,2027,test_0000,short,DDPG,6.840801398957517,684.0801398957517,0.019115910999971675,2,52.31244276045655,32.10773944854736,3.076026954651937,29.075164794921875,36.29801940917969,,,0.2500000037252903,0.06519326334875572,0.16734586656093597,0.33067062497138977,6.000000089406967,5.000000089406967,False,True
TD3,2027,test_0000,short,PPO,6.832578815140502,683.2578815140502,0.01628095899991422,2,61.42144329491087,32.006980895996094,1.1782171828549017,30.81991195678711,33.41001510620117,,,0.25,0.02417137657809505,0.20843914151191711,0.2686029076576233,6.0,5.0,False,True
TD3,2027,test_0000,short,SAC,6.567081057130757,656.7081057130756,0.022067607000053613,2,45.31528950998495,32.67006874084473,0.9456227774391798,31.54269027709961,34.09672927856445,,,0.2499999962747097,0.025415607202538458,0.22059251368045807,0.29045569896698,5.999999910593033,4.999999910593033,False,True
TD3,2027,test_0000,short,MADDPG,6.492953591848349,649.2953591848349,0.02306910599997991,8,43.34801704066342,32.79073715209961,0.5483243635338256,32.17393493652344,33.58995056152344,,,0.2500000074505806,0.00707531606791072,0.23823413252830505,0.2570611834526062,6.000000178813934,5.000000178813934,False,True
TD3,2027,test_0000,short,AB-QMIX,6.675124590706322,667.5124590706322,0.011332015999983014,8,88.24555136539685,31.944612503051758,0.0,31.944612503051758,31.944612503051758,,,0.14798040688037872,0.0,0.14798040688037872,0.14798040688037872,3.5515297651290894,2.5515297651290894,False,True
TD3,2027,test_0000,short,ABPO,14.95962803139293,1495.9628031392929,0.07991452400005983,120,12.513369910071058,16.458333333333332,5.124322448437018,5.0,18.75,,,0.25,0.0577350234776868,0.15000000596046448,0.3499999940395355,6.0,5.0,False,True
TD3,2027,test_0001,medium,PSO / Metaheuristic,15.421355320120185,1542.1355320120185,0.03069527200000266,12,32.5783071738186,18.121963024139404,1.8375693597509817,15.549571990966797,20.637367248535156,,,0.24999999441206455,0.11591102664654832,0.0695926770567894,0.3887113928794861,5.999999865889549,4.999999865889549,False,True
TD3,2027,test_0001,medium,DDPG,10.50321368177331,1050.3213681773311,0.019386113999985355,2,51.583313705921434,30.495407104492188,3.240467628292429,25.86614990234375,35.03036880493164,,,0.2499999962747097,0.07469807951294764,0.19072028994560242,0.377311646938324,5.999999910593033,4.999999910593033,False,True
TD3,2027,test_0001,medium,PPO,8.627248038576932,862.7248038576932,0.016186629999992874,2,61.77938211971487,34.745046615600586,1.0308307473755025,33.23954772949219,36.07964324951172,,,0.2500000037252903,0.026986556910184176,0.2269674390554428,0.29526275396347046,6.000000089406967,5.000000089406967,False,True
TD3,2027,test_0001,medium,SAC,9.875465208830816,987.5465208830816,0.024642438000000766,2,40.58040036460552,31.965296745300293,1.3504472983647826,30.175413131713867,33.883544921875,,,0.2499999925494194,0.008971607077160831,0.2417898029088974,0.26369404792785645,5.999999821186066,4.999999821186066,False,True
TD3,2027,test_0001,medium,MADDPG,10.428894229892338,1042.8894229892337,0.02266552399999,8,44.11987121940976,30.82058095932007,0.6701543505014386,29.696163177490234,31.34515953063965,,,0.2500000260770321,0.005020466005910079,0.24427130818367004,0.2578778862953186,6.00000062584877,5.00000062584877,False,True
TD3,2027,test_0001,medium,AB-QMIX,9.654083762381118,965.4083762381118,0.011139781999986553,8,89.768363510274,31.944612503051758,0.0,31.944612503051758,31.944612503051758,,,0.14798040688037872,0.0,0.14798040688037872,0.14798040688037872,3.5515297651290894,2.5515297651290894,False,True
TD3,2027,test_0001,medium,ABPO,16.374578083029956,1637.4578083029958,0.059768002999931014,120,16.731360423756406,16.458333333333332,5.124322448437018,5.0,18.75,,,0.25,0.0,0.25,0.25,6.0,5.0,False,True
TD3,2027,test_0002,long,PSO / Metaheuristic,12.282666931901412,1228.2666931901413,0.05118057599997883,12,19.53866248008646,23.433441996574402,12.561332612634235,7.143834590911865,42.22732162475586,,,0.2499999962747097,0.1536267771752689,0.07221701741218567,0.48199737071990967,10.999999836087227,9.999999836087227,False,True
TD3,2027,test_0002,long,DDPG,8.79687580551538,879.6875805515381,0.023515838000093936,2,42.5245317643371,33.14832925796509,2.3602758195059432,31.351604461669922,37.111572265625,,,0.2499999962747097,0.010573910393609226,0.23741967976093292,0.26116418838500977,10.999999836087227,9.999999836087227,False,True
TD3,2027,test_0002,long,PPO,8.493018981595503,849.3018981595503,0.02363014800005203,2,42.318820855366546,34.11317825317383,1.2015568960787573,32.49074172973633,35.3487434387207,,,0.25,0.014592650337830108,0.23648247122764587,0.2739039361476898,11.0,10.0,False,True
TD3,2027,test_0002,long,SAC,8.722264161299568,872.2264161299569,0.026551456999982292,2,37.66271658842175,33.249016761779785,2.0201846852203658,30.234725952148438,35.850006103515625,,,0.2500000074505806,0.005933229519829253,0.24040046334266663,0.25573042035102844,11.000000327825546,10.000000327825546,False,True
TD3,2027,test_0002,long,MADDPG,8.481725315391747,848.1725315391747,0.027634184000021378,8,36.18706454293083,34.003939628601074,1.3878388639457373,32.891273498535156,36.3626594543457,,,0.2500000037252903,0.013164700698739016,0.23051461577415466,0.2674255967140198,11.000000163912773,10.000000163912773,False,True
TD3,2027,test_0002,long,AB-QMIX,9.335905451948905,933.5905451948905,0.016203023999992183,8,61.71687457850352,31.944612503051758,0.0,31.944612503051758,31.944612503051758,,,0.14798040688037872,0.0,0.14798040688037872,0.14798040688037872,6.511137902736664,5.511137902736664,False,True
TD3,2027,test_0002,long,ABPO,17.36804173492185,1736.8041734921849,0.17789104600001338,220,5.621418404611128,16.875,4.238956239453293,5.0,18.75,,,0.25,0.04767312662073967,0.15000000596046448,0.3499999940395355,11.0,10.0,False,True
TD3,2027,test_0003,very_long,PSO / Metaheuristic,16.86383406285507,1686.383406285507,0.12560649300007753,12,7.9613718695209705,10.922828555107117,4.582251449017183,6.465893268585205,18.244951248168945,,,0.2500000037252903,0.1073376911614248,0.11078085005283356,0.4092760384082794,16.00000023841858,15.000000238418579,False,True
TD3,2027,test_0003,very_long,DDPG,5.586919707136705,558.6919707136705,0.08992570399993838,2,11.120291034926847,32.07986497879028,1.195766370084395,30.784643173217773,33.3484992980957,,,0.2500000037252903,0.026850740802162675,0.22099152207374573,0.28864964842796326,16.00000023841858,15.000000238418579,False,True
TD3,2027,test_0003,very_long,PPO,5.240185564452003,524.0185564452003,0.15120367600002282,2,6.613595822894207,33.37031650543213,2.4376652661020257,30.4722900390625,37.173553466796875,,,0.25,0.0397830363587242,0.1865108609199524,0.28645533323287964,16.0,15.0,False,True
TD3,2027,test_0003,very_long,SAC,5.313712098612478,531.3712098612477,0.12686306399996283,2,7.882514961173356,33.02085304260254,0.7928091069864454,32.21371841430664,34.24095916748047,,,0.25,0.014971548214011006,0.22914214432239532,0.2714364230632782,16.0,15.0,False,True
TD3,2027,test_0003,very_long,MADDPG,5.586294764041499,558.6294764041498,0.15176567500009241,8,6.5891052110392625,32.060715675354004,0.4881420996499754,31.324405670166016,32.692325592041016,,,0.2500000186264515,0.012473949912397643,0.23888106644153595,0.27016887068748474,16.000001192092896,15.000001192092896,False,True
TD3,2027,test_0003,very_long,AB-QMIX,5.524751973688192,552.4751973688191,0.07626851499992426,8,13.111570351159886,31.944612503051758,0.0,31.944612503051758,31.944612503051758,,,0.14798040688037872,0.0,0.14798040688037872,0.14798040688037872,9.470746040344238,8.470746040344238,False,True
TD3,2027,test_0003,very_long,ABPO,18.87977493656782,1887.977493656782,0.2472682170000553,320,4.044191413406667,8.4375,4.210060495408587,5.0,18.75,,,0.25,0.0,0.25,0.25,16.0,15.0,False,True
TD3,2027,test_0004,short,PSO / Metaheuristic,13.858153194417781,1385.8153194417782,0.04906754000001001,12,20.380072039474488,23.536657333374023,5.924083998231791,13.702445983886719,28.562788009643555,,,0.2500000046566129,0.32817809171174267,0.05053367465734482,0.8182671070098877,5.0000000931322575,4.0000000931322575,False,True
TD3,2027,test_0004,short,DDPG,12.091321229477467,1209.1321229477467,0.03068798300000708,2,32.586045163012805,31.80278491973877,1.0058937234432315,30.34543228149414,33.152671813964844,,,0.25,0.03729330205108831,0.22071032226085663,0.31287628412246704,5.0,4.0,False,True
TD3,2027,test_0004,short,PPO,12.450658661604708,1245.0658661604707,0.019105982000041877,2,52.33962849948295,31.91622257232666,3.208998036200387,29.279930114746094,37.19654846191406,,,0.2500000037252903,0.05699924275593527,0.18576645851135254,0.3232208490371704,5.000000074505806,4.000000074505806,False,True
TD3,2027,test_0004,short,SAC,11.468453349047682,1146.8453349047682,0.03045492799992644,2,32.83540844366519,33.06356143951416,0.3477332804734445,32.68130111694336,33.423240661621094,,,0.2499999962747097,0.016716868122571383,0.22856763005256653,0.27320700883865356,4.999999925494194,3.999999925494194,False,True
TD3,2027,test_0004,short,MADDPG,11.573002826546375,1157.3002826546376,0.09671237000009114,8,10.339938934378896,33.13790321350098,0.5299413872195973,32.259395599365234,33.65105056762695,,,0.25,0.00830893852658807,0.23722878098487854,0.25997433066368103,5.0,4.0,False,True
TD3,2027,test_0004,short,AB-QMIX,11.686961589028208,1168.6961589028208,0.06575972200005253,8,15.20687693903574,31.944612503051758,0.0,31.944612503051758,31.944612503051758,,,0.14798040688037872,0.0,0.14798040688037872,0.14798040688037872,2.9596081376075745,1.9596081376075745,False,True
TD3,2027,test_0004,short,ABPO,15.596289039723398,1559.62890397234,0.10190118000002713,100,9.8134290495923,20.125,6.73609679265374,11.875,32.5,,,0.25,0.06324554943363885,0.15000000596046448,0.3499999940395355,5.0,4.0,False,True
TD3,2027,test_0005,medium,PSO / Metaheuristic,4.185704310908743,418.57043109087425,0.05667721999998321,12,17.643772930293622,33.27222990989685,19.746027042714314,6.205183982849121,56.633785247802734,,,0.25000000186264515,0.13323119322320745,0.10715845972299576,0.46839675307273865,6.000000044703484,5.000000044703484,False,True
TD3,2027,test_0005,medium,DDPG,3.44039105739752,344.039105739752,0.030908910999983163,2,32.3531294907331,32.05226802825928,1.3177885660760285,30.78031349182129,34.023582458496094,,,0.2499999962747097,0.021847089452202338,0.23283380270004272,0.2875078618526459,5.999999910593033,4.999999910593033,False,True
TD3,2027,test_0005,medium,PPO,3.732223104158702,373.2223104158702,0.02249740800004929,2,44.449565034239015,30.64162302017212,4.688080057314163,25.507091522216797,38.27908706665039,,,0.25,0.007414004617567568,0.23951508104801178,0.2574407756328583,6.0,5.0,False,True
TD3,2027,test_0005,medium,SAC,3.3307504920248285,333.0750492024829,0.029990196999960972,2,33.34422911597751,32.922306060791016,0.933778280505281,32.00181579589844,34.0804557800293,,,0.25,0.012479330462896366,0.23534180223941803,0.2673003375530243,6.0,5.0,False,True
TD3,2027,test_0005,medium,MADDPG,3.3457965674062433,334.57965674062433,0.042334353999990526,8,23.621477724691957,32.80100679397583,1.218249424443395,31.641252517700195,34.841827392578125,,,0.2500000223517418,0.015603913037297143,0.2327297031879425,0.2682332992553711,6.000000536441803,5.000000536441803,False,True
TD3,2027,test_0005,medium,AB-QMIX,3.397614950926562,339.7614950926562,0.021465862000013658,8,46.585597168162344,31.944612503051758,0.0,31.944612503051758,31.944612503051758,,,0.14798040688037872,0.0,0.14798040688037872,0.14798040688037872,3.5515297651290894,2.5515297651290894,False,True
TD3,2027,test_0005,medium,ABPO,12.2996206272571,1229.9620627257102,0.10703888399996231,120,9.342399347141475,13.020833333333334,6.170501341508285,5.0,18.75,,,0.25,0.0577350234776868,0.15000000596046448,0.3499999940395355,6.0,5.0,False,True
TD3,2027,test_0006,long,PSO / Metaheuristic,8.847207983850485,884.7207983850485,0.14006434299994908,12,7.139575844798441,21.459619283676147,10.396252131436944,10.769158363342285,38.58332061767578,,,0.2499999925494194,0.12185383115150314,0.12308770418167114,0.4279820919036865,17.999999463558197,16.999999463558197,False,True
TD3,2027,test_0006,long,DDPG,3.9944637433851997,399.44637433852,0.09682162100000369,2,10.328271616108987,31.964327335357666,2.317522338042876,29.58978843688965,35.59177780151367,,,0.2500000037252903,0.027471144082886388,0.2049456387758255,0.2727154493331909,18.0000002682209,17.0000002682209,False,True
TD3,2027,test_0006,long,PPO,4.218621832583235,421.8621832583235,0.09552456000005805,2,10.468511972202672,30.667098999023438,1.651814396265793,28.2845401763916,32.58135986328125,,,0.25,0.013146556206723515,0.23514731228351593,0.2664393484592438,18.0,17.0,False,True
TD3,2027,test_0006,long,SAC,3.859704517784486,385.97045177844865,0.05240942099999302,2,19.080538974092715,32.6995325088501,1.994151535672941,29.660144805908203,35.141483306884766,,,0.25,0.04133966356133647,0.2200964093208313,0.32120639085769653,18.0,17.0,False,True
TD3,2027,test_0006,long,MADDPG,3.9039813188311143,390.39813188311143,0.13569150399996488,8,7.369658162240274,32.39565849304199,1.7291215185785154,30.038055419921875,34.179969787597656,,,0.2500000037252903,0.010809552239539303,0.23429986834526062,0.26392558217048645,18.0000002682209,17.0000002682209,False,True
TD3,2027,test_0006,long,AB-QMIX,3.9169114385195383,391.6911438519538,0.1084561150000809,8,9.220319204677892,31.944612503051758,0.0,31.944612503051758,31.944612503051758,,,0.14798040688037872,0.0,0.14798040688037872,0.14798040688037872,10.654589295387268,9.654589295387268,False,True
TD3,2027,test_0006,long,ABPO,19.14209786994061,1914.209786994061,0.26835518200005026,360,3.726404657241956,5.381944444444445,1.5747972875623009,5.0,11.875,,,0.25,0.04714044926931327,0.15000000596046448,0.3499999940395355,18.0,17.0,False,True
TD3,2027,test_0007,very_long,PSO / Metaheuristic,12.876037162969322,1287.6037162969321,0.06865465999999287,12,14.56565366429757,17.39667057991028,6.381861236683063,8.750160217285156,24.471975326538086,,,0.25000000186264515,0.10261726975712913,0.07629335671663284,0.33654704689979553,15.000000111758709,14.000000111758709,False,True
TD3,2027,test_0007,very_long,DDPG,7.685457986324007,768.5457986324006,0.026989657999934025,2,37.051229030113845,32.03051471710205,0.7697430875680916,31.259788513183594,32.91421890258789,,,0.25,0.010432255706425907,0.23487409949302673,0.2643543481826782,15.0,14.0,False,True
TD3,2027,test_0007,very_long,PPO,7.840870391154769,784.0870391154768,0.025940907000062907,2,38.549153273537236,31.707281589508057,1.2687758067642592,29.85651206970215,33.34866714477539,,,0.2499999962747097,0.021862416756388118,0.23134540021419525,0.28498807549476624,14.999999776482582,13.999999776482582,False,True
TD3,2027,test_0007,very_long,SAC,7.641505904881081,764.150590488108,0.0327005269999745,2,30.580546912922223,32.09941864013672,0.1861856723767675,31.79617691040039,32.28072738647461,,,0.2500000037252903,0.018696693909290383,0.23849016427993774,0.28237342834472656,15.000000223517418,14.000000223517418,False,True
TD3,2027,test_0007,very_long,MADDPG,7.799602674082057,779.9602674082057,0.03195372199991198,8,31.295258812189537,31.75757598876953,0.9567657593783228,30.521333694458008,33.140281677246094,,,0.2500000037252903,0.012438983758923987,0.23659071326255798,0.26490113139152527,15.000000223517418,14.000000223517418,False,True
TD3,2027,test_0007,very_long,AB-QMIX,7.566702158798153,756.6702158798153,0.020381169000074806,8,49.064899074058495,31.944612503051758,0.0,31.944612503051758,31.944612503051758,,,0.14798040688037872,0.0,0.14798040688037872,0.14798040688037872,8.878824412822723,7.878824412822723,False,True
TD3,2027,test_0007,very_long,ABPO,17.8555456428337,1785.55456428337,0.14245370799994816,300,7.019824292677336,12.333333333333334,6.383844627042721,5.0,18.75,,,0.25,0.04830458627478692,0.15000000596046448,0.3499999940395355,15.0,14.0,False,True
TD3,2027,test_0008,short,PSO / Metaheuristic,4.406314268572463,440.63142685724625,0.2797275579999905,12,3.5749069814567,17.76018536090851,7.533404018463092,5.547699451446533,25.849552154541016,,,0.25000000558793545,0.10228014871954641,0.07309671491384506,0.31633228063583374,60.00000134110451,59.00000134110451,False,True
TD3,2027,test_0008,short,DDPG,3.3704169931710424,337.04169931710425,0.08001551299992116,2,12.497576563696908,32.22733688354492,2.431161144910845,30.106273651123047,36.20749282836914,,,0.2499999962747097,0.03725246657412189,0.19237640500068665,0.29518458247184753,59.99999910593033,58.99999910593033,False,True
TD3,2027,test_0008,short,PPO,3.286120693697563,328.6120693697563,0.06398486199998388,2,15.628696675164385,33.05671787261963,0.44185028163657036,32.63062286376953,33.79671096801758,,,0.25,0.020045766051499388,0.22525610029697418,0.28011849522590637,60.0,59.0,False,True
TD3,2027,test_0008,short,SAC,3.240011358490662,324.0011358490662,0.06941726200000176,2,14.40563875884322,33.58327770233154,1.2472049701957038,32.76097869873047,35.74043273925781,,,0.25,0.014157419824786292,0.2291039377450943,0.26835867762565613,60.0,59.0,False,True
TD3,2027,test_0008,short,MADDPG,3.3602219898818495,336.0221989881849,0.06801278299997193,8,14.703118382913587,32.76940727233887,1.5255856936815428,31.557504653930664,35.31102752685547,,,0.2500000074505806,0.01212214166657562,0.235931396484375,0.2664499878883362,60.00000178813934,59.00000178813934,False,True
TD3,2027,test_0008,short,AB-QMIX,3.3358356643424374,333.5835664342437,0.059015449000071385,8,16.944715611649254,31.944612503051758,0.0,31.944612503051758,31.944612503051758,,,0.14798040688037872,0.0,0.14798040688037872,0.14798040688037872,35.515297651290894,34.515297651290894,False,True
TD3,2027,test_0008,short,ABPO,6.3328030371100485,633.2803037110049,0.5654520179999736,1200,1.768496650762765,18.0625,2.996743023684213,5.0,18.75,,,0.25,0.06892023965248446,0.15000000596046448,0.3499999940395355,60.0,59.0,False,True
TD3,2027,test_0009,medium,PSO / Metaheuristic,8.818766519820427,881.8766519820426,0.03754224099998282,12,26.636662419818187,26.106076955795288,15.457505416542286,11.505084991455078,48.266536712646484,,,0.25000000931322575,0.16233283683911154,0.12257734686136246,0.5287775993347168,8.000000298023224,7.000000298023224,False,True
TD3,2027,test_0009,medium,DDPG,6.5348010832464265,653.4801083246426,0.021925622000026124,2,45.60874031299128,31.129260063171387,2.1728464511502064,29.38671112060547,34.841156005859375,,,0.2499999962747097,0.04814097246454879,0.21236930787563324,0.33258700370788574,7.9999998807907104,6.9999998807907104,False,True
TD3,2027,test_0009,medium,PPO,6.392784089246729,639.2784089246728,0.0184176989999969,2,54.29559903222266,31.474656581878662,3.662073967583516,25.166433334350586,33.90260696411133,,,0.2499999962747097,0.03667452279677275,0.2150341421365738,0.3116207420825958,7.9999998807907104,6.9999998807907104,False,True
TD3,2027,test_0009,medium,SAC,6.1458668277457065,614.5866827745707,0.02385782900000777,2,41.914962170265966,32.3562068939209,2.2982884841341904,29.470096588134766,35.76607131958008,,,0.25,0.012125743793048609,0.2364426553249359,0.26396793127059937,8.0,7.0,False,True
TD3,2027,test_0009,medium,MADDPG,6.123697596381957,612.3697596381958,0.024764978999996856,8,40.379602179356866,32.38989734649658,0.7017695210128275,31.635101318359375,33.38527297973633,,,0.25,0.026806745643291267,0.2124745100736618,0.2864823639392853,8.0,7.0,False,True
TD3,2027,test_0009,medium,AB-QMIX,6.2018981871999905,620.189818719999,0.013905779000083385,8,71.91254801288036,31.944612503051758,0.0,31.944612503051758,31.944612503051758,,,0.14798040688037872,0.0,0.14798040688037872,0.14798040688037872,4.735373020172119,3.735373020172119,False,True
TD3,2027,test_0009,medium,ABPO,15.506098996791355,1550.6098996791357,0.08016579299999194,160,12.474148418891092,16.171875,4.78479749930705,5.0,18.75,,,0.25,0.06614377883413809,0.15000000596046448,0.3499999940395355,8.0,7.0,False,True
TD3,2028,test_0000,short,PSO / Metaheuristic,15.432239803020508,1543.223980302051,0.02844197400008852,12,35.159303640348156,13.100042819976807,5.628535606533376,5.392341613769531,21.250539779663086,,,0.24999999441206455,0.15390464225959552,0.08360365778207779,0.45522934198379517,5.999999865889549,4.999999865889549,False,True
TD3,2028,test_0000,short,DDPG,6.7992695856037395,679.9269585603739,0.01920183699996869,2,52.07835062872529,32.62892436981201,1.5980579438095859,30.115440368652344,34.13468933105469,,,0.2499999925494194,0.007775318907271608,0.2393808513879776,0.26112738251686096,5.999999821186066,4.999999821186066,False,True
TD3,2028,test_0000,short,PPO,6.7782435778762755,677.8243577876276,0.017689353000037045,2,56.53118008317804,32.79627466201782,2.95879293779096,29.698360443115234,36.39616012573242,,,0.25,0.01458905647599354,0.22519123554229736,0.2608185410499573,6.0,5.0,False,True
TD3,2028,test_0000,short,SAC,6.433097133444872,643.3097133444871,0.02347082500000397,2,42.60608649247868,33.58803462982178,1.1411914137650847,32.14724349975586,34.96181106567383,,,0.2500000037252903,0.012054373570731252,0.22995133697986603,0.2621043622493744,6.000000089406967,5.000000089406967,False,True
TD3,2028,test_0000,short,MADDPG,6.694366781907256,669.4366781907256,0.02315337400000317,8,43.19024950747408,32.85691165924072,0.9250296582269723,31.317615509033203,33.58540725708008,,,0.2500000074505806,0.004497320048011339,0.24390468001365662,0.25525328516960144,6.000000178813934,5.000000178813934,False,True
TD3,2028,test_0000,short,AB-QMIX,6.91483961169333,691.4839611693329,0.011527809000085654,8,86.74675300333045,31.944612503051758,0.0,31.944612503051758,31.944612503051758,,,0.14798040688037872,0.0,0.14798040688037872,0.14798040688037872,3.5515297651290894,2.5515297651290894,False,True
TD3,2028,test_0000,short,ABPO,16.501465980631476,1650.1465980631476,0.06126936500004376,120,16.32137039447505,15.3125,5.250867983803566,5.0,18.75,,,0.25,0.0288675117388434,0.15000000596046448,0.3499999940395355,6.0,5.0,False,True
TD3,2028,test_0001,medium,PSO / Metaheuristic,13.771841526556601,1377.1841526556602,0.028604269999959797,12,34.95981544019146,28.017251014709473,5.7294483203748205,18.995559692382812,34.2673225402832,,,0.24999999813735485,0.12355793158752311,0.12327411025762558,0.39552268385887146,5.999999955296516,4.999999955296516,False,True
TD3,2028,test_0001,medium,DDPG,12.545189825069086,1254.5189825069087,0.019139016000053743,2,52.249290140997424,31.733460426330566,1.1243653605980752,30.18263053894043,33.261451721191406,,,0.2499999962747097,0.031022210395529645,0.22595995664596558,0.3033192753791809,5.999999910593033,4.999999910593033,False,True
TD3,2028,test_0001,medium,PPO,11.941036964713176,1194.1036964713176,0.016485382000041682,2,60.6598015136969,32.997437477111816,2.154958974244567,30.635778427124023,35.20774459838867,,,0.25,0.059844078427793074,0.196382075548172,0.34784218668937683,6.0,5.0,False,True
TD3,2028,test_0001,medium,SAC,12.47457112768746,1247.457112768746,0.021446913999966455,2,46.62675478633262,31.858996868133545,1.3899200981368134,30.25009536743164,34.02620315551758,,,0.2500000037252903,0.01584212074764147,0.2295474112033844,0.2736283540725708,6.000000089406967,5.000000089406967,False,True
TD3,2028,test_0001,medium,MADDPG,12.528368362690443,1252.8368362690444,0.022280247000026066,8,44.8828058323963,31.783236980438232,1.4544605574221587,29.279958724975586,32.82973098754883,,,0.2500000074505806,0.011010395209604427,0.23678657412528992,0.26549550890922546,6.000000178813934,5.000000178813934,False,True
TD3,2028,test_0001,medium,AB-QMIX,12.219161307408848,1221.9161307408847,0.011263045999953647,8,88.78592878019991,31.944612503051758,0.0,31.944612503051758,31.944612503051758,,,0.14798040688037872,0.0,0.14798040688037872,0.14798040688037872,3.5515297651290894,2.5515297651290894,False,True
TD3,2028,test_0001,medium,ABPO,17.854849929924338,1785.4849929924337,0.06062441799997487,120,16.495003712867224,16.458333333333332,5.124322448437018,5.0,18.75,,,0.25,0.0,0.25,0.25,6.0,5.0,False,True
TD3,2028,test_0002,long,PSO / Metaheuristic,9.089746135842425,908.9746135842424,0.055320392999988144,12,18.076516556927103,26.85185694694519,15.200217691610229,10.201870918273926,49.66241455078125,,,0.25000000186264515,0.11336610583042575,0.1061304584145546,0.4088345170021057,12.000000089406967,11.000000089406967,False,True
TD3,2028,test_0002,long,DDPG,6.35862624824664,635.862624824664,0.02443493500004479,2,40.92501166866894,31.859748363494873,0.5961701580029113,30.833276748657227,32.30537796020508,,,0.2500000037252903,0.0337549013839636,0.21125800907611847,0.2919686734676361,12.000000178813934,11.000000178813934,False,True
TD3,2028,test_0002,long,PPO,6.507115234509019,650.7115234509018,0.02251326100008555,2,44.41826530577689,31.074974060058594,2.2871702111018912,27.371826171875,33.33659362792969,,,0.2499999962747097,0.05183849769681869,0.1938529759645462,0.3332735598087311,11.999999821186066,10.999999821186066,False,True
TD3,2028,test_0002,long,SAC,6.170824877359387,617.0824877359387,0.02782751399990957,2,35.935657062404125,32.5942816734314,1.4177584494628945,30.772008895874023,34.69229507446289,,,0.2500000037252903,0.0158851347929998,0.22571703791618347,0.2666364908218384,12.000000178813934,11.000000178813934,False,True
TD3,2028,test_0002,long,MADDPG,6.0637963510805974,606.3796351080598,0.0296097870000267,8,33.77261714172744,32.754443645477295,1.3553019634387613,30.862459182739258,34.19300079345703,,,0.2500000037252903,0.010578846218747048,0.23758430778980255,0.2654431164264679,12.000000178813934,11.000000178813934,False,True
TD3,2028,test_0002,long,AB-QMIX,6.273549948215929,627.354994821593,0.01797213700001521,8,55.64168579391275,31.944612503051758,0.0,31.944612503051758,31.944612503051758,,,0.14798040688037872,0.0,0.14798040688037872,0.14798040688037872,7.103059530258179,6.103059530258179,False,True
TD3,2028,test_0002,long,ABPO,16.865802465174433,1686.5802465174431,0.1361476820000007,240,7.344965300253843,13.020833333333334,3.8002992389488957,5.0,18.75,,,0.25,0.06770031600337947,0.15000000596046448,0.3499999940395355,12.0,11.0,False,True
TD3,2028,test_0003,very_long,PSO / Metaheuristic,8.878542613830481,887.8542613830481,0.05465765899998587,12,18.295697589248352,21.378045916557312,15.372321806074313,5.953126430511475,46.97926712036133,,,0.25000000186264515,0.14788098881935408,0.09160614013671875,0.4283512830734253,11.000000081956387,10.000000081956387,False,True
TD3,2028,test_0003,very_long,DDPG,5.616636777175604,561.6636777175604,0.02398178899989034,2,41.69830699471889,31.63062858581543,1.7655243052728014,29.0715389251709,33.983802795410156,,,0.2500000037252903,0.027119583011874632,0.20576460659503937,0.27577951550483704,11.000000163912773,10.000000163912773,False,True
TD3,2028,test_0003,very_long,PPO,5.914390901017362,591.4390901017362,0.024250981000022875,2,41.235445279473716,31.00306749343872,3.814279505755704,26.886999130249023,37.212100982666016,,,0.2499999962747097,0.012940313885006783,0.22944532334804535,0.26389890909194946,10.999999836087227,9.999999836087227,False,True
TD3,2028,test_0003,very_long,SAC,5.364939122184714,536.4939122184713,0.028963087000079213,2,34.52670635548155,32.55461883544922,0.8265293503018089,31.818174362182617,33.91630554199219,,,0.2500000037252903,0.027902552788112277,0.2190997153520584,0.29530081152915955,11.000000163912773,10.000000163912773,False,True
TD3,2028,test_0003,very_long,MADDPG,5.668370829854416,566.8370829854416,0.03015817599998627,8,33.15850401564256,31.49532127380371,1.4486797994799179,29.80194091796875,33.720130920410156,,,0.2500000074505806,0.010522876339872192,0.23780640959739685,0.2609259784221649,11.000000327825546,10.000000327825546,False,True
TD3,2028,test_0003,very_long,AB-QMIX,5.427847751326949,542.7847751326948,0.018569618000014998,8,53.851403943753304,31.944612503051758,0.0,31.944612503051758,31.944612503051758,,,0.14798040688037872,0.0,0.14798040688037872,0.14798040688037872,6.511137902736664,5.511137902736664,False,True
TD3,2028,test_0003,very_long,ABPO,16.534919571800557,1653.4919571800558,0.12188558399998328,220,8.204415708424856,11.25,6.187184335382291,5.0,18.75,,,0.25,0.030151132660628705,0.15000000596046448,0.3499999940395355,11.0,10.0,False,True
TD3,2028,test_0004,short,PSO / Metaheuristic,12.457998025743304,1245.7998025743304,0.02438705999998092,12,41.00535283879165,28.610783100128174,7.235714801012504,22.353940963745117,40.2121696472168,,,0.25000000186264515,0.08684295495873676,0.11383794993162155,0.33365827798843384,5.000000037252903,4.000000037252903,False,True
TD3,2028,test_0004,short,DDPG,10.87883906243157,1087.8839062431568,0.018976737000002686,2,52.69609838613764,31.70902919769287,0.6148281570873563,30.693941116333008,32.3137321472168,,,0.25,0.03316746197733221,0.21336674690246582,0.28323954343795776,5.0,4.0,False,True
TD3,2028,test_0004,short,PPO,10.248264752207152,1024.8264752207153,0.015463085999954274,2,64.67014410984697,32.74841833114624,1.5932197118886928,30.048059463500977,34.15830612182617,,,0.2499999962747097,0.019536754312983656,0.22839944064617157,0.2788010239601135,4.999999925494194,3.999999925494194,False,True
TD3,2028,test_0004,short,SAC,11.132405097588947,1113.2405097588946,0.020436111999970308,2,48.93298686175986,30.897169589996338,0.3321142680900723,30.475282669067383,31.284778594970703,,,0.2500000037252903,0.02579166617018534,0.2245829701423645,0.2917144298553467,5.000000074505806,4.000000074505806,False,True
TD3,2028,test_0004,short,MADDPG,11.191939005571033,1119.1939005571035,0.02150745400001597,8,46.49550802243992,30.850512981414795,1.1639564258892436,29.7719669342041,32.79138946533203,,,0.2500000074505806,0.0056173387816736906,0.24222330749034882,0.2579898238182068,5.000000149011612,4.000000149011612,False,True
TD3,2028,test_0004,short,AB-QMIX,10.536650676132586,1053.6650676132585,0.010376658999916799,8,96.37013223697706,31.944612503051758,0.0,31.944612503051758,31.944612503051758,,,0.14798040688037872,0.0,0.14798040688037872,0.14798040688037872,2.9596081376075745,1.9596081376075745,False,True
TD3,2028,test_0004,short,ABPO,14.540322341113992,1454.0322341113992,0.052466789000050085,100,19.059676017128577,17.375,2.75,11.875,18.75,,,0.25,0.0707106739039699,0.15000000596046448,0.3499999940395355,5.0,4.0,False,True
TD3,2028,test_0005,medium,PSO / Metaheuristic,6.636481027323527,663.6481027323528,0.029287437999983013,12,34.1443317780333,23.17418646812439,17.243856884191892,12.354615211486816,53.01505661010742,,,0.2499999925494194,0.25566472957649,0.059713393449783325,0.6879738569259644,5.999999821186066,4.999999821186066,False,True
TD3,2028,test_0005,medium,DDPG,3.3778989702476174,337.78989702476173,0.019554998999979034,2,51.137819030370295,30.326548099517822,3.592423856704818,26.871862411499023,36.21500778198242,,,0.2499999962747097,0.035631881972088546,0.19234947860240936,0.2876841723918915,5.999999910593033,4.999999910593033,False,True
TD3,2028,test_0005,medium,PPO,3.3089558041826272,330.89558041826274,0.016180796999947233,2,61.80165291012928,30.717119216918945,2.1082029098640773,27.98350715637207,33.85725784301758,,,0.2500000074505806,0.02859012600432791,0.21285177767276764,0.28290802240371704,6.000000178813934,5.000000178813934,False,True
TD3,2028,test_0005,medium,SAC,3.069845480692193,306.9845480692193,0.021022760000050766,2,47.56749351643577,32.80910062789917,1.3287455432635626,30.763368606567383,34.2911376953125,,,0.25,0.003044084363623111,0.24577607214450836,0.2543101906776428,6.0,5.0,False,True
TD3,2028,test_0005,medium,MADDPG,2.977285089955848,297.7285089955848,0.022437760000002527,8,44.567728685924415,33.8090386390686,1.4635983180196848,31.42692756652832,35.28618621826172,,,0.25,0.0068786388380109335,0.2382097840309143,0.25502848625183105,6.0,5.0,False,True
TD3,2028,test_0005,medium,AB-QMIX,3.1159101917754994,311.59101917755,0.010916835999978503,8,91.60163256111653,31.944612503051758,0.0,31.944612503051758,31.944612503051758,,,0.14798040688037872,0.0,0.14798040688037872,0.14798040688037872,3.5515297651290894,2.5515297651290894,False,True
TD3,2028,test_0005,medium,ABPO,13.526352839635633,1352.635283963563,0.05989297499991153,120,16.696448957519262,9.583333333333334,6.481812160876686,5.0,18.75,,,0.25,0.040824826613036866,0.15000000596046448,0.3499999940395355,6.0,5.0,False,True
TD3,2028,test_0006,long,PSO / Metaheuristic,6.204295179772972,620.4295179772972,0.0466940969999996,12,21.415983266578827,24.68957543373108,17.350170322410825,6.640681266784668,42.18241882324219,,,0.25,0.051447295325138774,0.16589882969856262,0.3056126832962036,10.0,9.0,False,True
TD3,2028,test_0006,long,DDPG,3.272539739633072,327.2539739633072,0.022664669000050708,2,44.12153559347205,32.98841667175293,1.0862014817451808,31.630916595458984,34.23808288574219,,,0.2500000037252903,0.01784577511288421,0.22904379665851593,0.27730536460876465,10.000000149011612,9.000000149011612,False,True
TD3,2028,test_0006,long,PPO,3.4523728685175357,345.2372868517536,0.02044114399996033,2,48.92094101983434,31.843050956726074,2.772605320161903,28.31643295288086,36.09076690673828,,,0.2499999962747097,0.018702081304339695,0.22822439670562744,0.27055999636650085,9.999999850988388,8.999999850988388,False,True
TD3,2028,test_0006,long,SAC,3.230014917283872,323.00149172838724,0.027804317999994055,2,35.9656367043498,33.37316179275513,1.0419200949743663,31.897275924682617,34.498863220214844,,,0.2499999962747097,0.016338219238172077,0.2273368388414383,0.2717440128326416,9.999999850988388,8.999999850988388,False,True
TD3,2028,test_0006,long,MADDPG,3.273784875644189,327.3784875644189,0.02620656900000995,8,38.15837166626506,32.97860813140869,0.6331492269598695,32.14208984375,33.926025390625,,,0.2500000074505806,0.014366079590534105,0.23308522999286652,0.2663300335407257,10.000000298023224,9.000000298023224,False,True
TD3,2028,test_0006,long,AB-QMIX,3.3534109076415604,335.34109076415604,0.01528681599995707,8,65.41584591603694,31.944612503051758,0.0,31.944612503051758,31.944612503051758,,,0.14798040688037872,0.0,0.14798040688037872,0.14798040688037872,5.919216275215149,4.919216275215149,False,True
TD3,2028,test_0006,long,ABPO,16.077617881235298,1607.7617881235299,0.11405674200000249,200,8.767565884005158,7.75,5.5,5.0,18.75,,,0.25,0.038729831153596204,0.15000000596046448,0.3499999940395355,10.0,9.0,False,True
TD3,2028,test_0007,very_long,PSO / Metaheuristic,8.739514077823138,873.9514077823138,0.05101533999993535,12,19.601947179049816,26.910762667655945,11.548175228429553,7.944858074188232,37.52198791503906,,,0.2500000037252903,0.1720258660897199,0.10510645061731339,0.5310482978820801,11.000000163912773,10.000000163912773,False,True
TD3,2028,test_0007,very_long,DDPG,7.104007161617772,710.4007161617772,0.023602993000054084,2,42.367508222271155,33.8808479309082,1.6767880630792358,31.336002349853516,36.04248046875,,,0.25,0.028628333552768274,0.21090130507946014,0.28127625584602356,11.0,10.0,False,True
TD3,2028,test_0007,very_long,PPO,7.82656663552263,782.656663552263,0.021302554999920176,2,46.94272588446537,31.54349136352539,1.4293053093307346,29.546873092651367,33.55580520629883,,,0.2500000074505806,0.019509566344710228,0.2254454493522644,0.2765108644962311,11.000000327825546,10.000000327825546,False,True
TD3,2028,test_0007,very_long,SAC,7.478473810413229,747.8473810413229,0.026655728999912753,2,37.51538740520933,32.84901237487793,1.6704107675078472,30.259990692138672,34.57731628417969,,,0.25,0.02432461329774824,0.21843308210372925,0.2792545258998871,11.0,10.0,False,True
TD3,2028,test_0007,very_long,MADDPG,7.727517142300884,772.7517142300884,0.027507484000011573,8,36.35374285774662,31.83097553253174,1.207482150611827,30.422685623168945,33.727760314941406,,,0.25,0.016295283117201676,0.22430914640426636,0.2644606828689575,11.0,10.0,False,True
TD3,2028,test_0007,very_long,AB-QMIX,7.493788872831663,749.3788872831663,0.016193044000033296,8,61.75491155325359,31.944612503051758,0.0,31.944612503051758,31.944612503051758,,,0.14798040688037872,0.0,0.14798040688037872,0.14798040688037872,6.511137902736664,5.511137902736664,False,True
TD3,2028,test_0007,very_long,ABPO,16.065760529178135,1606.5760529178135,0.11438037300001724,220,8.742758689900839,12.5,6.187184335382291,5.0,18.75,,,0.25,0.06396021109435723,0.15000000596046448,0.3499999940395355,11.0,10.0,False,True
TD3,2028,test_0008,short,PSO / Metaheuristic,8.26354686737037,826.3546867370369,0.02865680600007181,12,34.895724247757904,18.15836238861084,4.87894260067717,10.686105728149414,24.294931411743164,,,0.25,0.092413126446986,0.15292777121067047,0.349750816822052,6.0,5.0,False,True
TD3,2028,test_0008,short,DDPG,3.371810413120436,337.1810413120436,0.019124093999948855,2,52.29005881286059,31.818289279937744,1.0507377888150056,30.667686462402344,32.89192581176758,,,0.2500000037252903,0.013534720860981257,0.22671233117580414,0.259546160697937,6.000000089406967,5.000000089406967,False,True
TD3,2028,test_0008,short,PPO,3.4050399504159756,340.50399504159753,0.01631496800007426,2,61.2934086046291,31.591469287872314,0.8111689578718979,30.50844955444336,32.422183990478516,,,0.2500000037252903,0.022968199707858555,0.22371268272399902,0.27703097462654114,6.000000089406967,5.000000089406967,False,True
TD3,2028,test_0008,short,SAC,3.3663767689408757,336.6376768940876,0.02155835799999295,2,46.385721955277255,31.85957956314087,0.929932526358925,30.813108444213867,33.06062316894531,,,0.25,0.010404671001095945,0.23928150534629822,0.26221582293510437,6.0,5.0,False,True
TD3,2028,test_0008,short,MADDPG,3.2141680522733282,321.4168052273328,0.022534337000024607,8,44.376721622602346,33.17566633224487,1.3268495023728786,31.349645614624023,35.09901428222656,,,0.2500000186264515,0.024796578905651862,0.2108355015516281,0.2791680097579956,6.000000447034836,5.000000447034836,False,True
TD3,2028,test_0008,short,AB-QMIX,3.312403990682883,331.24039906828835,0.010930508000001282,8,91.48705622829998,31.944612503051758,0.0,31.944612503051758,31.944612503051758,,,0.14798040688037872,0.0,0.14798040688037872,0.14798040688037872,3.5515297651290894,2.5515297651290894,False,True
TD3,2028,test_0008,short,ABPO,14.601715036485231,1460.1715036485232,0.061207773999967685,120,16.33779395409034,8.4375,5.250867983803566,5.0,18.75,,,0.25,0.040824826613036866,0.15000000596046448,0.3499999940395355,6.0,5.0,False,True
TD3,2028,test_0009,medium,PSO / Metaheuristic,12.518407039754047,1251.8407039754047,0.03301938399999926,12,30.285240936052055,17.31867027282715,3.445447981418122,13.6731538772583,22.005544662475586,,,0.24999999068677425,0.19397770802653,0.05653928220272064,0.510901927947998,6.999999739229679,5.999999739229679,False,True
TD3,2028,test_0009,medium,DDPG,5.58562289311254,558.5622893112541,0.019839299000068422,2,50.40500674930859,31.29368305206299,1.4546661249810346,29.086376190185547,33.1748161315918,,,0.2499999962747097,0.021841118637353676,0.232685849070549,0.287479043006897,6.999999895691872,5.999999895691872,False,True
TD3,2028,test_0009,medium,PPO,5.141389927084968,514.1389927084969,0.01697804000002634,2,58.8996138540402,33.03430795669556,3.045661461157753,27.820249557495117,35.25884246826172,,,0.25,0.0405906144106915,0.1986721307039261,0.3009544014930725,7.0,6.0,False,True
TD3,2028,test_0009,medium,SAC,5.5844835846873675,558.4483584687367,0.021844091000048138,2,45.778970614881445,31.290563583374023,1.0124651766481416,29.764755249023438,32.49419403076172,,,0.25,0.012408477673809504,0.23683086037635803,0.2687881886959076,7.0,6.0,False,True
TD3,2028,test_0009,medium,MADDPG,5.31513964679916,531.5139646799161,0.025768553000034444,8,38.8069908309816,32.3910117149353,0.7747455072146703,31.405715942382812,33.325843811035156,,,0.2499999962747097,0.010386184272284537,0.2375509887933731,0.26632076501846313,6.999999895691872,5.999999895691872,False,True
TD3,2028,test_0009,medium,AB-QMIX,5.345771023967578,534.5771023967578,0.013094631000058143,8,76.36717674561122,31.944612503051758,0.0,31.944612503051758,31.944612503051758,,,0.14798040688037872,0.0,0.14798040688037872,0.14798040688037872,4.143451392650604,3.1434513926506042,False,True
TD3,2028,test_0009,medium,ABPO,16.351414164708128,1635.1414164708128,0.0712941489999821,140,14.026396471893522,10.892857142857142,5.72682775386592,5.0,18.75,,,0.25,0.053452245196482596,0.15000000596046448,0.3499999940395355,7.0,6.0,False,True
TD3 Twin Critic,2026,test_0000,short,PSO / Metaheuristic,7.885508073329883,788.5508073329884,0.08119486199996118,12,12.316050244662996,21.754722356796265,10.711433781748273,12.282073020935059,39.92277908325195,,,0.25000000186264515,0.3132192911020443,0.05697359889745712,0.792351484298706,12.000000089406967,11.000000089406967,False,True
TD3 Twin Critic,2026,test_0000,short,DDPG,5.6145422711449235,561.4542271144923,0.024444388000006256,2,40.90918537210848,32.75372266769409,0.6701562700622304,31.694398880004883,33.430721282958984,,,0.2500000037252903,0.01688985548582458,0.22921250760555267,0.274859756231308,12.000000178813934,11.000000178813934,False,True
TD3 Twin Critic,2026,test_0000,short,PPO,5.60711023394992,560.711023394992,0.02263616099992305,2,44.17710229236307,32.847107887268066,1.3601211375326556,31.583232879638672,34.86941146850586,,,0.2499999962747097,0.047554375377993834,0.21497106552124023,0.3315694332122803,11.999999821186066,10.999999821186066,False,True
TD3 Twin Critic,2026,test_0000,short,SAC,5.512323616579504,551.2323616579504,0.027866753000012068,2,35.88505628910433,33.13041019439697,0.47086757325333156,32.59027099609375,33.88550567626953,,,0.25,0.021130817545804124,0.21620626747608185,0.27167898416519165,12.0,11.0,False,True
TD3 Twin Critic,2026,test_0000,short,MADDPG,5.526704686017311,552.670468601731,0.040877198999965,8,24.463515712044167,33.01873540878296,1.192799825606397,31.747926712036133,34.386444091796875,,,0.2500000074505806,0.012696311987154126,0.24135738611221313,0.27186769247055054,12.000000357627869,11.000000357627869,False,True
TD3 Twin Critic,2026,test_0000,short,AB-QMIX,5.723089361769021,572.3089361769021,0.02570989200000895,8,38.89553483926155,31.944612503051758,0.0,31.944612503051758,31.944612503051758,,,0.14798040688037872,0.0,0.14798040688037872,0.14798040688037872,7.103059530258179,6.103059530258179,False,True
TD3 Twin Critic,2026,test_0000,short,ABPO,11.687023566657745,1168.7023566657747,0.1161289479999823,240,8.611117358956463,17.03125,4.091443370519341,5.0,18.75,,,0.25,0.06454971858932701,0.15000000596046448,0.3499999940395355,12.0,11.0,False,True
TD3 Twin Critic,2026,test_0001,medium,PSO / Metaheuristic,14.93128389781017,1493.1283897810172,0.03303688100004365,12,30.26920126021215,22.856554985046387,7.500563515849654,13.821353912353516,32.61389923095703,,,0.2500000037252903,0.06253120992415225,0.16167180240154266,0.3259107768535614,7.000000104308128,6.000000104308128,False,True
TD3 Twin Critic,2026,test_0001,medium,DDPG,9.927152326433617,992.7152326433617,0.020305738000047313,2,49.24716353563067,32.88255310058594,1.7113708131402798,30.305137634277344,35.00039291381836,,,0.25,0.019209028832644,0.21845924854278564,0.26767539978027344,7.0,6.0,False,True
TD3 Twin Critic,2026,test_0001,medium,PPO,10.258195512045754,1025.8195512045754,0.019081723999988753,2,52.40616623532493,32.3824520111084,1.7660927925051955,30.486297607421875,35.2529182434082,,,0.2499999962747097,0.02994035749271891,0.22590865194797516,0.30131497979164124,6.999999895691872,5.999999895691872,False,True
TD3 Twin Critic,2026,test_0001,medium,SAC,10.195805143218603,1019.5805143218603,0.02347867399998904,2,42.59184313392088,32.56259632110596,0.2247674992381084,32.22151184082031,32.83564758300781,,,0.25,0.01777735150659373,0.22890020906925201,0.27753517031669617,7.0,6.0,False,True
TD3 Twin Critic,2026,test_0001,medium,MADDPG,10.355998802684763,1035.5998802684762,0.023708938999902784,8,42.17818435502746,32.25755214691162,0.15487182361374385,32.073211669921875,32.418678283691406,,,0.2500000111758709,0.013658479881651059,0.24123656749725342,0.2736298739910126,7.000000312924385,6.000000312924385,False,True
TD3 Twin Critic,2026,test_0001,medium,AB-QMIX,10.32464305219016,1032.464305219016,0.012004522000097495,8,83.30194238403482,31.944612503051758,0.0,31.944612503051758,31.944612503051758,,,0.14798040688037872,0.0,0.14798040688037872,0.14798040688037872,4.143451392650604,3.1434513926506042,False,True
TD3 Twin Critic,2026,test_0001,medium,ABPO,18.107832987779517,1810.7832987779518,0.0696181030000389,140,14.364079986486292,16.785714285714285,4.8114977090383855,5.0,18.75,,,0.25,0.026726122598241298,0.15000000596046448,0.3499999940395355,7.0,6.0,False,True
TD3 Twin Critic,2026,test_0002,long,PSO / Metaheuristic,11.193892448758334,1119.3892448758334,0.04265698799997608,12,23.44281785672633,21.569433212280273,5.197354087758632,16.941360473632812,30.27364730834961,,,0.2500000037252903,0.2097295755276432,0.07982498407363892,0.6052707433700562,9.00000013411045,8.00000013411045,False,True
TD3 Twin Critic,2026,test_0002,long,DDPG,8.199730533439237,819.9730533439237,0.02182306800000333,2,45.82307125651844,31.485729217529297,1.8127096008848786,30.17093849182129,34.60182189941406,,,0.25,0.03719797626536467,0.20324045419692993,0.3065806031227112,9.0,8.0,False,True
TD3 Twin Critic,2026,test_0002,long,PPO,8.449209500829484,844.9209500829485,0.019333748999997624,2,51.72302588598429,30.8406023979187,1.2215731303982702,29.068939208984375,32.1728515625,,,0.2500000037252903,0.01720982959107022,0.2297922968864441,0.27733033895492554,9.00000013411045,8.00000013411045,False,True
TD3 Twin Critic,2026,test_0002,long,SAC,7.689097692164662,768.9097692164662,0.024446549999993294,2,40.90556745226931,32.70639610290527,1.4355539155172077,31.113988876342773,34.776878356933594,,,0.2499999962747097,0.01542825802492264,0.2328515201807022,0.2660229504108429,8.99999986588955,7.999999865889549,False,True
TD3 Twin Critic,2026,test_0002,long,MADDPG,8.008952769380954,800.8952769380954,0.026088406000098985,8,38.33120352374943,31.480652332305908,1.3021600623619713,29.90703010559082,33.30025100708008,,,0.2499999962747097,0.012009769300426507,0.23635946214199066,0.26904889941215515,8.99999986588955,7.999999865889549,False,True
TD3 Twin Critic,2026,test_0002,long,AB-QMIX,7.701875606385092,770.1875606385091,0.014197645000081138,8,70.43421637844058,31.944612503051758,0.0,31.944612503051758,31.944612503051758,,,0.14798040688037872,0.0,0.14798040688037872,0.14798040688037872,5.327294647693634,4.327294647693634,False,True
TD3 Twin Critic,2026,test_0002,long,ABPO,15.357107015376723,1535.7107015376723,0.08719689800000197,180,11.468297874541104,16.458333333333332,4.583333333333333,5.0,18.75,,,0.25,0.0707106739039699,0.15000000596046448,0.3499999940395355,9.0,8.0,False,True
TD3 Twin Critic,2026,test_0003,very_long,PSO / Metaheuristic,10.823896342114399,1082.38963421144,0.0511123570000791,12,19.56474047945886,19.957764863967896,11.007634947209672,10.3344144821167,38.67189407348633,,,0.2499999962747097,0.18308935062250073,0.10012304782867432,0.5619706511497498,10.999999836087227,9.999999836087227,False,True
TD3 Twin Critic,2026,test_0003,very_long,DDPG,5.135676981634143,513.5676981634143,0.024095392000049287,2,41.50171119847125,33.28213405609131,1.5526211639780862,30.9124755859375,35.23765182495117,,,0.2500000037252903,0.027630039067024336,0.21979138255119324,0.2867678999900818,11.000000163912773,10.000000163912773,False,True
TD3 Twin Critic,2026,test_0003,very_long,PPO,5.63578162522986,563.578162522986,0.021843840999963504,2,45.779494549592755,31.59439182281494,2.5590595954467146,29.033824920654297,34.76018142700195,,,0.25,0.017511467019321814,0.22064673900604248,0.2668331563472748,11.0,10.0,False,True
TD3 Twin Critic,2026,test_0003,very_long,SAC,5.079018371506911,507.9018371506911,0.027156882999975096,2,36.823077228742235,33.48590278625488,1.7777775202815307,31.766799926757812,36.274173736572266,,,0.2499999962747097,0.02463714007012389,0.2141495943069458,0.27342820167541504,10.999999836087227,9.999999836087227,False,True
TD3 Twin Critic,2026,test_0003,very_long,MADDPG,5.021004317475342,502.1004317475342,0.0320451499999308,8,31.205970326310204,33.71422481536865,0.5920168400428196,33.034759521484375,34.64265441894531,,,0.25,0.014668688194974609,0.2332725077867508,0.27114155888557434,11.0,10.0,False,True
TD3 Twin Critic,2026,test_0003,very_long,AB-QMIX,5.374286779097655,537.4286779097655,0.016517957000019123,8,60.540174550571976,31.944612503051758,0.0,31.944612503051758,31.944612503051758,,,0.14798040688037872,0.0,0.14798040688037872,0.14798040688037872,6.511137902736664,5.511137902736664,False,True
TD3 Twin Critic,2026,test_0003,very_long,ABPO,16.835770248585362,1683.5770248585363,0.10499902399999428,220,9.523898050710018,11.25,6.187184335382291,5.0,18.75,,,0.25,0.030151132660628705,0.15000000596046448,0.3499999940395355,11.0,10.0,False,True
TD3 Twin Critic,2026,test_0004,short,PSO / Metaheuristic,15.155239762522784,1515.5239762522783,0.04823759299995345,12,20.7307192960678,24.87014079093933,9.27678903995074,14.477938652038574,39.22614669799805,,,0.2500000037252903,0.10870884770420344,0.1145978718996048,0.405396431684494,6.000000089406967,5.000000089406967,False,True
TD3 Twin Critic,2026,test_0004,short,DDPG,12.714166901909726,1271.4166901909725,0.02462126900002204,2,40.61529078777804,31.903669834136963,0.47144597231234825,31.294334411621094,32.38284683227539,,,0.25,0.027375986067615484,0.2095586508512497,0.2763710916042328,6.0,5.0,False,True
TD3 Twin Critic,2026,test_0004,short,PPO,13.013673914816742,1301.3673914816743,0.017580438999971193,2,56.88140097079707,31.39573907852173,3.1013244248066067,27.548566818237305,36.12081527709961,,,0.2500000037252903,0.015336534380626312,0.22612909972667694,0.2676248848438263,6.000000089406967,5.000000089406967,False,True
TD3 Twin Critic,2026,test_0004,short,SAC,12.737250445618713,1273.7250445618713,0.02285522799991213,2,43.7536654634924,31.626047134399414,0.4019125120791863,31.023998260498047,32.07105255126953,,,0.2500000074505806,0.019808639866033248,0.21742555499076843,0.2698424160480499,6.000000178813934,5.000000178813934,False,True
TD3 Twin Critic,2026,test_0004,short,MADDPG,12.421932666830637,1242.1932666830637,0.023844675999953324,8,41.93808294991962,32.15996074676514,1.2026347223478027,30.458271026611328,33.73692321777344,,,0.2500000074505806,0.01391403064654217,0.23891326785087585,0.27349287271499634,6.000000178813934,5.000000178813934,False,True
TD3 Twin Critic,2026,test_0004,short,AB-QMIX,12.391653910682122,1239.1653910682123,0.012486965999983113,8,80.08350467209988,31.944612503051758,0.0,31.944612503051758,31.944612503051758,,,0.14798040688037872,0.0,0.14798040688037872,0.14798040688037872,3.5515297651290894,2.5515297651290894,False,True
TD3 Twin Critic,2026,test_0004,short,ABPO,18.225685004577837,1822.5685004577838,0.06856460300002709,120,14.58478509675911,17.604166666666668,2.562161224218509,11.875,18.75,,,0.25,0.040824826613036866,0.15000000596046448,0.3499999940395355,6.0,5.0,False,True
TD3 Twin Critic,2026,test_0005,medium,PSO / Metaheuristic,6.453118750235941,645.3118750235941,0.041036151999946924,12,24.36875660274612,20.207140922546387,5.493586149489784,14.097164154052734,29.11992073059082,,,0.2500000009313226,0.2193314747093811,0.05862897261977196,0.608139157295227,8.000000029802322,7.000000029802322,False,True
TD3 Twin Critic,2026,test_0005,medium,DDPG,3.5664836627755774,356.6483662775577,0.020707382999944457,2,48.29195461361208,30.518743991851807,1.6048920175251002,29.02823829650879,33.22651290893555,,,0.2500000037252903,0.013874286230214002,0.22636930644512177,0.26197490096092224,8.00000011920929,7.0000001192092896,False,True
TD3 Twin Critic,2026,test_0005,medium,PPO,3.0754437915260033,307.54437915260036,0.01776595899991662,2,56.287420229028626,34.8581280708313,1.8783396647716475,31.684804916381836,36.371498107910156,,,0.25,0.03523228741647197,0.22259347140789032,0.3103239834308624,8.0,7.0,False,True
TD3 Twin Critic,2026,test_0005,medium,SAC,3.426035179065986,342.60351790659865,0.023606496999946103,2,42.36121945591009,31.41695499420166,0.5102561537420975,30.77210235595703,32.19152069091797,,,0.2500000037252903,0.01230583501753973,0.23044712841510773,0.2644731402397156,8.00000011920929,7.0000001192092896,False,True
TD3 Twin Critic,2026,test_0005,medium,MADDPG,3.331479865197612,333.1479865197612,0.02432553400001325,8,41.10906671152441,32.31890821456909,2.0996060480377916,29.197851181030273,35.11463165283203,,,0.2500000037252903,0.029006687495166654,0.21583619713783264,0.29578712582588196,8.00000011920929,7.0000001192092896,False,True
TD3 Twin Critic,2026,test_0005,medium,AB-QMIX,3.317150004021884,331.7150004021884,0.012889966999978242,8,77.57971762081998,31.944612503051758,0.0,31.944612503051758,31.944612503051758,,,0.14798040688037872,0.0,0.14798040688037872,0.14798040688037872,4.735373020172119,3.735373020172119,False,True
TD3 Twin Critic,2026,test_0005,medium,ABPO,17.910265372306448,1791.0265372306446,0.07845370400002594,160,12.74637077682998,5.859375,2.2736925329461326,5.0,11.875,,,0.25,0.02499999850988388,0.15000000596046448,0.3499999940395355,8.0,7.0,False,True
TD3 Twin Critic,2026,test_0006,long,PSO / Metaheuristic,6.135995686259344,613.5995686259344,0.07389412200006973,12,13.532876133220128,24.05558156967163,14.781233162090475,5.368106842041016,42.41098403930664,,,0.24999999441206455,0.3143660349549727,0.05021550506353378,0.7940910458564758,15.999999642372131,14.999999642372131,False,True
TD3 Twin Critic,2026,test_0006,long,DDPG,3.577135689575773,357.7135689575773,0.027719121000018276,2,36.076180049119905,28.430180072784424,1.5060647446520208,26.475187301635742,30.320566177368164,,,0.2500000037252903,0.038533664579447915,0.20989035069942474,0.2954331934452057,16.00000023841858,15.000000238418579,False,True
TD3 Twin Critic,2026,test_0006,long,PPO,3.1576336825813667,315.76336825813667,0.026242363000051228,2,38.10632449517019,31.944743156433105,2.1642686111502356,29.097745895385742,35.02470016479492,,,0.2500000037252903,0.00941327006316017,0.23700755834579468,0.26331597566604614,16.00000023841858,15.000000238418579,False,True
TD3 Twin Critic,2026,test_0006,long,SAC,3.073786765242635,307.3786765242635,0.03143495500000881,2,31.811720423958604,32.4079852104187,0.915788361938039,31.095632553100586,33.590301513671875,,,0.2499999962747097,0.01340186028896306,0.23359596729278564,0.2689507007598877,15.999999761581421,14.999999761581421,False,True
TD3 Twin Critic,2026,test_0006,long,MADDPG,3.1231268846907065,312.3126884690707,0.03325865499994052,8,30.06736141319571,31.863810539245605,0.9914364911046843,31.110036849975586,33.568382263183594,,,0.2500000074505806,0.01186899806269056,0.23369590938091278,0.26469120383262634,16.000000476837158,15.000000476837158,False,True
TD3 Twin Critic,2026,test_0006,long,AB-QMIX,3.075234814073738,307.5234814073738,0.021281186000010166,8,46.98986231310239,31.944612503051758,0.0,31.944612503051758,31.944612503051758,,,0.14798040688037872,0.0,0.14798040688037872,0.14798040688037872,9.470746040344238,8.470746040344238,False,True
TD3 Twin Critic,2026,test_0006,long,ABPO,18.4529052803791,1845.29052803791,0.15471809300004224,320,6.463368185385577,5.859375,3.328345063146999,5.0,18.75,,,0.25,0.017677668475992475,0.15000000596046448,0.3499999940395355,16.0,15.0,False,True
TD3 Twin Critic,2026,test_0007,very_long,PSO / Metaheuristic,14.733660636011791,1473.3660636011791,0.09450418900007662,12,10.581541522981476,16.35490894317627,4.467972580144477,8.992969512939453,20.413715362548828,,,0.25,0.3357925652869828,0.05026174709200859,0.8315755128860474,20.0,19.0,False,True
TD3 Twin Critic,2026,test_0007,very_long,DDPG,7.658631871971162,765.8631871971162,0.03270604399995136,2,30.575388451183123,32.225775718688965,1.0262028071228277,31.207178115844727,33.90694046020508,,,0.2500000074505806,0.008606308551239363,0.235914409160614,0.25923967361450195,20.000000596046448,19.000000596046448,False,True
TD3 Twin Critic,2026,test_0007,very_long,PPO,7.570174452285562,757.0174452285562,0.05114196600004561,2,19.55341333571549,32.8492693901062,3.0735885947962767,27.680635452270508,35.72985076904297,,,0.25,0.024201141449804137,0.21164315938949585,0.277862012386322,20.0,19.0,False,True
TD3 Twin Critic,2026,test_0007,very_long,SAC,7.468673465752199,746.86734657522,0.03692847500008156,2,27.07937438515377,32.731576919555664,0.7005072290397301,32.06393051147461,33.77334213256836,,,0.25,0.009226353463953603,0.24214018881320953,0.2646964192390442,20.0,19.0,False,True
TD3 Twin Critic,2026,test_0007,very_long,MADDPG,7.352207730470572,735.2207730470572,0.03890827099996841,8,25.70147617201525,33.063584327697754,2.025253928476079,29.874496459960938,34.93316650390625,,,0.2500000037252903,0.018229779861074817,0.23808526992797852,0.28152427077293396,20.000000298023224,19.000000298023224,False,True
TD3 Twin Critic,2026,test_0007,very_long,AB-QMIX,7.642099406257276,764.2099406257275,0.025703561999989688,8,38.90511361812037,31.944612503051758,0.0,31.944612503051758,31.944612503051758,,,0.14798040688037872,0.0,0.14798040688037872,0.14798040688037872,11.838432550430298,10.838432550430298,False,True
TD3 Twin Critic,2026,test_0007,very_long,ABPO,19.182575592022758,1918.2575592022758,0.1959717479999199,400,5.1027763450903585,10.15625,6.476746265487015,5.0,18.75,,,0.25,0.03162277471681942,0.15000000596046448,0.3499999940395355,20.0,19.0,False,True
TD3 Twin Critic,2026,test_0008,short,PSO / Metaheuristic,7.254898795562759,725.4898795562758,0.03339436499993553,12,29.94517188759033,25.44430708885193,18.430455217109298,8.106416702270508,51.968929290771484,,,0.25000000186264515,0.16839071672391528,0.0711720883846283,0.42404767870903015,7.000000052154064,6.000000052154064,False,True
TD3 Twin Critic,2026,test_0008,short,DDPG,3.709853023401592,370.9853023401592,0.02021857399995497,2,49.4594722655627,31.960848808288574,4.179487819707124,26.656368255615234,36.93294906616211,,,0.2500000037252903,0.026073106339088072,0.21334658563137054,0.2756288945674896,7.000000104308128,6.000000104308128,False,True
TD3 Twin Critic,2026,test_0008,short,PPO,3.708134778944436,370.81347789444357,0.01722463900000548,2,58.05636913491666,31.425111770629883,2.0111816787081227,29.071735382080078,34.630680084228516,,,0.25,0.045445581311991425,0.19030122458934784,0.30143505334854126,7.0,6.0,False,True
TD3 Twin Critic,2026,test_0008,short,SAC,3.5812834845635177,358.1283484563518,0.022432896999930563,2,44.57739007151396,32.387531757354736,2.5183162125184966,29.375417709350586,35.10111999511719,,,0.25,0.02018118443018206,0.21537476778030396,0.26574623584747314,7.0,6.0,False,True
TD3 Twin Critic,2026,test_0008,short,MADDPG,3.4693023214928362,346.93023214928365,0.023316625000006752,8,42.88785362374316,33.06865835189819,2.105341086838643,30.551416397094727,35.89345932006836,,,0.2500000037252903,0.032345690510713385,0.19905808568000793,0.28234660625457764,7.000000104308128,6.000000104308128,False,True
TD3 Twin Critic,2026,test_0008,short,AB-QMIX,3.547184315147752,354.7184315147752,0.012213477999921452,8,81.87675942974076,31.944612503051758,0.0,31.944612503051758,31.944612503051758,,,0.14798040688037872,0.0,0.14798040688037872,0.14798040688037872,4.143451392650604,3.1434513926506042,False,True
TD3 Twin Critic,2026,test_0008,short,ABPO,16.156682116522443,1615.6682116522443,0.06955252300008397,140,14.377623655705383,7.946428571428571,5.007965593707199,5.0,18.75,,,0.25,0.03779644504807891,0.15000000596046448,0.3499999940395355,7.0,6.0,False,True
TD3 Twin Critic,2026,test_0009,medium,PSO / Metaheuristic,10.942780638947816,1094.2780638947816,0.051990615000022444,12,19.23424064130744,22.899211406707764,21.05546462791822,8.163626670837402,59.118064880371094,,,0.2500000009313226,0.3282658525571202,0.05341256782412529,0.8184293508529663,11.000000040978193,10.000000040978193,False,True
TD3 Twin Critic,2026,test_0009,medium,DDPG,6.692763422795782,669.2763422795782,0.023397458999966148,2,42.73968382641238,32.45303249359131,0.9883484472135021,31.237485885620117,33.9006462097168,,,0.2500000037252903,0.03513374983164794,0.225722074508667,0.3106860816478729,11.000000163912773,10.000000163912773,False,True
TD3 Twin Critic,2026,test_0009,medium,PPO,7.780117321315742,778.0117321315741,0.021555497000008472,2,46.391878600600435,29.757408142089844,1.028903468549148,28.548112869262695,30.973447799682617,,,0.2500000037252903,0.0463356520828324,0.19392481446266174,0.3202005922794342,11.000000163912773,10.000000163912773,False,True
TD3 Twin Critic,2026,test_0009,medium,SAC,6.678228902177353,667.8228902177353,0.030150635000040893,2,33.166797316164114,32.51495838165283,1.051100917018217,31.15454864501953,34.100852966308594,,,0.2500000037252903,0.021220438799945604,0.22821028530597687,0.2845304012298584,11.000000163912773,10.000000163912773,False,True
TD3 Twin Critic,2026,test_0009,medium,MADDPG,6.999013229545537,699.9013229545537,0.02796106799996778,8,35.76401301985862,31.72645092010498,1.1991755573308573,29.786441802978516,33.072105407714844,,,0.2499999962747097,0.010280109645884395,0.2373044639825821,0.2610360085964203,10.999999836087227,9.999999836087227,False,True
TD3 Twin Critic,2026,test_0009,medium,AB-QMIX,6.777689696213625,677.7689696213624,0.016692809000005582,8,59.90603498786008,31.944612503051758,0.0,31.944612503051758,31.944612503051758,,,0.14798040688037872,0.0,0.14798040688037872,0.14798040688037872,6.511137902736664,5.511137902736664,False,True
TD3 Twin Critic,2026,test_0009,medium,ABPO,18.742537388684422,1874.2537388684423,0.10793374599995786,220,9.264942958621953,10.625,3.952847075210474,5.0,18.75,,,0.25,0.03692744509275244,0.15000000596046448,0.3499999940395355,11.0,10.0,False,True
TD3 Twin Critic,2027,test_0000,short,PSO / Metaheuristic,11.330294212965448,1133.0294212965448,0.028363853999962885,12,35.2561397333842,20.385088682174683,7.742629761087682,15.603784561157227,33.7867317199707,,,0.2500000074505806,0.25270935010334866,0.07861872017383575,0.6859134435653687,6.000000178813934,5.000000178813934,False,True
TD3 Twin Critic,2027,test_0000,short,DDPG,6.840731269906658,684.0731269906657,0.01896198200006438,2,52.7371031148856,32.10772371292114,3.076032700755026,29.075138092041016,36.29801559448242,,,0.25,0.06519327720230347,0.16734588146209717,0.33067044615745544,6.0,5.0,False,True
TD3 Twin Critic,2027,test_0000,short,PPO,6.832492806792438,683.2492806792438,0.02198159800002486,2,45.492597944829534,32.006993770599365,1.1782056754789636,30.819917678833008,33.40999221801758,,,0.25,0.024171805656936423,0.20843839645385742,0.2686031758785248,6.0,5.0,False,True
TD3 Twin Critic,2027,test_0000,short,SAC,6.567008593070727,656.7008593070727,0.031999077000023135,2,31.250901393164465,32.67005252838135,0.9456233713388665,31.542675018310547,34.096710205078125,,,0.25,0.025415731788929113,0.22059254348278046,0.29045599699020386,6.0,5.0,False,True
TD3 Twin Critic,2027,test_0000,short,MADDPG,6.492881123206353,649.2881123206353,0.024403157999927316,8,40.97830289026439,32.790733337402344,0.5483220817027893,32.17394256591797,33.589942932128906,,,0.2500000074505806,0.007075130701103944,0.2382345199584961,0.25706127285957336,6.000000178813934,5.000000178813934,False,True
TD3 Twin Critic,2027,test_0000,short,AB-QMIX,6.675049890130279,667.5049890130279,0.011089239000057205,8,90.1775135331506,31.944612503051758,0.0,31.944612503051758,31.944612503051758,,,0.14798040688037872,0.0,0.14798040688037872,0.14798040688037872,3.5515297651290894,2.5515297651290894,False,True
TD3 Twin Critic,2027,test_0000,short,ABPO,14.9596705069938,1495.9670506993803,0.06868449500007046,120,14.559326671892604,16.458333333333332,5.124322448437018,5.0,18.75,,,0.25,0.0577350234776868,0.15000000596046448,0.3499999940395355,6.0,5.0,False,True
TD3 Twin Critic,2027,test_0001,medium,PSO / Metaheuristic,15.421451638355876,1542.1451638355875,0.029137426000033884,12,34.320121482207696,18.121963024139404,1.8375693597509817,15.549571990966797,20.637367248535156,,,0.24999999441206455,0.11591102664654832,0.0695926770567894,0.3887113928794861,5.999999865889549,4.999999865889549,False,True
TD3 Twin Critic,2027,test_0001,medium,DDPG,10.503056954857849,1050.3056954857848,0.019320405999906143,2,51.75874668497432,30.495408058166504,3.240477112323446,25.866138458251953,35.0303840637207,,,0.2500000037252903,0.07469817422406884,0.190720334649086,0.3773118257522583,6.000000089406967,5.000000089406967,False,True
TD3 Twin Critic,2027,test_0001,medium,PPO,8.627091117608982,862.7091117608983,0.01638509500003238,2,61.03107732961108,34.745038986206055,1.030824186479546,33.23956298828125,36.07963562011719,,,0.2499999962747097,0.02698662149901609,0.22696708142757416,0.29526281356811523,5.999999910593033,4.999999910593033,False,True
TD3 Twin Critic,2027,test_0001,medium,SAC,9.875300576593204,987.5300576593205,0.021988375999967502,2,45.47857467970704,31.965295791625977,1.3504518971466923,30.17540168762207,33.88355255126953,,,0.25,0.00897162671301799,0.24178963899612427,0.26369401812553406,6.0,5.0,False,True
TD3 Twin Critic,2027,test_0001,medium,MADDPG,10.428732833156385,1042.8732833156384,0.022825040000043373,8,43.81153329843452,30.82057523727417,0.6701460646835916,29.6961727142334,31.345163345336914,,,0.2499999962747097,0.005020425546208389,0.244271382689476,0.25787782669067383,5.999999910593033,4.999999910593033,False,True
TD3 Twin Critic,2027,test_0001,medium,AB-QMIX,9.653927597123324,965.3927597123325,0.011732867999967311,8,85.23065289772168,31.944612503051758,0.0,31.944612503051758,31.944612503051758,,,0.14798040688037872,0.0,0.14798040688037872,0.14798040688037872,3.5515297651290894,2.5515297651290894,False,True
TD3 Twin Critic,2027,test_0001,medium,ABPO,16.37467606365777,1637.467606365777,0.06116476199997578,120,16.34928294171072,16.458333333333332,5.124322448437018,5.0,18.75,,,0.25,0.0,0.25,0.25,6.0,5.0,False,True
TD3 Twin Critic,2027,test_0002,long,PSO / Metaheuristic,12.280594969449453,1228.0594969449453,0.051166435999903115,12,19.544062048837905,23.433441996574402,12.561332612634235,7.143834590911865,42.22732162475586,,,0.2499999962747097,0.1536267771752689,0.07221701741218567,0.48199737071990967,10.999999836087227,9.999999836087227,False,True
TD3 Twin Critic,2027,test_0002,long,DDPG,8.795332109178743,879.5332109178743,0.023721500999954515,2,42.15584840107367,33.148282051086426,2.3603871180386937,31.351341247558594,37.111671447753906,,,0.2500000074505806,0.010573911855596061,0.23741936683654785,0.26116469502449036,11.000000327825546,10.000000327825546,False,True
TD3 Twin Critic,2027,test_0002,long,PPO,8.491539824230626,849.1539824230626,0.021408796000059738,2,46.70977293618986,34.1132173538208,1.2016332101992102,32.490779876708984,35.34886932373047,,,0.25,0.014594580641974494,0.23648220300674438,0.27390748262405396,11.0,10.0,False,True
TD3 Twin Critic,2027,test_0002,long,SAC,8.72070588930812,872.0705889308119,0.026586981000036758,2,37.612393825331935,33.24897241592407,2.020302556252618,30.234464645385742,35.8501091003418,,,0.2499999925494194,0.005933369151436252,0.24040012061595917,0.25573086738586426,10.999999672174454,9.999999672174454,False,True
TD3 Twin Critic,2027,test_0002,long,MADDPG,8.480271657690356,848.0271657690356,0.02781108299996049,8,35.95688812267471,34.00397968292236,1.3878801718927682,32.89131164550781,36.36277770996094,,,0.2499999925494194,0.013164916153395193,0.23051372170448303,0.2674252390861511,10.999999672174454,9.999999672174454,False,True
TD3 Twin Critic,2027,test_0002,long,AB-QMIX,9.334287675432272,933.4287675432272,0.01629635300002974,8,61.36342284670534,31.944612503051758,0.0,31.944612503051758,31.944612503051758,,,0.14798040688037872,0.0,0.14798040688037872,0.14798040688037872,6.511137902736664,5.511137902736664,False,True
TD3 Twin Critic,2027,test_0002,long,ABPO,17.364379444675137,1736.4379444675137,0.10632674900000438,220,9.404971085873779,16.875,4.238956239453293,5.0,18.75,,,0.25,0.04767312662073967,0.15000000596046448,0.3499999940395355,11.0,10.0,False,True
TD3 Twin Critic,2027,test_0003,very_long,PSO / Metaheuristic,16.864480563660827,1686.4480563660827,0.07621447399992576,12,13.120867304036949,10.922828555107117,4.582251449017183,6.465893268585205,18.244951248168945,,,0.2500000037252903,0.1073376911614248,0.11078085005283356,0.4092760384082794,16.00000023841858,15.000000238418579,False,True
TD3 Twin Critic,2027,test_0003,very_long,DDPG,5.587303982784704,558.7303982784704,0.028165226000055554,2,35.50477457550057,32.07988405227661,1.1957799044834116,30.784683227539062,33.34852981567383,,,0.2499999962747097,0.0268507782005159,0.22099103033542633,0.2886495888233185,15.999999761581421,14.999999761581421,False,True
TD3 Twin Critic,2027,test_0003,very_long,PPO,5.24055294578322,524.055294578322,0.026995373999966432,2,37.04338380350809,33.37027072906494,2.4376417607886687,30.472270965576172,37.173484802246094,,,0.2500000037252903,0.039783411609030615,0.1865103840827942,0.28645575046539307,16.00000023841858,15.000000238418579,False,True
TD3 Twin Critic,2027,test_0003,very_long,SAC,5.314067240560167,531.4067240560166,0.0317433830000482,2,31.50262843750717,33.0208740234375,0.7928075238972003,32.2137565612793,34.24100112915039,,,0.25,0.014971501329128875,0.22914226353168488,0.2714364528656006,16.0,15.0,False,True
TD3 Twin Critic,2027,test_0003,very_long,MADDPG,5.586685926659051,558.6685926659051,0.03592054199998529,8,27.83922358410988,32.06072282791138,0.48813291943570897,31.324445724487305,32.69234848022461,,,0.2499999962747097,0.012473861610857865,0.2388814091682434,0.2701687216758728,15.999999761581421,14.999999761581421,False,True
TD3 Twin Critic,2027,test_0003,very_long,AB-QMIX,5.525142743693729,552.5142743693729,0.022015292999981284,8,45.42297029618684,31.944612503051758,0.0,31.944612503051758,31.944612503051758,,,0.14798040688037872,0.0,0.14798040688037872,0.14798040688037872,9.470746040344238,8.470746040344238,False,True
TD3 Twin Critic,2027,test_0003,very_long,ABPO,18.879879595724987,1887.9879595724985,0.17115991299999678,320,5.84248953199701,8.4375,4.210060495408587,5.0,18.75,,,0.25,0.0,0.25,0.25,16.0,15.0,False,True
TD3 Twin Critic,2027,test_0004,short,PSO / Metaheuristic,13.858492957937685,1385.8492957937683,0.02494922799996857,12,40.08140051472774,23.536657333374023,5.924083998231791,13.702445983886719,28.562788009643555,,,0.2500000046566129,0.32817809171174267,0.05053367465734482,0.8182671070098877,5.0000000931322575,4.0000000931322575,False,True
TD3 Twin Critic,2027,test_0004,short,DDPG,12.09198189468989,1209.198189468989,0.01887888099997781,2,52.96924113252133,31.802762985229492,1.0058783755280793,30.345420837402344,33.152626037597656,,,0.2499999962747097,0.0372939829070225,0.2207098752260208,0.312877357006073,4.999999925494194,3.999999925494194,False,True
TD3 Twin Critic,2027,test_0004,short,PPO,12.451244288361336,1245.1244288361336,0.015522734000001037,2,64.42164118768854,31.916289806365967,3.209024528689948,29.27991485595703,37.1966552734375,,,0.2499999962747097,0.05699945681897095,0.18576666712760925,0.32322123646736145,4.999999925494194,3.999999925494194,False,True
TD3 Twin Critic,2027,test_0004,short,SAC,11.469037567870512,1146.9037567870512,0.022546341000065695,2,44.35309481024377,33.063538551330566,0.3477242753221902,32.68132019042969,33.4232292175293,,,0.2499999925494194,0.01671709160857077,0.2285679131746292,0.27320802211761475,4.999999850988388,3.999999850988388,False,True
TD3 Twin Critic,2027,test_0004,short,MADDPG,11.573566312216204,1157.3566312216205,0.022434099000065544,8,44.575001652487956,33.13794803619385,0.5299612202263259,32.259403228759766,33.65106964111328,,,0.2500000111758709,0.008308872960736863,0.23722919821739197,0.25997477769851685,5.000000223517418,4.000000223517418,False,True
TD3 Twin Critic,2027,test_0004,short,AB-QMIX,11.687536978975029,1168.753697897503,0.01022623599999406,8,97.78769040735818,31.944612503051758,0.0,31.944612503051758,31.944612503051758,,,0.14798040688037872,0.0,0.14798040688037872,0.14798040688037872,2.9596081376075745,1.9596081376075745,False,True
TD3 Twin Critic,2027,test_0004,short,ABPO,15.596908675528377,1559.6908675528375,0.05202129799999966,100,19.222895976182805,20.125,6.73609679265374,11.875,32.5,,,0.25,0.06324554943363885,0.15000000596046448,0.3499999940395355,5.0,4.0,False,True
TD3 Twin Critic,2027,test_0005,medium,PSO / Metaheuristic,4.185719054793767,418.57190547937665,0.028943424999965828,12,34.55016121973058,33.27222990989685,19.746027042714314,6.205183982849121,56.633785247802734,,,0.25000000186264515,0.13323119322320745,0.10715845972299576,0.46839675307273865,6.000000044703484,5.000000044703484,False,True
TD3 Twin Critic,2027,test_0005,medium,DDPG,3.4403955967230977,344.03955967230974,0.01942232100009278,2,51.487152333401504,32.052268981933594,1.317787699269321,30.780315399169922,34.023582458496094,,,0.25,0.021847138777711522,0.23283377289772034,0.28750795125961304,6.0,5.0,False,True
TD3 Twin Critic,2027,test_0005,medium,PPO,3.7322265795802476,373.22265795802474,0.016407969999931993,2,60.94599149097328,30.641623497009277,4.688077352940234,25.507095336914062,38.279083251953125,,,0.25,0.007413991052155181,0.23951509594917297,0.2574407756328583,6.0,5.0,False,True
TD3 Twin Critic,2027,test_0005,medium,SAC,3.330754927336084,333.0754927336084,0.021327283999994506,2,46.888295762379194,32.92230415344238,0.9337764049001488,32.00181579589844,34.08045196533203,,,0.25,0.012479356329171097,0.23534177243709564,0.26730039715766907,6.0,5.0,False,True
TD3 Twin Critic,2027,test_0005,medium,MADDPG,3.3458007971206762,334.58007971206763,0.022611428000004707,8,44.22542441812131,32.80100679397583,1.2182519299291306,31.64124870300293,34.84183120727539,,,0.2500000149011612,0.015603916832682908,0.2327297031879425,0.2682332694530487,6.000000357627869,5.000000357627869,False,True
TD3 Twin Critic,2027,test_0005,medium,AB-QMIX,3.3976195639521714,339.7619563952171,0.011024577999933172,8,90.70641978369257,31.944612503051758,0.0,31.944612503051758,31.944612503051758,,,0.14798040688037872,0.0,0.14798040688037872,0.14798040688037872,3.5515297651290894,2.5515297651290894,False,True
TD3 Twin Critic,2027,test_0005,medium,ABPO,12.299578315685546,1229.9578315685546,0.059973188000071787,120,16.674117774076027,13.020833333333334,6.170501341508285,5.0,18.75,,,0.25,0.0577350234776868,0.15000000596046448,0.3499999940395355,6.0,5.0,False,True
TD3 Twin Critic,2027,test_0006,long,PSO / Metaheuristic,8.847447710091714,884.7447710091714,0.08393564099992545,12,11.913890072048037,21.459619283676147,10.396252131436944,10.769158363342285,38.58332061767578,,,0.2499999925494194,0.12185383115150314,0.12308770418167114,0.4279820919036865,17.999999463558197,16.999999463558197,False,True
TD3 Twin Critic,2027,test_0006,long,DDPG,3.9945466492788566,399.45466492788563,0.030561882000029073,2,32.720498037360684,31.964333057403564,2.3175296544436197,29.58978843688965,35.59178924560547,,,0.25,0.02747093867652144,0.20494595170021057,0.27271535992622375,18.0,17.0,False,True
TD3 Twin Critic,2027,test_0006,long,PPO,4.218716883366718,421.8716883366718,0.029135146000044188,2,34.322807237639495,30.667080879211426,1.651813925612927,28.284517288208008,32.58137130737305,,,0.2499999962747097,0.01314654835270854,0.2351473867893219,0.2664392292499542,17.9999997317791,16.9999997317791,False,True
TD3 Twin Critic,2027,test_0006,long,SAC,3.859783731746535,385.97837317465354,0.03793486999995821,2,26.360970790228137,32.699538230895996,1.994153258169871,29.660144805908203,35.14149475097656,,,0.25,0.04133946974767544,0.22009646892547607,0.3212060332298279,18.0,17.0,False,True
TD3 Twin Critic,2027,test_0006,long,MADDPG,3.904063683597272,390.4063683597272,0.03550238800005445,8,28.167119349787576,32.39565658569336,1.7291195503535228,30.038055419921875,34.179962158203125,,,0.2500000074505806,0.010809644439310878,0.23429974913597107,0.2639257311820984,18.000000536441803,17.000000536441803,False,True
TD3 Twin Critic,2027,test_0006,long,AB-QMIX,3.916994325128196,391.6994325128196,0.023647269999969467,8,42.288179565814204,31.944612503051758,0.0,31.944612503051758,31.944612503051758,,,0.14798040688037872,0.0,0.14798040688037872,0.14798040688037872,10.654589295387268,9.654589295387268,False,True
TD3 Twin Critic,2027,test_0006,long,ABPO,19.14212386556775,1914.212386556775,0.2610429329999988,360,3.830787481996322,5.381944444444445,1.5747972875623009,5.0,11.875,,,0.25,0.04714044926931327,0.15000000596046448,0.3499999940395355,18.0,17.0,False,True
TD3 Twin Critic,2027,test_0007,very_long,PSO / Metaheuristic,12.876293328847057,1287.6293328847057,0.11951801300006082,12,8.366939634442309,17.39667057991028,6.381861236683063,8.750160217285156,24.471975326538086,,,0.25000000186264515,0.10261726975712913,0.07629335671663284,0.33654704689979553,15.000000111758709,14.000000111758709,False,True
TD3 Twin Critic,2027,test_0007,very_long,DDPG,7.685507602752635,768.5507602752634,0.04360686600000463,2,22.93216852593566,32.030516147613525,0.7697673518406173,31.259763717651367,32.91425704956055,,,0.25,0.010432382314571796,0.2348741888999939,0.2643548250198364,15.0,14.0,False,True
TD3 Twin Critic,2027,test_0007,very_long,PPO,7.840932706058349,784.093270605835,0.12052338399996643,2,8.297145058591108,31.70724630355835,1.2687303421866147,29.856569290161133,33.348602294921875,,,0.25,0.021862502906216167,0.23134580254554749,0.2849887013435364,15.0,14.0,False,True
TD3 Twin Critic,2027,test_0007,very_long,SAC,7.641553678312603,764.1553678312602,0.11956630899999254,2,8.363560005854678,32.099419593811035,0.18616860011749983,31.796215057373047,32.280738830566406,,,0.2499999962747097,0.018696969871311267,0.2384902387857437,0.28237390518188477,14.999999776482582,13.999999776482582,False,True
TD3 Twin Critic,2027,test_0007,very_long,MADDPG,7.799657372252413,779.9657372252414,0.14778805600008127,8,6.76644667414429,31.757567882537842,0.956739899417522,30.521318435668945,33.14019775390625,,,0.25,0.012439016417517119,0.2365908920764923,0.2649012506008148,15.0,14.0,False,True
TD3 Twin Critic,2027,test_0007,very_long,AB-QMIX,7.566750716509537,756.6750716509537,0.09268570599999748,8,10.78915016302543,31.944612503051758,0.0,31.944612503051758,31.944612503051758,,,0.14798040688037872,0.0,0.14798040688037872,0.14798040688037872,8.878824412822723,7.878824412822723,False,True
TD3 Twin Critic,2027,test_0007,very_long,ABPO,17.85557254740705,1785.557254740705,0.24658659099998204,300,4.055370553381278,12.333333333333334,6.383844627042721,5.0,18.75,,,0.25,0.04830458627478692,0.15000000596046448,0.3499999940395355,15.0,14.0,False,True
TD3 Twin Critic,2027,test_0008,short,PSO / Metaheuristic,4.406369802025998,440.63698020259983,0.4655008419999831,12,2.1482238264136937,17.76018536090851,7.533404018463092,5.547699451446533,25.849552154541016,,,0.25000000558793545,0.10228014871954641,0.07309671491384506,0.31633228063583374,60.00000134110451,59.00000134110451,False,True
TD3 Twin Critic,2027,test_0008,short,DDPG,3.370418874557654,337.04188745576545,0.10892024700001457,2,9.181029492155542,32.227336406707764,2.4311615609268795,30.106271743774414,36.20749282836914,,,0.2499999962747097,0.03725245463659433,0.19237641990184784,0.29518455266952515,59.99999910593033,58.99999910593033,False,True
TD3 Twin Critic,2027,test_0008,short,PPO,3.2861209197967702,328.612091979677,0.12486392799996793,2,8.008718098314645,33.056718826293945,0.44185187881219185,32.63062286376953,33.796714782714844,,,0.25,0.0200457601067791,0.22525613009929657,0.28011849522590637,60.0,59.0,False,True
TD3 Twin Critic,2027,test_0008,short,SAC,3.2400111121031476,324.0011112103148,0.1126017149999825,2,8.880859407870966,33.58327865600586,1.2472043414263416,32.760982513427734,35.74043273925781,,,0.25,0.01415741121136863,0.2291039526462555,0.26835867762565613,60.0,59.0,False,True
TD3 Twin Critic,2027,test_0008,short,MADDPG,3.3602226428198305,336.0222642819831,0.15221548199997414,8,6.569633961413793,32.769408226013184,1.5255855896964539,31.557504653930664,35.31102752685547,,,0.2500000037252903,0.012122163134681911,0.2359313666820526,0.26645001769065857,60.00000089406967,59.00000089406967,False,True
TD3 Twin Critic,2027,test_0008,short,AB-QMIX,3.335838772485139,333.5838772485139,0.10421085900009075,8,9.595928961674995,31.944612503051758,0.0,31.944612503051758,31.944612503051758,,,0.14798040688037872,0.0,0.14798040688037872,0.14798040688037872,35.515297651290894,34.515297651290894,False,True
TD3 Twin Critic,2027,test_0008,short,ABPO,6.33289170125805,633.2891701258051,0.8507223410000506,1200,1.1754716572089419,18.0625,2.996743023684213,5.0,18.75,,,0.25,0.06892023965248446,0.15000000596046448,0.3499999940395355,60.0,59.0,False,True
TD3 Twin Critic,2027,test_0009,medium,PSO / Metaheuristic,8.818764678406207,881.8764678406208,0.038989963000062744,12,25.647626287780543,26.106076955795288,15.457505416542286,11.505084991455078,48.266536712646484,,,0.25000000931322575,0.16233283683911154,0.12257734686136246,0.5287775993347168,8.000000298023224,7.000000298023224,False,True
TD3 Twin Critic,2027,test_0009,medium,DDPG,6.534806597093464,653.4806597093465,0.04400397200004136,2,22.72522125955039,31.129262924194336,2.1728476587091192,29.38670539855957,34.84115982055664,,,0.25,0.048140987912222696,0.21236932277679443,0.33258703351020813,8.0,7.0,False,True
TD3 Twin Critic,2027,test_0009,medium,PPO,6.392786524809738,639.2786524809738,0.01904573700005585,2,52.505187906200085,31.474663257598877,3.662076422323139,25.166433334350586,33.90260696411133,,,0.2500000037252903,0.03667471052228367,0.21503368020057678,0.3116209805011749,8.00000011920929,7.0000001192092896,False,True
TD3 Twin Critic,2027,test_0009,medium,SAC,6.145867009521066,614.5867009521066,0.024033619000078943,2,41.60838199177225,32.356210708618164,2.2982928792575543,29.470090866088867,35.76607894897461,,,0.2500000074505806,0.012125716580728916,0.2364426702260971,0.2639678418636322,8.000000238418579,7.000000238418579,False,True
TD3 Twin Critic,2027,test_0009,medium,MADDPG,6.1236986428194164,612.3698642819417,0.02496521600005508,8,40.055731943108114,32.3898983001709,0.701775630506191,31.635093688964844,33.385284423828125,,,0.2499999888241291,0.02680682357658814,0.21247443556785583,0.286482572555542,7.999999642372131,6.999999642372131,False,True
TD3 Twin Critic,2027,test_0009,medium,AB-QMIX,6.201900151800743,620.1900151800743,0.01320965900004012,8,75.70218125971026,31.944612503051758,0.0,31.944612503051758,31.944612503051758,,,0.14798040688037872,0.0,0.14798040688037872,0.14798040688037872,4.735373020172119,3.735373020172119,False,True
TD3 Twin Critic,2027,test_0009,medium,ABPO,15.506137731102136,1550.6137731102135,0.07845004299997527,160,12.746965607148427,16.171875,4.78479749930705,5.0,18.75,,,0.25,0.06614377883413809,0.15000000596046448,0.3499999940395355,8.0,7.0,False,True
TD3 Twin Critic,2028,test_0000,short,PSO / Metaheuristic,15.671577343618297,1567.1577343618299,0.028712014000007002,12,34.82862609358424,13.100042819976807,5.628535606533376,5.392341613769531,21.250539779663086,,,0.24999999441206455,0.15390464225959552,0.08360365778207779,0.45522934198379517,5.999999865889549,4.999999865889549,False,True
TD3 Twin Critic,2028,test_0000,short,DDPG,6.764997978110903,676.4997978110903,0.019180135000055998,2,52.137276405879334,32.629311084747314,1.5986271957811842,30.116716384887695,34.13859939575195,,,0.2500000037252903,0.007752677192894888,0.23939236998558044,0.2610795497894287,6.000000089406967,5.000000089406967,False,True
TD3 Twin Critic,2028,test_0000,short,PPO,6.743698084965428,674.3698084965428,0.016792812999938178,2,59.54928456618206,32.79541826248169,2.9600977388258567,29.70025062561035,36.3979606628418,,,0.2500000074505806,0.014593007955593765,0.2251811921596527,0.2607190012931824,6.000000178813934,5.000000178813934,False,True
TD3 Twin Critic,2028,test_0000,short,SAC,6.400217723274845,640.0217723274845,0.021442788999934237,2,46.63572448542337,33.588417053222656,1.1421308319647692,32.14849853515625,34.961849212646484,,,0.25,0.012051097486050951,0.22996217012405396,0.2621092200279236,6.0,5.0,False,True
TD3 Twin Critic,2028,test_0000,short,MADDPG,6.660211051758231,666.0211051758231,0.022639604999994845,8,44.17038194792832,32.85739040374756,0.9242640672157248,31.31893539428711,33.58930969238281,,,0.25,0.00452316171506372,0.24386999011039734,0.25528213381767273,6.0,5.0,False,True
TD3 Twin Critic,2028,test_0000,short,AB-QMIX,6.879729607826774,687.9729607826774,0.0114556219999713,8,87.293383109403,31.944612503051758,0.0,31.944612503051758,31.944612503051758,,,0.14798040688037872,0.0,0.14798040688037872,0.14798040688037872,3.5515297651290894,2.5515297651290894,False,True
TD3 Twin Critic,2028,test_0000,short,ABPO,16.95605718366376,1695.6057183663759,0.06318052100004934,120,15.827663086210054,14.166666666666666,5.1243224484370185,5.0,18.75,,,0.25,0.0288675117388434,0.15000000596046448,0.3499999940395355,6.0,5.0,False,True
TD3 Twin Critic,2028,test_0001,medium,PSO / Metaheuristic,14.85668332272311,1485.6683322723109,0.033472055999936856,12,29.87566703407423,28.017251014709473,5.7294483203748205,18.995559692382812,34.2673225402832,,,0.24999999813735485,0.12355793158752311,0.12327411025762558,0.39552268385887146,6.999999947845936,5.999999947845936,False,True
TD3 Twin Critic,2028,test_0001,medium,DDPG,13.364677939392303,1336.4677939392302,0.019914403999905517,2,50.21490977107547,31.74031114578247,1.1193350779395177,30.167522430419922,33.24974060058594,,,0.25,0.03079802424790206,0.2258700132369995,0.3028949797153473,7.0,6.0,False,True
TD3 Twin Critic,2028,test_0001,medium,PPO,12.97282416624308,1297.282416624308,0.017035362999990866,2,58.701420098916365,32.455867290496826,2.159353548366261,29.322420120239258,35.389705657958984,,,0.25,0.02512169560259732,0.2208201140165329,0.28981903195381165,7.0,6.0,False,True
TD3 Twin Critic,2028,test_0001,medium,SAC,13.267992687404972,1326.7992687404972,0.022443236999947658,2,44.55685247196437,31.872042655944824,1.390735686668473,30.23972511291504,34.03461837768555,,,0.2499999962747097,0.015703481003170018,0.22957287728786469,0.27336385846138,6.999999895691872,5.999999895691872,False,True
TD3 Twin Critic,2028,test_0001,medium,MADDPG,13.399900753714075,1339.9900753714076,0.026183158999970146,8,38.19248853819129,31.789186000823975,1.4274761583044102,29.335569381713867,32.84249496459961,,,0.2500000149011612,0.010977240057959683,0.23697209358215332,0.2655859887599945,7.000000417232513,6.000000417232513,False,True
TD3 Twin Critic,2028,test_0001,medium,AB-QMIX,13.051536446130147,1305.1536446130146,0.012209480999899824,8,81.90356330528749,31.944612503051758,0.0,31.944612503051758,31.944612503051758,,,0.14798040688037872,0.0,0.14798040688037872,0.14798040688037872,4.143451392650604,3.1434513926506042,False,True
TD3 Twin Critic,2028,test_0001,medium,ABPO,19.167724995441123,1916.7724995441122,0.07004500799996549,140,14.276534881693392,16.785714285714285,4.8114977090383855,5.0,18.75,,,0.25,0.0,0.25,0.25,7.0,6.0,False,True
TD3 Twin Critic,2028,test_0002,long,PSO / Metaheuristic,9.074955585735978,907.4955585735978,0.051421783000023424,12,19.447011395920374,26.85185694694519,15.200217691610229,10.201870918273926,49.66241455078125,,,0.25000000186264515,0.11336610583042574,0.1061304584145546,0.4088345170021057,11.000000081956387,10.000000081956387,False,True
TD3 Twin Critic,2028,test_0002,long,DDPG,6.0819555139928925,608.1955513992892,0.023701138999967952,2,42.19206511557745,31.85008430480957,0.587767744735331,30.83987045288086,32.30413818359375,,,0.2500000037252903,0.03362768668469553,0.21125498414039612,0.2918323874473572,11.000000163912773,10.000000163912773,False,True
TD3 Twin Critic,2028,test_0002,long,PPO,6.510839050268168,651.0839050268169,0.02375206600004276,2,42.10160076172741,30.824127197265625,2.0861264162068087,28.72995948791504,34.17848587036133,,,0.2499999962747097,0.05039006006966864,0.19766050577163696,0.3306877017021179,10.999999836087227,9.999999836087227,False,True
TD3 Twin Critic,2028,test_0002,long,SAC,5.898909362728215,589.8909362728216,0.027428879000012785,2,36.45792451086076,32.58449029922485,1.408059347168264,30.778406143188477,34.6668815612793,,,0.25,0.016025320900035427,0.22558416426181793,0.2669605016708374,11.0,10.0,False,True
TD3 Twin Critic,2028,test_0002,long,MADDPG,5.799208522705861,579.9208522705861,0.02782654800000728,8,35.936904570403,32.75029134750366,1.349565930622595,30.864675521850586,34.19178009033203,,,0.2499999888241291,0.010520084553219374,0.2376057207584381,0.26531168818473816,10.99999950826168,9.99999950826168,False,True
TD3 Twin Critic,2028,test_0002,long,AB-QMIX,6.015537954749087,601.5537954749087,0.016163087999984782,8,61.869365556936984,31.944612503051758,0.0,31.944612503051758,31.944612503051758,,,0.14798040688037872,0.0,0.14798040688037872,0.14798040688037872,6.511137902736664,5.511137902736664,False,True
TD3 Twin Critic,2028,test_0002,long,ABPO,17.963398958593665,1796.3398958593664,0.10537509100004172,220,9.489908767904211,11.25,3.5355339059327378,5.0,18.75,,,0.25,0.0707106739039699,0.15000000596046448,0.3499999940395355,11.0,10.0,False,True
TD3 Twin Critic,2028,test_0003,very_long,PSO / Metaheuristic,8.877974270063978,887.7974270063978,0.06774169699997401,12,14.761956731027622,21.378045916557312,15.372321806074313,5.953126430511475,46.97926712036133,,,0.25000000186264515,0.14788098881935408,0.09160614013671875,0.4283512830734253,11.000000081956387,10.000000081956387,False,True
TD3 Twin Critic,2028,test_0003,very_long,DDPG,5.618034634530466,561.8034634530466,0.02563494499997887,2,39.00925084882469,31.630682945251465,1.7654778692010458,29.071687698364258,33.98377990722656,,,0.2500000037252903,0.027118715914531865,0.20576591789722443,0.27577877044677734,11.000000163912773,10.000000163912773,False,True
TD3 Twin Critic,2028,test_0003,very_long,PPO,5.916205005905206,591.6205005905206,0.02150785099991026,2,46.49464979110058,31.00300693511963,3.814291274923826,26.886962890625,37.21208953857422,,,0.2500000037252903,0.01293947009524354,0.2294469177722931,0.26389843225479126,11.000000163912773,10.000000163912773,False,True
TD3 Twin Critic,2028,test_0003,very_long,SAC,5.3664538250816705,536.645382508167,0.02659681099999034,2,37.598492541093115,32.55467414855957,0.8264695782184439,31.818323135375977,33.916236877441406,,,0.25,0.02790183540232693,0.21910111606121063,0.2952999472618103,11.0,10.0,False,True
TD3 Twin Critic,2028,test_0003,very_long,MADDPG,5.670018774723091,567.0018774723092,0.027640003999977125,8,36.17944483657917,31.495347023010254,1.4486579725511597,29.80196189880371,33.720069885253906,,,0.2500000037252903,0.010522216309185643,0.23780623078346252,0.26092463731765747,11.000000163912773,10.000000163912773,False,True
TD3 Twin Critic,2028,test_0003,very_long,AB-QMIX,5.429331547214546,542.9331547214546,0.016096596000011232,8,62.124936228709615,31.944612503051758,0.0,31.944612503051758,31.944612503051758,,,0.14798040688037872,0.0,0.14798040688037872,0.14798040688037872,6.511137902736664,5.511137902736664,False,True
TD3 Twin Critic,2028,test_0003,very_long,ABPO,16.536318101672396,1653.6318101672396,0.11384486500003277,220,8.783883225648449,11.25,6.187184335382291,5.0,18.75,,,0.25,0.030151132660628705,0.15000000596046448,0.3499999940395355,11.0,10.0,False,True
TD3 Twin Critic,2028,test_0004,short,PSO / Metaheuristic,12.731625317649312,1273.1625317649311,0.033494332000032045,12,29.855797691353967,24.771589756011963,14.864126098991857,10.806764602661133,49.777587890625,,,0.25,0.1103542794974127,0.11469525098800659,0.3756551444530487,6.0,5.0,False,True
TD3 Twin Critic,2028,test_0004,short,DDPG,10.706667129598722,1070.6667129598723,0.02287310599990633,2,43.71946687100979,31.70155668258667,0.6125596810635919,30.68790626525879,32.3011360168457,,,0.2500000037252903,0.033226277537403,0.21333126723766327,0.2836362421512604,6.000000089406967,5.000000089406967,False,True
TD3 Twin Critic,2028,test_0004,short,PPO,10.423754450470739,1042.3754450470738,0.020746713999983513,2,48.20040417006735,31.185280323028564,3.930733261041737,28.355852127075195,37.905487060546875,,,0.25,0.041677932921999415,0.20059190690517426,0.31413665413856506,6.0,5.0,False,True
TD3 Twin Critic,2028,test_0004,short,SAC,10.975507208138374,1097.5507208138374,0.024266013999977076,2,41.20989957398626,30.891183853149414,0.3362365223135554,30.463436126708984,31.27767562866211,,,0.2500000074505806,0.025951317124414116,0.2245052605867386,0.2920621633529663,6.000000178813934,5.000000178813934,False,True
TD3 Twin Critic,2028,test_0004,short,MADDPG,11.043621306173213,1104.3621306173213,0.023914572999956363,8,41.815507222387986,30.84962749481201,1.1733133378857326,29.77435302734375,32.81101989746094,,,0.25,0.005611922333059051,0.2422390878200531,0.2580135762691498,6.0,5.0,False,True
TD3 Twin Critic,2028,test_0004,short,AB-QMIX,10.369237269738344,1036.9237269738344,0.011385463999999956,8,87.83129084594215,31.944612503051758,0.0,31.944612503051758,31.944612503051758,,,0.14798040688037872,0.0,0.14798040688037872,0.14798040688037872,3.5515297651290894,2.5515297651290894,False,True
TD3 Twin Critic,2028,test_0004,short,ABPO,15.829830897679692,1582.9830897679692,0.06467966600007458,120,15.460809584249352,16.458333333333332,3.2409060804383425,11.875,18.75,,,0.25,0.06454971858932701,0.15000000596046448,0.3499999940395355,6.0,5.0,False,True
TD3 Twin Critic,2028,test_0005,medium,PSO / Metaheuristic,7.18784120755523,718.784120755523,0.033356552999975975,12,29.979116847017146,23.17418646812439,17.243856884191892,12.354615211486816,53.01505661010742,,,0.2499999925494194,0.25566472957649,0.059713393449783325,0.6879738569259644,6.999999791383743,5.999999791383743,False,True
TD3 Twin Critic,2028,test_0005,medium,DDPG,3.3150217025424658,331.5021702542466,0.019833291000054487,2,50.420275686836476,30.335190773010254,3.6005101134100315,26.87525177001953,36.23594665527344,,,0.2500000037252903,0.0356645946580751,0.19228823482990265,0.2878159284591675,7.000000104308128,6.000000104308128,False,True
TD3 Twin Critic,2028,test_0005,medium,PPO,3.3542637117914245,335.42637117914245,0.01692036300005384,2,59.100386912314946,30.1438570022583,2.4450665905364097,28.046894073486328,34.309757232666016,,,0.25,0.01832612167915287,0.22694437205791473,0.272045373916626,7.0,6.0,False,True
TD3 Twin Critic,2028,test_0005,medium,SAC,3.0226851469856757,302.26851469856757,0.021761126999990665,2,45.95350231632897,32.81786012649536,1.335914195363943,30.760007858276367,34.312374114990234,,,0.2499999962747097,0.003145622343356161,0.2455766797065735,0.25442904233932495,6.999999895691872,5.999999895691872,False,True
TD3 Twin Critic,2028,test_0005,medium,MADDPG,2.9292107870429183,292.9210787042918,0.023082687000055557,8,43.322512669239636,33.81871795654297,1.4695906640527951,31.427345275878906,35.29638671875,,,0.2500000149011612,0.0071727167071423134,0.23770174384117126,0.25512805581092834,7.000000417232513,6.000000417232513,False,True
TD3 Twin Critic,2028,test_0005,medium,AB-QMIX,3.072892020356624,307.2892020356624,0.013212997999971776,8,75.68305088687185,31.944612503051758,0.0,31.944612503051758,31.944612503051758,,,0.14798040688037872,0.0,0.14798040688037872,0.14798040688037872,4.143451392650604,3.1434513926506042,False,True
TD3 Twin Critic,2028,test_0005,medium,ABPO,16.428417673832104,1642.8417673832105,0.07965451799998391,140,12.554215694333898,6.964285714285714,4.8114977090383855,5.0,18.75,,,0.25,0.026726122598241298,0.15000000596046448,0.3499999940395355,7.0,6.0,False,True
TD3 Twin Critic,2028,test_0006,long,PSO / Metaheuristic,6.202205125756027,620.2205125756028,0.04769657399992866,12,20.965866437314673,24.68957543373108,17.350170322410825,6.640681266784668,42.18241882324219,,,0.25,0.051447295325138774,0.16589882969856262,0.3056126832962036,10.0,9.0,False,True
TD3 Twin Critic,2028,test_0006,long,DDPG,3.2723873093821476,327.23873093821476,0.023026717999982793,2,43.4278128563848,32.98844242095947,1.0862478440090155,31.63089370727539,34.23808288574219,,,0.2500000037252903,0.017844580471767763,0.22904491424560547,0.27730298042297363,10.000000149011612,9.000000149011612,False,True
TD3 Twin Critic,2028,test_0006,long,PPO,3.4521992646659796,345.219926466598,0.024038330000053065,2,41.60022763635379,31.842971324920654,2.7727191607494635,28.316177368164062,36.090843200683594,,,0.2500000037252903,0.01869995586697969,0.22822515666484833,0.2705586850643158,10.000000149011612,9.000000149011612,False,True
TD3 Twin Critic,2028,test_0006,long,SAC,3.2298721365618177,322.9872136561818,0.029829987999960395,2,33.523312178379946,33.37318229675293,1.0419776670953231,31.89722442626953,34.498863220214844,,,0.2499999962747097,0.016337549465827432,0.2273368239402771,0.27174192667007446,9.999999850988388,8.999999850988388,False,True
TD3 Twin Critic,2028,test_0006,long,MADDPG,3.2736308420143,327.36308420142996,0.027172380000024532,8,36.802076225899135,32.97864532470703,0.6331276950341734,32.14210510253906,33.92599105834961,,,0.2500000149011612,0.014367116573654137,0.2330845445394516,0.2663307785987854,10.000000596046448,9.000000596046448,False,True
TD3 Twin Critic,2028,test_0006,long,AB-QMIX,3.3532357955229424,335.32357955229423,0.015006126999992375,8,66.63944667404908,31.944612503051758,0.0,31.944612503051758,31.944612503051758,,,0.14798040688037872,0.0,0.14798040688037872,0.14798040688037872,5.919216275215149,4.919216275215149,False,True
TD3 Twin Critic,2028,test_0006,long,ABPO,16.07672891660233,1607.672891660233,0.11131615199997213,200,8.98342227999626,7.75,5.5,5.0,18.75,,,0.25,0.038729831153596204,0.15000000596046448,0.3499999940395355,10.0,9.0,False,True
TD3 Twin Critic,2028,test_0007,very_long,PSO / Metaheuristic,8.472484879985002,847.2484879985002,0.05538237100006427,12,18.056287261497697,26.910762667655945,11.548175228429553,7.944858074188232,37.52198791503906,,,0.2500000037252903,0.1720258660897199,0.10510645061731339,0.5310482978820801,12.000000178813934,11.000000178813934,False,True
TD3 Twin Critic,2028,test_0007,very_long,DDPG,6.761412854280462,676.1412854280462,0.024937339000075553,2,40.10050952096253,33.906818866729736,1.647013299749329,31.4191837310791,36.04608154296875,,,0.25,0.028599996035387595,0.21085192263126373,0.2813678979873657,12.0,11.0,False,True
TD3 Twin Critic,2028,test_0007,very_long,PPO,7.324645874192218,732.4645874192217,0.023234349000063048,2,43.03972536511724,31.840540885925293,1.1080822164867832,30.012903213500977,32.885215759277344,,,0.25,0.020981328522698704,0.22098536789417267,0.27291354537010193,12.0,11.0,False,True
TD3 Twin Critic,2028,test_0007,very_long,SAC,7.118000520094074,711.8000520094074,0.02779556199993749,2,35.976966394932,32.865673542022705,1.6566420600134688,30.29432487487793,34.567962646484375,,,0.2499999962747097,0.02428615640795066,0.2183016538619995,0.27913081645965576,11.999999821186066,10.999999821186066,False,True
TD3 Twin Critic,2028,test_0007,very_long,MADDPG,7.355341840035268,735.5341840035268,0.029463161999956355,8,33.940688375588515,31.838510036468506,1.2214427237491876,30.457002639770508,33.784114837646484,,,0.2500000111758709,0.016098774704920736,0.22465084493160248,0.2639258801937103,12.000000536441803,11.000000536441803,False,True
TD3 Twin Critic,2028,test_0007,very_long,AB-QMIX,7.140613467411401,714.0613467411401,0.020232098999940717,8,49.426408995079065,31.944612503051758,0.0,31.944612503051758,31.944612503051758,,,0.14798040688037872,0.0,0.14798040688037872,0.14798040688037872,7.103059530258179,6.103059530258179,False,True
TD3 Twin Critic,2028,test_0007,very_long,ABPO,17.063474208767545,1706.3474208767545,0.1291762229999449,240,7.741362742897556,10.729166666666666,6.170501341508285,5.0,18.75,,,0.25,0.06454971858932701,0.15000000596046448,0.3499999940395355,12.0,11.0,False,True
TD3 Twin Critic,2028,test_0008,short,PSO / Metaheuristic,8.51478521024532,851.4785210245319,0.033338397999955305,12,29.99544249250791,18.15836238861084,4.87894260067717,10.686105728149414,24.294931411743164,,,0.25,0.092413126446986,0.15292777121067047,0.349750816822052,7.0,6.0,False,True
TD3 Twin Critic,2028,test_0008,short,DDPG,3.3638392630751857,336.38392630751855,0.020013048000009803,2,49.96740126738867,31.819146633148193,1.059054436215137,30.648035049438477,32.91139221191406,,,0.2499999962747097,0.01329710646630886,0.22709132730960846,0.25964945554733276,6.999999895691872,5.999999895691872,False,True
TD3 Twin Critic,2028,test_0008,short,PPO,3.435223282861872,343.5223282861872,0.017820460000052663,2,56.11527424079091,31.9938325881958,3.9795044847935173,27.126392364501953,37.7635612487793,,,0.2499999962747097,0.03922160894841556,0.20667116343975067,0.3134339451789856,6.999999895691872,5.999999895691872,False,True
TD3 Twin Critic,2028,test_0008,short,SAC,3.356128544780726,335.61285447807256,0.022445609999977023,2,44.552141821987625,31.882298946380615,0.9314327787712303,30.754220962524414,33.030906677246094,,,0.25,0.012027738522388223,0.23683597147464752,0.2635405659675598,7.0,6.0,False,True
TD3 Twin Critic,2028,test_0008,short,MADDPG,3.201639854869812,320.16398548698123,0.023474206999935632,8,42.59994810486003,33.1953010559082,1.3274566454767034,31.376453399658203,35.12710189819336,,,0.25,0.024764654614204892,0.2108573615550995,0.27901962399482727,7.0,6.0,False,True
TD3 Twin Critic,2028,test_0008,short,AB-QMIX,3.3073452384518554,330.7345238451855,0.012339408999991974,8,81.041158454238,31.944612503051758,0.0,31.944612503051758,31.944612503051758,,,0.14798040688037872,0.0,0.14798040688037872,0.14798040688037872,4.143451392650604,3.1434513926506042,False,True
TD3 Twin Critic,2028,test_0008,short,ABPO,17.763010980165998,1776.3010980165996,0.06874209099999007,140,14.547128047067181,5.982142857142857,2.405748854519193,5.0,11.875,,,0.25,0.026726122598241298,0.15000000596046448,0.3499999940395355,7.0,6.0,False,True
TD3 Twin Critic,2028,test_0009,medium,PSO / Metaheuristic,12.814634718193231,1281.463471819323,0.043989090999957625,12,22.732908938740366,17.31867027282715,3.445447981418122,13.6731538772583,22.005544662475586,,,0.24999999068677425,0.19397770802652997,0.05653928220272064,0.510901927947998,8.999999664723873,7.999999664723873,False,True
TD3 Twin Critic,2028,test_0009,medium,DDPG,5.574979529322526,557.4979529322527,0.025042332999987593,2,39.93238169944052,31.306944847106934,1.4438894432007483,29.12065887451172,33.18034362792969,,,0.25,0.021759619227715944,0.2329293042421341,0.28736522793769836,9.0,8.0,False,True
TD3 Twin Critic,2028,test_0009,medium,PPO,5.149674374526015,514.9674374526015,0.019323454999948808,2,51.75057980069554,33.063114643096924,2.1643783665987963,29.430273056030273,35.0527229309082,,,0.25,0.042041324728027324,0.2078079730272293,0.2975287139415741,9.0,8.0,False,True
TD3 Twin Critic,2028,test_0009,medium,SAC,5.57706785351734,557.7067853517341,0.02446337499998208,2,40.87743412349001,31.296285152435303,1.0258651404399075,29.725906372070312,32.51183319091797,,,0.25,0.011900468030763892,0.23738640546798706,0.2688971161842346,9.0,8.0,False,True
TD3 Twin Critic,2028,test_0009,medium,MADDPG,5.3158630299392335,531.5863029939234,0.0266077100000075,8,37.58309151744807,32.39714860916138,0.7673539203861915,31.390487670898438,33.30744934082031,,,0.25,0.01039255711360401,0.23780658841133118,0.2664521634578705,9.0,8.0,False,True
TD3 Twin Critic,2028,test_0009,medium,AB-QMIX,5.351240429597226,535.1240429597226,0.014923110999916389,8,67.01015626068873,31.944612503051758,0.0,31.944612503051758,31.944612503051758,,,0.14798040688037872,0.0,0.14798040688037872,0.14798040688037872,5.327294647693634,4.327294647693634,False,True
TD3 Twin Critic,2028,test_0009,medium,ABPO,17.658871689396776,1765.8871689396774,0.08886933600001612,180,11.252475206969237,8.819444444444445,4.70892736337908,5.0,18.75,,,0.25,0.0577350234776868,0.15000000596046448,0.3499999940395355,9.0,8.0,False,True
TD3 Target Policy Smoothing,2026,test_0000,short,PSO / Metaheuristic,7.88550833330904,788.550833330904,0.055790961999946376,12,17.92405013559295,21.754722356796265,10.711433781748273,12.282073020935059,39.92277908325195,,,0.25000000186264515,0.3132192911020443,0.05697359889745712,0.792351484298706,12.000000089406967,11.000000089406967,False,True
TD3 Target Policy Smoothing,2026,test_0000,short,DDPG,5.6145424416863,561.45424416863,0.024993929000061144,2,40.00971595932571,32.75372266769409,0.6701562700622304,31.694398880004883,33.430721282958984,,,0.2500000037252903,0.01688985548582458,0.22921250760555267,0.274859756231308,12.000000178813934,11.000000178813934,False,True
TD3 Target Policy Smoothing,2026,test_0000,short,PPO,5.607110406132745,560.7110406132745,0.02514951300008761,2,39.76220135938682,32.847107887268066,1.3601211375326556,31.583232879638672,34.86941146850586,,,0.2500000037252903,0.04755437173212795,0.21497106552124023,0.3315694332122803,12.000000178813934,11.000000178813934,False,True
TD3 Target Policy Smoothing,2026,test_0000,short,SAC,5.512323780326233,551.2323780326233,0.0538246190000109,2,18.57885886753416,33.13041019439697,0.47086757325333156,32.59027099609375,33.88550567626953,,,0.25,0.021130817545804124,0.21620626747608185,0.27167898416519165,12.0,11.0,False,True
TD3 Target Policy Smoothing,2026,test_0000,short,MADDPG,5.526704848216787,552.6704848216788,0.029466824999985874,8,33.93646923278906,33.01873540878296,1.192799825606397,31.747926712036133,34.386444091796875,,,0.2500000074505806,0.012696311987154126,0.24135738611221313,0.27186769247055054,12.000000357627869,11.000000357627869,False,True
TD3 Target Policy Smoothing,2026,test_0000,short,AB-QMIX,5.723089544566327,572.3089544566327,0.017705054999964887,8,56.48104453795728,31.944612503051758,0.0,31.944612503051758,31.944612503051758,,,0.14798040688037872,0.0,0.14798040688037872,0.14798040688037872,7.103059530258179,6.103059530258179,False,True
TD3 Target Policy Smoothing,2026,test_0000,short,ABPO,11.68702401933308,1168.7024019333082,0.11848554100004094,240,8.439848369343686,17.03125,4.091443370519341,5.0,18.75,,,0.25,0.06454971858932701,0.15000000596046448,0.3499999940395355,12.0,11.0,False,True
TD3 Target Policy Smoothing,2026,test_0001,medium,PSO / Metaheuristic,14.931284217509965,1493.1284217509965,0.03304907299991555,12,30.258034771582103,22.856554985046387,7.500563515849654,13.821353912353516,32.61389923095703,,,0.2500000037252903,0.06253120992415225,0.16167180240154266,0.3259107768535614,7.000000104308128,6.000000104308128,False,True
TD3 Target Policy Smoothing,2026,test_0001,medium,DDPG,9.92715326297735,992.7153262977351,0.022010184000009758,2,45.4335138679239,32.88255310058594,1.7113708131402798,30.305137634277344,35.00039291381836,,,0.25,0.019209028832644,0.21845924854278564,0.26767539978027344,7.0,6.0,False,True
TD3 Target Policy Smoothing,2026,test_0001,medium,PPO,10.258196420661111,1025.819642066111,0.017658457000038652,2,56.63008948051413,32.3824520111084,1.7660927925051955,30.486297607421875,35.2529182434082,,,0.25,0.029940354495185065,0.22590866684913635,0.30131497979164124,7.0,6.0,False,True
TD3 Target Policy Smoothing,2026,test_0001,medium,SAC,10.195806119949072,1019.5806119949073,0.022282067999981336,2,44.879137789223044,32.56259632110596,0.2247674992381084,32.22151184082031,32.83564758300781,,,0.2500000037252903,0.01777734989466743,0.22890020906925201,0.27753517031669617,7.000000104308128,6.000000104308128,False,True
TD3 Target Policy Smoothing,2026,test_0001,medium,MADDPG,10.355999773849671,1035.5999773849671,0.023278932000039276,8,42.95729718177418,32.25755214691162,0.15487182361374385,32.073211669921875,32.418678283691406,,,0.2500000111758709,0.013658479881651059,0.24123656749725342,0.2736298739910126,7.000000312924385,6.000000312924385,False,True
TD3 Target Policy Smoothing,2026,test_0001,medium,AB-QMIX,10.324643975921989,1032.4643975921988,0.012158710999983668,8,82.24556040532119,31.944612503051758,0.0,31.944612503051758,31.944612503051758,,,0.14798040688037872,0.0,0.14798040688037872,0.14798040688037872,4.143451392650604,3.1434513926506042,False,True
TD3 Target Policy Smoothing,2026,test_0001,medium,ABPO,18.107832789425032,1810.783278942503,0.07115912899996601,140,14.053010682585471,16.785714285714285,4.8114977090383855,5.0,18.75,,,0.25,0.026726122598241298,0.15000000596046448,0.3499999940395355,7.0,6.0,False,True
TD3 Target Policy Smoothing,2026,test_0002,long,PSO / Metaheuristic,11.193894261820382,1119.3894261820383,0.042313732000025084,12,23.632989876652978,21.569433212280273,5.197354087758632,16.941360473632812,30.27364730834961,,,0.2500000037252903,0.2097295755276432,0.07982498407363892,0.6052707433700562,9.00000013411045,8.00000013411045,False,True
TD3 Target Policy Smoothing,2026,test_0002,long,DDPG,8.19973324163336,819.9733241633361,0.021928333000005296,2,45.60310170407201,31.48572874069214,1.812709891265541,30.17093849182129,34.60182189941406,,,0.25,0.03719797626536467,0.20324045419692993,0.3065806031227112,9.0,8.0,False,True
TD3 Target Policy Smoothing,2026,test_0002,long,PPO,8.449211764004048,844.9211764004048,0.01937264499997582,2,51.619177453633625,30.84060287475586,1.2215734864235102,29.068939208984375,32.1728515625,,,0.2500000037252903,0.01720982959107022,0.2297922968864441,0.27733033895492554,9.00000013411045,8.00000013411045,False,True
TD3 Target Policy Smoothing,2026,test_0002,long,SAC,7.689099925298399,768.90999252984,0.024256841000010354,2,41.22548356562889,32.70639610290527,1.4355539155172077,31.113988876342773,34.776878356933594,,,0.2499999962747097,0.01542825802492264,0.2328515201807022,0.2660229504108429,8.99999986588955,7.999999865889549,False,True
TD3 Target Policy Smoothing,2026,test_0002,long,MADDPG,8.008955068902116,800.8955068902115,0.025264537999987624,8,39.58117104696274,31.48065185546875,1.3021606386058198,29.907028198242188,33.30025100708008,,,0.25,0.012009765069292975,0.23635947704315186,0.26904889941215515,9.0,8.0,False,True
TD3 Target Policy Smoothing,2026,test_0002,long,AB-QMIX,7.701877764410241,770.1877764410242,0.014156049000007442,8,70.64117961159037,31.944612503051758,0.0,31.944612503051758,31.944612503051758,,,0.14798040688037872,0.0,0.14798040688037872,0.14798040688037872,5.327294647693634,4.327294647693634,False,True
TD3 Target Policy Smoothing,2026,test_0002,long,ABPO,15.357107428453787,1535.7107428453787,0.09357705299998997,180,10.686380559559908,16.458333333333332,4.583333333333333,5.0,18.75,,,0.25,0.0707106739039699,0.15000000596046448,0.3499999940395355,9.0,8.0,False,True
TD3 Target Policy Smoothing,2026,test_0003,very_long,PSO / Metaheuristic,10.823896342114399,1082.38963421144,0.051490779000005205,12,19.420953021508936,19.957764863967896,11.007634947209672,10.3344144821167,38.67189407348633,,,0.2499999962747097,0.18308935062250073,0.10012304782867432,0.5619706511497498,10.999999836087227,9.999999836087227,False,True
TD3 Target Policy Smoothing,2026,test_0003,very_long,DDPG,5.135676981634143,513.5676981634143,0.029557801999999356,2,33.83201497865172,33.28213405609131,1.5526211639780862,30.9124755859375,35.23765182495117,,,0.2500000037252903,0.027630039067024336,0.21979138255119324,0.2867678999900818,11.000000163912773,10.000000163912773,False,True
TD3 Target Policy Smoothing,2026,test_0003,very_long,PPO,5.63578162522986,563.578162522986,0.02828930099997251,2,35.34905298653267,31.59439182281494,2.5590595954467146,29.033824920654297,34.76018142700195,,,0.25,0.017511467019321814,0.22064673900604248,0.2668331563472748,11.0,10.0,False,True
TD3 Target Policy Smoothing,2026,test_0003,very_long,SAC,5.079018371506911,507.9018371506911,0.02973343600001499,2,33.63217086647826,33.48590278625488,1.7777775202815307,31.766799926757812,36.274173736572266,,,0.2499999962747097,0.02463714007012389,0.2141495943069458,0.27342820167541504,10.999999836087227,9.999999836087227,False,True
TD3 Target Policy Smoothing,2026,test_0003,very_long,MADDPG,5.021004317475342,502.1004317475342,0.027818469999942863,8,35.94734002272784,33.71422481536865,0.5920168400428196,33.034759521484375,34.64265441894531,,,0.25,0.014668688194974609,0.2332725077867508,0.27114155888557434,11.0,10.0,False,True
TD3 Target Policy Smoothing,2026,test_0003,very_long,AB-QMIX,5.374286779097655,537.4286779097655,0.01666465400001016,8,60.00724647504775,31.944612503051758,0.0,31.944612503051758,31.944612503051758,,,0.14798040688037872,0.0,0.14798040688037872,0.14798040688037872,6.511137902736664,5.511137902736664,False,True
TD3 Target Policy Smoothing,2026,test_0003,very_long,ABPO,16.835770248585362,1683.5770248585363,0.1260955060000697,220,7.930496745851096,11.25,6.187184335382291,5.0,18.75,,,0.25,0.030151132660628705,0.15000000596046448,0.3499999940395355,11.0,10.0,False,True
TD3 Target Policy Smoothing,2026,test_0004,short,PSO / Metaheuristic,15.155240583106208,1515.5240583106208,0.028771218000088083,12,34.756957456473984,24.87014079093933,9.27678903995074,14.477938652038574,39.22614669799805,,,0.2500000037252903,0.10870884770420344,0.1145978718996048,0.405396431684494,6.000000089406967,5.000000089406967,False,True
TD3 Target Policy Smoothing,2026,test_0004,short,DDPG,12.71416753107736,1271.416753107736,0.01967168999999558,2,50.83447329640843,31.903669834136963,0.47144597231234825,31.294334411621094,32.38284683227539,,,0.25,0.027375986067615484,0.2095586508512497,0.2763710916042328,6.0,5.0,False,True
TD3 Target Policy Smoothing,2026,test_0004,short,PPO,13.013674603293255,1301.3674603293255,0.01640938399998504,2,60.94073976213316,31.39573907852173,3.1013244248066067,27.548566818237305,36.12081527709961,,,0.2500000037252903,0.015336534380626312,0.22612909972667694,0.2676248848438263,6.000000089406967,5.000000089406967,False,True
TD3 Target Policy Smoothing,2026,test_0004,short,SAC,12.737251051357632,1273.7251051357632,0.021419469999955254,2,46.68649597782247,31.626047134399414,0.4019125120791863,31.023998260498047,32.07105255126953,,,0.2500000074505806,0.019808639866033248,0.21742555499076843,0.2698424160480499,6.000000178813934,5.000000178813934,False,True
TD3 Target Policy Smoothing,2026,test_0004,short,MADDPG,12.421933276470165,1242.1933276470165,0.02287992200001554,8,43.706442705500514,32.15996074676514,1.2026347223478027,30.458271026611328,33.73692321777344,,,0.2500000074505806,0.01391403064654217,0.23891326785087585,0.27349287271499634,6.000000178813934,5.000000178813934,False,True
TD3 Target Policy Smoothing,2026,test_0004,short,AB-QMIX,12.391654525082267,1239.1654525082267,0.011299710999992385,8,88.49783857309924,31.944612503051758,0.0,31.944612503051758,31.944612503051758,,,0.14798040688037872,0.0,0.14798040688037872,0.14798040688037872,3.5515297651290894,2.5515297651290894,False,True
TD3 Target Policy Smoothing,2026,test_0004,short,ABPO,18.22568567990712,1822.568567990712,0.06874360900008014,120,14.54680681659926,17.604166666666668,2.562161224218509,11.875,18.75,,,0.25,0.040824826613036866,0.15000000596046448,0.3499999940395355,6.0,5.0,False,True
TD3 Target Policy Smoothing,2026,test_0005,medium,PSO / Metaheuristic,6.453118750235941,645.3118750235941,0.04464724900003603,12,22.39779655851121,20.207140922546387,5.493586149489784,14.097164154052734,29.11992073059082,,,0.2500000009313226,0.2193314747093811,0.05862897261977196,0.608139157295227,8.000000029802322,7.000000029802322,False,True
TD3 Target Policy Smoothing,2026,test_0005,medium,DDPG,3.5664836627755774,356.6483662775577,0.021102256999938618,2,47.38829595350435,30.518743991851807,1.6048920175251002,29.02823829650879,33.22651290893555,,,0.2500000037252903,0.013874286230214002,0.22636930644512177,0.26197490096092224,8.00000011920929,7.0000001192092896,False,True
TD3 Target Policy Smoothing,2026,test_0005,medium,PPO,3.0754437915260033,307.54437915260036,0.017994670000007318,2,55.57201104547032,34.8581280708313,1.8783396647716475,31.684804916381836,36.371498107910156,,,0.25,0.03523228741647197,0.22259347140789032,0.3103239834308624,8.0,7.0,False,True
TD3 Target Policy Smoothing,2026,test_0005,medium,SAC,3.426035179065986,342.60351790659865,0.024542959999962477,2,40.74488162803219,31.41695499420166,0.5102561537420975,30.77210235595703,32.19152069091797,,,0.2500000037252903,0.01230583501753973,0.23044712841510773,0.2644731402397156,8.00000011920929,7.0000001192092896,False,True
TD3 Target Policy Smoothing,2026,test_0005,medium,MADDPG,3.331479865197612,333.1479865197612,0.02456156599998849,8,40.71401636200512,32.31890821456909,2.0996060480377916,29.197851181030273,35.11463165283203,,,0.2500000037252903,0.029006687495166654,0.21583619713783264,0.29578712582588196,8.00000011920929,7.0000001192092896,False,True
TD3 Target Policy Smoothing,2026,test_0005,medium,AB-QMIX,3.317150004021884,331.7150004021884,0.013038062000077844,8,76.69851546909575,31.944612503051758,0.0,31.944612503051758,31.944612503051758,,,0.14798040688037872,0.0,0.14798040688037872,0.14798040688037872,4.735373020172119,3.735373020172119,False,True
TD3 Target Policy Smoothing,2026,test_0005,medium,ABPO,17.910265372306448,1791.0265372306446,0.07855809400007274,160,12.729433074064577,5.859375,2.2736925329461326,5.0,11.875,,,0.25,0.02499999850988388,0.15000000596046448,0.3499999940395355,8.0,7.0,False,True
TD3 Target Policy Smoothing,2026,test_0006,long,PSO / Metaheuristic,6.135995686259344,613.5995686259344,0.07994156199993085,12,12.509137612308162,24.05558156967163,14.781233162090475,5.368106842041016,42.41098403930664,,,0.24999999441206455,0.3143660349549727,0.05021550506353378,0.7940910458564758,15.999999642372131,14.999999642372131,False,True
TD3 Target Policy Smoothing,2026,test_0006,long,DDPG,3.577135689575773,357.7135689575773,0.027840500000024804,2,35.918895134753654,28.430180072784424,1.5060647446520208,26.475187301635742,30.320566177368164,,,0.2500000037252903,0.038533664579447915,0.20989035069942474,0.2954331934452057,16.00000023841858,15.000000238418579,False,True
TD3 Target Policy Smoothing,2026,test_0006,long,PPO,3.1576336825813667,315.76336825813667,0.026480916999958026,2,37.76304272248522,31.944743156433105,2.1642686111502356,29.097745895385742,35.02470016479492,,,0.2500000037252903,0.00941327006316017,0.23700755834579468,0.26331597566604614,16.00000023841858,15.000000238418579,False,True
TD3 Target Policy Smoothing,2026,test_0006,long,SAC,3.073786765242635,307.3786765242635,0.03423978900002567,2,29.205787453866915,32.4079852104187,0.915788361938039,31.095632553100586,33.590301513671875,,,0.2499999962747097,0.01340186028896306,0.23359596729278564,0.2689507007598877,15.999999761581421,14.999999761581421,False,True
TD3 Target Policy Smoothing,2026,test_0006,long,MADDPG,3.1231268846907065,312.3126884690707,0.03570145699995919,8,28.010061326100587,31.863810539245605,0.9914364911046843,31.110036849975586,33.568382263183594,,,0.2500000074505806,0.01186899806269056,0.23369590938091278,0.26469120383262634,16.000000476837158,15.000000476837158,False,True
TD3 Target Policy Smoothing,2026,test_0006,long,AB-QMIX,3.075234814073738,307.5234814073738,0.02121503799992297,8,47.13637562202957,31.944612503051758,0.0,31.944612503051758,31.944612503051758,,,0.14798040688037872,0.0,0.14798040688037872,0.14798040688037872,9.470746040344238,8.470746040344238,False,True
TD3 Target Policy Smoothing,2026,test_0006,long,ABPO,18.4529052803791,1845.29052803791,0.15237754800000403,320,6.562646617728575,5.859375,3.328345063146999,5.0,18.75,,,0.25,0.017677668475992475,0.15000000596046448,0.3499999940395355,16.0,15.0,False,True
TD3 Target Policy Smoothing,2026,test_0007,very_long,PSO / Metaheuristic,14.733660636011791,1473.3660636011791,0.11075724099998752,12,9.028755059004338,16.35490894317627,4.467972580144477,8.992969512939453,20.413715362548828,,,0.25,0.3357925652869828,0.05026174709200859,0.8315755128860474,20.0,19.0,False,True
TD3 Target Policy Smoothing,2026,test_0007,very_long,DDPG,7.658631871971162,765.8631871971162,0.03146607899998344,2,31.780254540151837,32.225775718688965,1.0262028071228277,31.207178115844727,33.90694046020508,,,0.2500000074505806,0.008606308551239363,0.235914409160614,0.25923967361450195,20.000000596046448,19.000000596046448,False,True
TD3 Target Policy Smoothing,2026,test_0007,very_long,PPO,7.570174452285562,757.0174452285562,0.031075855999915802,2,32.17932275148622,32.8492693901062,3.0735885947962767,27.680635452270508,35.72985076904297,,,0.25,0.024201141449804137,0.21164315938949585,0.277862012386322,20.0,19.0,False,True
TD3 Target Policy Smoothing,2026,test_0007,very_long,SAC,7.468673465752199,746.86734657522,0.036750957999970524,2,27.21017503818001,32.731576919555664,0.7005072290397301,32.06393051147461,33.77334213256836,,,0.25,0.009226353463953603,0.24214018881320953,0.2646964192390442,20.0,19.0,False,True
TD3 Target Policy Smoothing,2026,test_0007,very_long,MADDPG,7.352207730470572,735.2207730470572,0.04061356700003671,8,24.62231401637527,33.063584327697754,2.025253928476079,29.874496459960938,34.93316650390625,,,0.2500000037252903,0.018229779861074817,0.23808526992797852,0.28152427077293396,20.000000298023224,19.000000298023224,False,True
TD3 Target Policy Smoothing,2026,test_0007,very_long,AB-QMIX,7.642099406257276,764.2099406257275,0.03804290999994464,8,26.286106925086834,31.944612503051758,0.0,31.944612503051758,31.944612503051758,,,0.14798040688037872,0.0,0.14798040688037872,0.14798040688037872,11.838432550430298,10.838432550430298,False,True
TD3 Target Policy Smoothing,2026,test_0007,very_long,ABPO,19.182575592022758,1918.2575592022758,0.20083613600002082,400,4.9791836265954466,10.15625,6.476746265487015,5.0,18.75,,,0.25,0.03162277471681942,0.15000000596046448,0.3499999940395355,20.0,19.0,False,True
TD3 Target Policy Smoothing,2026,test_0008,short,PSO / Metaheuristic,7.254898795562759,725.4898795562758,0.04147031000002244,12,24.113636960983868,25.44430708885193,18.430455217109298,8.106416702270508,51.968929290771484,,,0.25000000186264515,0.16839071672391528,0.0711720883846283,0.42404767870903015,7.000000052154064,6.000000052154064,False,True
TD3 Target Policy Smoothing,2026,test_0008,short,DDPG,3.709853023401592,370.9853023401592,0.024815272999944682,2,40.297763397655515,31.960848808288574,4.179487819707124,26.656368255615234,36.93294906616211,,,0.2500000037252903,0.026073106339088072,0.21334658563137054,0.2756288945674896,7.000000104308128,6.000000104308128,False,True
TD3 Target Policy Smoothing,2026,test_0008,short,PPO,3.708134778944436,370.81347789444357,0.018373078000081478,2,54.427461745689286,31.425111770629883,2.0111816787081227,29.071735382080078,34.630680084228516,,,0.25,0.045445581311991425,0.19030122458934784,0.30143505334854126,7.0,6.0,False,True
TD3 Target Policy Smoothing,2026,test_0008,short,SAC,3.5812834845635177,358.1283484563518,0.022511144999953103,2,44.422440528995004,32.387531757354736,2.5183162125184966,29.375417709350586,35.10111999511719,,,0.25,0.02018118443018206,0.21537476778030396,0.26574623584747314,7.0,6.0,False,True
TD3 Target Policy Smoothing,2026,test_0008,short,MADDPG,3.4693023214928362,346.93023214928365,0.02357722500005366,8,42.413812482076416,33.06865835189819,2.105341086838643,30.551416397094727,35.89345932006836,,,0.2500000037252903,0.032345690510713385,0.19905808568000793,0.28234660625457764,7.000000104308128,6.000000104308128,False,True
TD3 Target Policy Smoothing,2026,test_0008,short,AB-QMIX,3.547184315147752,354.7184315147752,0.012708833000033337,8,78.68543083360815,31.944612503051758,0.0,31.944612503051758,31.944612503051758,,,0.14798040688037872,0.0,0.14798040688037872,0.14798040688037872,4.143451392650604,3.1434513926506042,False,True
TD3 Target Policy Smoothing,2026,test_0008,short,ABPO,16.156682116522443,1615.6682116522443,0.07275735100006386,140,13.744315677451235,7.946428571428571,5.007965593707199,5.0,18.75,,,0.25,0.03779644504807891,0.15000000596046448,0.3499999940395355,7.0,6.0,False,True
TD3 Target Policy Smoothing,2026,test_0009,medium,PSO / Metaheuristic,10.942780638947816,1094.2780638947816,0.05357095199997275,12,18.6668327268201,22.899211406707764,21.05546462791822,8.163626670837402,59.118064880371094,,,0.2500000009313226,0.3282658525571202,0.05341256782412529,0.8184293508529663,11.000000040978193,10.000000040978193,False,True
TD3 Target Policy Smoothing,2026,test_0009,medium,DDPG,6.692763422795782,669.2763422795782,0.02345617499997843,2,42.63269693378906,32.45303249359131,0.9883484472135021,31.237485885620117,33.9006462097168,,,0.2500000037252903,0.03513374983164794,0.225722074508667,0.3106860816478729,11.000000163912773,10.000000163912773,False,True
TD3 Target Policy Smoothing,2026,test_0009,medium,PPO,7.780117321315742,778.0117321315741,0.021613025999954516,2,46.2683938844151,29.757408142089844,1.028903468549148,28.548112869262695,30.973447799682617,,,0.2500000037252903,0.0463356520828324,0.19392481446266174,0.3202005922794342,11.000000163912773,10.000000163912773,False,True
TD3 Target Policy Smoothing,2026,test_0009,medium,SAC,6.678228902177353,667.8228902177353,0.026767310999957772,2,37.35900105922398,32.51495838165283,1.051100917018217,31.15454864501953,34.100852966308594,,,0.2500000037252903,0.021220438799945604,0.22821028530597687,0.2845304012298584,11.000000163912773,10.000000163912773,False,True
TD3 Target Policy Smoothing,2026,test_0009,medium,MADDPG,6.999013229545537,699.9013229545537,0.027612513999997645,8,36.21546375676207,31.72645092010498,1.1991755573308573,29.786441802978516,33.072105407714844,,,0.2499999962747097,0.010280109645884395,0.2373044639825821,0.2610360085964203,10.999999836087227,9.999999836087227,False,True
TD3 Target Policy Smoothing,2026,test_0009,medium,AB-QMIX,6.777689696213625,677.7689696213624,0.016095719000077224,8,62.128321201134426,31.944612503051758,0.0,31.944612503051758,31.944612503051758,,,0.14798040688037872,0.0,0.14798040688037872,0.14798040688037872,6.511137902736664,5.511137902736664,False,True
TD3 Target Policy Smoothing,2026,test_0009,medium,ABPO,18.742537388684422,1874.2537388684423,0.11796751300005326,220,8.476910079468645,10.625,3.952847075210474,5.0,18.75,,,0.25,0.03692744509275244,0.15000000596046448,0.3499999940395355,11.0,10.0,False,True
TD3 Target Policy Smoothing,2027,test_0000,short,PSO / Metaheuristic,11.330299928924605,1133.0299928924605,0.029137665000007473,12,34.31983997344137,20.385088682174683,7.742629761087682,15.603784561157227,33.7867317199707,,,0.2500000074505806,0.25270935010334866,0.07861872017383575,0.6859134435653687,6.000000178813934,5.000000178813934,False,True
TD3 Target Policy Smoothing,2027,test_0000,short,DDPG,6.840727997991145,684.0727997991145,0.019055103000027884,2,52.479380457745975,32.1077241897583,3.076032230652976,29.07513999938965,36.29801559448242,,,0.25,0.06519326742545398,0.16734588146209717,0.33067044615745544,6.0,5.0,False,True
TD3 Target Policy Smoothing,2027,test_0000,short,PPO,6.83249161187387,683.249161187387,0.016465744000015547,2,60.73214790652981,32.00699234008789,1.1782074663109967,30.819915771484375,33.409996032714844,,,0.25,0.02417177281111613,0.2084384560585022,0.2686031758785248,6.0,5.0,False,True
TD3 Target Policy Smoothing,2027,test_0000,short,SAC,6.567006715995928,656.7006715995929,0.021413021000057597,2,46.70055663781912,32.670053482055664,0.9456228816361333,31.542675018310547,34.096710205078125,,,0.25,0.025415719266931907,0.22059254348278046,0.29045596718788147,6.0,5.0,False,True
TD3 Target Policy Smoothing,2027,test_0000,short,MADDPG,6.492879604251489,649.287960425149,0.022567130999959772,8,44.31223446178349,32.790733337402344,0.5483220817027893,32.17394256591797,33.589942932128906,,,0.25,0.007075138829213573,0.2382344901561737,0.257061243057251,6.0,5.0,False,True
TD3 Target Policy Smoothing,2027,test_0000,short,AB-QMIX,6.675048719739887,667.5048719739887,0.011099970999907782,8,90.09032546195913,31.944612503051758,0.0,31.944612503051758,31.944612503051758,,,0.14798040688037872,0.0,0.14798040688037872,0.14798040688037872,3.5515297651290894,2.5515297651290894,False,True
TD3 Target Policy Smoothing,2027,test_0000,short,ABPO,14.959676517243935,1495.9676517243934,0.06337697700007539,120,15.77860048450734,16.458333333333332,5.124322448437018,5.0,18.75,,,0.25,0.0577350234776868,0.15000000596046448,0.3499999940395355,6.0,5.0,False,True
TD3 Target Policy Smoothing,2027,test_0001,medium,PSO / Metaheuristic,15.421452030216999,1542.1452030217,0.02861296499997934,12,34.94919173880519,18.121963024139404,1.8375693597509817,15.549571990966797,20.637367248535156,,,0.24999999441206455,0.11591102664654832,0.0695926770567894,0.3887113928794861,5.999999865889549,4.999999865889549,False,True
TD3 Target Policy Smoothing,2027,test_0001,medium,DDPG,10.50305852095519,1050.305852095519,0.018922646000078203,2,52.8467318997495,30.495407581329346,3.240475779759865,25.866138458251953,35.03038024902344,,,0.2500000037252903,0.07469817489107057,0.1907203197479248,0.3773118257522583,6.000000089406967,5.000000089406967,False,True
TD3 Target Policy Smoothing,2027,test_0001,medium,PPO,8.627089855378715,862.7089855378715,0.01678407600002174,2,59.58028312066179,34.745038986206055,1.030824186479546,33.23956298828125,36.07963562011719,,,0.25,0.026986620138196492,0.22696709632873535,0.29526281356811523,6.0,5.0,False,True
TD3 Target Policy Smoothing,2027,test_0001,medium,SAC,9.875300619462665,987.5300619462665,0.021476027999938196,2,46.56354517710993,31.965295791625977,1.3504518971466923,30.17540168762207,33.88355255126953,,,0.25,0.00897162671301799,0.24178963899612427,0.26369401812553406,6.0,5.0,False,True
TD3 Target Policy Smoothing,2027,test_0001,medium,MADDPG,10.428732771221297,1042.8732771221296,0.022747468000034132,8,43.96093666330246,30.82057476043701,0.6701459909208134,29.6961727142334,31.345163345336914,,,0.2500000149011612,0.005020447131144078,0.244271382689476,0.2578778862953186,6.000000357627869,5.000000357627869,False,True
TD3 Target Policy Smoothing,2027,test_0001,medium,AB-QMIX,9.653926633222474,965.3926633222474,0.010927680999998302,8,91.51072400449422,31.944612503051758,0.0,31.944612503051758,31.944612503051758,,,0.14798040688037872,0.0,0.14798040688037872,0.14798040688037872,3.5515297651290894,2.5515297651290894,False,True
TD3 Target Policy Smoothing,2027,test_0001,medium,ABPO,16.374683617992904,1637.4683617992905,0.059569184999986646,120,16.787202980873822,16.458333333333332,5.124322448437018,5.0,18.75,,,0.25,0.0,0.25,0.25,6.0,5.0,False,True
TD3 Target Policy Smoothing,2027,test_0002,long,PSO / Metaheuristic,12.280988512153908,1228.0988512153906,0.059148981000021195,12,16.906462006499176,23.433441996574402,12.561332612634235,7.143834590911865,42.22732162475586,,,0.2499999962747097,0.1536267771752689,0.07221701741218567,0.48199737071990967,10.999999836087227,9.999999836087227,False,True
TD3 Target Policy Smoothing,2027,test_0002,long,DDPG,8.795545579522228,879.5545579522228,0.02386977800006207,2,41.89397991038709,33.148287296295166,2.360379084566707,31.351362228393555,37.11166763305664,,,0.2500000037252903,0.010573953981062013,0.23741930723190308,0.2611645460128784,11.000000163912773,10.000000163912773,False,True
TD3 Target Policy Smoothing,2027,test_0002,long,PPO,8.491729163668841,849.1729163668841,0.02128982699991866,2,46.97079032177296,34.113219261169434,1.2016232756351601,32.490787506103516,35.34885787963867,,,0.25,0.014594524143270296,0.236482173204422,0.2739074230194092,11.0,10.0,False,True
TD3 Target Policy Smoothing,2027,test_0002,long,SAC,8.72092370762931,872.0923707629311,0.026809597999999824,2,37.30007439872864,33.248976707458496,2.0202951650876293,30.234485626220703,35.85010528564453,,,0.25,0.005933420582753217,0.24040007591247559,0.25573083758354187,11.0,10.0,False,True
TD3 Target Policy Smoothing,2027,test_0002,long,MADDPG,8.480457154688573,848.0457154688573,0.028154799000049024,8,35.517923605075595,34.00397777557373,1.3878760754257924,32.89131546020508,36.362770080566406,,,0.2500000074505806,0.013164874658372454,0.2305138260126114,0.26742520928382874,11.000000327825546,10.000000327825546,False,True
TD3 Target Policy Smoothing,2027,test_0002,long,AB-QMIX,9.334511998520727,933.4511998520726,0.0170583550000174,8,58.62229974689705,31.944612503051758,0.0,31.944612503051758,31.944612503051758,,,0.14798040688037872,0.0,0.14798040688037872,0.14798040688037872,6.511137902736664,5.511137902736664,False,True
TD3 Target Policy Smoothing,2027,test_0002,long,ABPO,17.365143116547006,1736.5143116547008,0.10896432000004097,220,9.177316024177676,16.875,4.238956239453293,5.0,18.75,,,0.25,0.04767312662073967,0.15000000596046448,0.3499999940395355,11.0,10.0,False,True
TD3 Target Policy Smoothing,2027,test_0003,very_long,PSO / Metaheuristic,16.86434012694135,1686.434012694135,0.07482062799999767,12,13.365298136765588,10.922828555107117,4.582251449017183,6.465893268585205,18.244951248168945,,,0.2500000037252903,0.1073376911614248,0.11078085005283356,0.4092760384082794,16.00000023841858,15.000000238418579,False,True
TD3 Target Policy Smoothing,2027,test_0003,very_long,DDPG,5.587238914371002,558.7238914371002,0.0275554209999882,2,36.290499789512495,32.07988214492798,1.1957781666753793,30.784679412841797,33.34852600097656,,,0.25,0.026850759594340627,0.2209911197423935,0.2886495888233185,16.0,15.0,False,True
TD3 Target Policy Smoothing,2027,test_0003,very_long,PPO,5.240491461258254,524.0491461258254,0.027015267000024323,2,37.01610648523665,33.37027883529663,2.437647606113913,30.472272872924805,37.173500061035156,,,0.2500000037252903,0.03978337427539504,0.18651042878627777,0.2864557206630707,16.00000023841858,15.000000238418579,False,True
TD3 Target Policy Smoothing,2027,test_0003,very_long,SAC,5.314007243000504,531.4007243000505,0.03506937400004517,2,28.51490876337604,33.020870208740234,0.792806264849939,32.21375274658203,34.24099349975586,,,0.2499999962747097,0.014971502978617478,0.2291422337293625,0.2714364230632782,15.999999761581421,14.999999761581421,False,True
TD3 Target Policy Smoothing,2027,test_0003,very_long,MADDPG,5.586619224542082,558.6619224542081,0.035466112999984034,8,28.195928885707048,32.06072378158569,0.4881347862411574,31.32444190979004,32.69234848022461,,,0.2499999888241291,0.012473880444708124,0.23888136446475983,0.2701687514781952,15.999999284744263,14.999999284744263,False,True
TD3 Target Policy Smoothing,2027,test_0003,very_long,AB-QMIX,5.525076597434798,552.5076597434798,0.03270619800002805,8,30.57524448421496,31.944612503051758,0.0,31.944612503051758,31.944612503051758,,,0.14798040688037872,0.0,0.14798040688037872,0.14798040688037872,9.470746040344238,8.470746040344238,False,True
TD3 Target Policy Smoothing,2027,test_0003,very_long,ABPO,18.8798500598674,1887.9850059867401,0.1886233100000254,320,5.301571688037207,8.4375,4.210060495408587,5.0,18.75,,,0.25,0.0,0.25,0.25,16.0,15.0,False,True
TD3 Target Policy Smoothing,2027,test_0004,short,PSO / Metaheuristic,13.858495874191357,1385.8495874191358,0.02828128300006938,12,35.359074763247015,23.536657333374023,5.924083998231791,13.702445983886719,28.562788009643555,,,0.2500000046566129,0.32817809171174267,0.05053367465734482,0.8182671070098877,5.0000000931322575,4.0000000931322575,False,True
TD3 Target Policy Smoothing,2027,test_0004,short,DDPG,12.091934822194712,1209.1934822194712,0.01985395500003051,2,50.367798254728754,31.80276346206665,1.005876050115961,30.34542465209961,33.15262222290039,,,0.25,0.037294015431971306,0.22070980072021484,0.3128774166107178,5.0,4.0,False,True
TD3 Target Policy Smoothing,2027,test_0004,short,PPO,12.451209843346405,1245.1209843346405,0.016317692999905375,2,61.28317281161001,31.916290760040283,3.2090271471806346,29.279916763305664,37.196659088134766,,,0.2500000037252903,0.05699947610935838,0.18576662242412567,0.32322123646736145,5.000000074505806,4.000000074505806,False,True
TD3 Target Policy Smoothing,2027,test_0004,short,SAC,11.468982855398833,1146.8982855398833,0.021381012000006194,2,46.77047092063324,33.0635404586792,0.34772617701951336,32.68132019042969,33.42323303222656,,,0.25,0.01671713269565057,0.22856789827346802,0.2732080817222595,5.0,4.0,False,True
TD3 Target Policy Smoothing,2027,test_0004,short,MADDPG,11.573516426254768,1157.3516426254769,0.022221811999997954,8,45.00083071533915,33.137948989868164,0.5299638322266773,32.2593994140625,33.65106964111328,,,0.25,0.008308875816498565,0.23722919821739197,0.25997480750083923,5.0,4.0,False,True
TD3 Target Policy Smoothing,2027,test_0004,short,AB-QMIX,11.687490207209326,1168.7490207209325,0.010664180000048873,8,93.77186056456446,31.944612503051758,0.0,31.944612503051758,31.944612503051758,,,0.14798040688037872,0.0,0.14798040688037872,0.14798040688037872,2.9596081376075745,1.9596081376075745,False,True
TD3 Target Policy Smoothing,2027,test_0004,short,ABPO,15.5968646395441,1559.6864639544099,0.051356737999981306,100,19.47164167631449,20.125,6.73609679265374,11.875,32.5,,,0.25,0.06324554943363885,0.15000000596046448,0.3499999940395355,5.0,4.0,False,True
TD3 Target Policy Smoothing,2027,test_0005,medium,PSO / Metaheuristic,4.1857181724577215,418.57181724577214,0.03150981999999658,12,31.736138130909936,33.27222990989685,19.746027042714314,6.205183982849121,56.633785247802734,,,0.25000000186264515,0.13323119322320745,0.10715845972299576,0.46839675307273865,6.000000044703484,5.000000044703484,False,True
TD3 Target Policy Smoothing,2027,test_0005,medium,DDPG,3.4403952911632483,344.03952911632484,0.022096698000041215,2,45.2556305018123,32.052268981933594,1.317787699269321,30.780315399169922,34.023582458496094,,,0.25,0.021847138777711522,0.23283377289772034,0.28750795125961304,6.0,5.0,False,True
TD3 Target Policy Smoothing,2027,test_0005,medium,PPO,3.732226192001828,373.2226192001828,0.016664028000036524,2,60.009500704019956,30.641623497009277,4.688077352940234,25.507095336914062,38.279083251953125,,,0.2500000037252903,0.007413989306182469,0.23951509594917297,0.2574407756328583,6.000000089406967,5.000000089406967,False,True
TD3 Target Policy Smoothing,2027,test_0005,medium,SAC,3.3307546391408422,333.0754639140842,0.021411945000068044,2,46.70290344930468,32.92230415344238,0.9337764049001488,32.00181579589844,34.08045196533203,,,0.25,0.012479356329171097,0.23534177243709564,0.26730039715766907,6.0,5.0,False,True
TD3 Target Policy Smoothing,2027,test_0005,medium,MADDPG,3.3458005087087717,334.58005087087713,0.022932333000085237,8,43.60655324498747,32.80100679397583,1.2182519299291306,31.64124870300293,34.84183120727539,,,0.2500000149011612,0.015603916832682908,0.2327297031879425,0.2682332694530487,6.000000357627869,5.000000357627869,False,True
TD3 Target Policy Smoothing,2027,test_0005,medium,AB-QMIX,3.3976192536687524,339.76192536687523,0.011050690999923063,8,90.4920787312723,31.944612503051758,0.0,31.944612503051758,31.944612503051758,,,0.14798040688037872,0.0,0.14798040688037872,0.14798040688037872,3.5515297651290894,2.5515297651290894,False,True
TD3 Target Policy Smoothing,2027,test_0005,medium,ABPO,12.299574047109841,1229.9574047109843,0.06218556700002864,120,16.08090185942245,13.020833333333334,6.170501341508285,5.0,18.75,,,0.25,0.0577350234776868,0.15000000596046448,0.3499999940395355,6.0,5.0,False,True
TD3 Target Policy Smoothing,2027,test_0006,long,PSO / Metaheuristic,8.847422805094405,884.7422805094405,0.08830571600003623,12,11.324295247202228,21.459619283676147,10.396252131436944,10.769158363342285,38.58332061767578,,,0.2499999925494194,0.12185383115150314,0.12308770418167114,0.4279820919036865,17.999999463558197,16.999999463558197,False,True
TD3 Target Policy Smoothing,2027,test_0006,long,DDPG,3.9945367838096977,399.4536783809698,0.030864687999951457,2,32.399485133352805,31.964333534240723,2.317529324901925,29.58978843688965,35.59178924560547,,,0.2499999962747097,0.027470944786229346,0.20494593679904938,0.27271535992622375,17.9999997317791,16.9999997317791,False,True
TD3 Target Policy Smoothing,2027,test_0006,long,PPO,4.218706036463249,421.8706036463249,0.02880360799997561,2,34.717872844292515,30.667081832885742,1.6518145546204381,28.284517288208008,32.58137130737305,,,0.25,0.013146548253980948,0.2351474016904831,0.2664392590522766,18.0,17.0,False,True
TD3 Target Policy Smoothing,2027,test_0006,long,SAC,3.859774530597487,385.9774530597487,0.033273695000048065,2,30.053770703811388,32.69953727722168,1.9941533608156061,29.660144805908203,35.14149475097656,,,0.25,0.041339486318192925,0.22009645402431488,0.32120606303215027,18.0,17.0,False,True
TD3 Target Policy Smoothing,2027,test_0006,long,MADDPG,3.9040538235427795,390.40538235427795,0.03455949800002145,8,28.93560548823306,32.39565849304199,1.7291215185785154,30.038055419921875,34.179969787597656,,,0.2500000037252903,0.010809649850037057,0.23429973423480988,0.2639257311820984,18.0000002682209,17.0000002682209,False,True
TD3 Target Policy Smoothing,2027,test_0006,long,AB-QMIX,3.916984631020678,391.6984631020678,0.023394304000021293,8,42.74544778075423,31.944612503051758,0.0,31.944612503051758,31.944612503051758,,,0.14798040688037872,0.0,0.14798040688037872,0.14798040688037872,10.654589295387268,9.654589295387268,False,True
TD3 Target Policy Smoothing,2027,test_0006,long,ABPO,19.142122292047357,1914.2122292047356,0.19001243100001375,360,5.262813568234005,5.381944444444445,1.5747972875623009,5.0,11.875,,,0.25,0.04714044926931327,0.15000000596046448,0.3499999940395355,18.0,17.0,False,True
TD3 Target Policy Smoothing,2027,test_0007,very_long,PSO / Metaheuristic,12.87629873368508,1287.6298733685078,0.07863055699999677,12,12.717702101487607,17.39667057991028,6.381861236683063,8.750160217285156,24.471975326538086,,,0.25000000186264515,0.10261726975712913,0.07629335671663284,0.33654704689979553,15.000000111758709,14.000000111758709,False,True
TD3 Target Policy Smoothing,2027,test_0007,very_long,DDPG,7.685503420153941,768.5503420153941,0.0272261279999384,2,36.729424029823946,32.03051710128784,0.7697661100785748,31.259765625,32.91425323486328,,,0.2500000037252903,0.010432387771014264,0.2348741739988327,0.2643548250198364,15.000000223517418,14.000000223517418,False,True
TD3 Target Policy Smoothing,2027,test_0007,very_long,PPO,7.840928018062786,784.0928018062785,0.027346978000082345,2,36.56711172974904,31.707248210906982,1.268730499529655,29.856569290161133,33.348602294921875,,,0.2500000074505806,0.02186254268761628,0.2313457578420639,0.28498873114585876,15.000000447034836,14.000000447034836,False,True
TD3 Target Policy Smoothing,2027,test_0007,very_long,SAC,7.641549830300693,764.1549830300693,0.030990099999939957,2,32.26836957615295,32.09942054748535,0.18617110463496378,31.79621124267578,32.28074264526367,,,0.25,0.018696968007492768,0.23849022388458252,0.28237390518188477,15.0,14.0,False,True
TD3 Target Policy Smoothing,2027,test_0007,very_long,MADDPG,7.799653646195785,779.9653646195785,0.03168978199994399,8,31.55591288074394,31.757567405700684,0.9567416431727435,30.521316528320312,33.140201568603516,,,0.2500000037252903,0.012439012401700656,0.2365909069776535,0.2649012506008148,15.000000223517418,14.000000223517418,False,True
TD3 Target Policy Smoothing,2027,test_0007,very_long,AB-QMIX,7.566747367045761,756.6747367045762,0.020585513000014544,8,48.57785181254864,31.944612503051758,0.0,31.944612503051758,31.944612503051758,,,0.14798040688037872,0.0,0.14798040688037872,0.14798040688037872,8.878824412822723,7.878824412822723,False,True
TD3 Target Policy Smoothing,2027,test_0007,very_long,ABPO,17.855579296205924,1785.5579296205924,0.15065823700001602,300,6.63753950605365,12.333333333333334,6.383844627042721,5.0,18.75,,,0.25,0.04830458627478692,0.15000000596046448,0.3499999940395355,15.0,14.0,False,True
TD3 Target Policy Smoothing,2027,test_0008,short,PSO / Metaheuristic,4.406368425465746,440.6368425465746,0.27951129899997795,12,3.577672901159101,17.76018536090851,7.533404018463092,5.547699451446533,25.849552154541016,,,0.25000000558793545,0.10228014871954641,0.07309671491384506,0.31633228063583374,60.00000134110451,59.00000134110451,False,True
TD3 Target Policy Smoothing,2027,test_0008,short,DDPG,3.3704185758949476,337.0418575894948,0.06161141499990208,2,16.23075853722219,32.227336406707764,2.4311615609268795,30.106271743774414,36.20749282836914,,,0.2499999962747097,0.03725245463659433,0.19237641990184784,0.29518455266952515,59.99999910593033,58.99999910593033,False,True
TD3 Target Policy Smoothing,2027,test_0008,short,PPO,3.286120714507226,328.6120714507226,0.06392071699997359,2,15.644380209321074,33.056718826293945,0.44185187881219185,32.63062286376953,33.796714782714844,,,0.25,0.0200457601067791,0.22525613009929657,0.28011849522590637,60.0,59.0,False,True
TD3 Target Policy Smoothing,2027,test_0008,short,SAC,3.240010921080946,324.00109210809455,0.06635932200003936,2,15.069472831554954,33.58327865600586,1.2472043414263416,32.760982513427734,35.74043273925781,,,0.2500000074505806,0.014157413733123585,0.2291039526462555,0.26835867762565613,60.00000178813934,59.00000178813934,False,True
TD3 Target Policy Smoothing,2027,test_0008,short,MADDPG,3.3602223965709395,336.02223965709396,0.0873959929999728,8,11.442172182886132,32.769408226013184,1.5255855896964539,31.557504653930664,35.31102752685547,,,0.2500000037252903,0.012122163134681911,0.2359313666820526,0.26645001769065857,60.00000089406967,59.00000089406967,False,True
TD3 Target Policy Smoothing,2027,test_0008,short,AB-QMIX,3.3358384993478296,333.58384993478296,0.060883231000048,8,16.42488388960848,31.944612503051758,0.0,31.944612503051758,31.944612503051758,,,0.14798040688037872,0.0,0.14798040688037872,0.14798040688037872,35.515297651290894,34.515297651290894,False,True
TD3 Target Policy Smoothing,2027,test_0008,short,ABPO,6.332888552434127,633.2888552434127,0.9728836189999583,1200,1.0278721734752971,18.0625,2.996743023684213,5.0,18.75,,,0.25,0.06892023965248446,0.15000000596046448,0.3499999940395355,60.0,59.0,False,True
TD3 Target Policy Smoothing,2027,test_0009,medium,PSO / Metaheuristic,8.818766865317679,881.8766865317679,0.06462565000003906,12,15.473732179086719,26.106076955795288,15.457505416542286,11.505084991455078,48.266536712646484,,,0.25000000931322575,0.16233283683911154,0.12257734686136246,0.5287775993347168,8.000000298023224,7.000000298023224,False,True
TD3 Target Policy Smoothing,2027,test_0009,medium,DDPG,6.534807562016606,653.4807562016606,0.038854589999914424,2,25.736984999769717,31.129262924194336,2.1728476587091192,29.38670539855957,34.84115982055664,,,0.2500000037252903,0.04814098591040106,0.21236932277679443,0.33258703351020813,8.00000011920929,7.0000001192092896,False,True
TD3 Target Policy Smoothing,2027,test_0009,medium,PPO,6.392787792230656,639.2787792230656,0.08991954999999052,2,11.121052096013663,31.474663257598877,3.662076422323139,25.166433334350586,33.90260696411133,,,0.2499999962747097,0.03667471322977185,0.21503368020057678,0.3116209805011749,7.9999998807907104,6.9999998807907104,False,True
TD3 Target Policy Smoothing,2027,test_0009,medium,SAC,6.145868235912972,614.5868235912972,0.10696870900005706,2,9.348528269135851,32.356210708618164,2.2982928792575543,29.470090866088867,35.76607894897461,,,0.25,0.012125710423480738,0.2364426702260971,0.2639678418636322,8.0,7.0,False,True
TD3 Target Policy Smoothing,2027,test_0009,medium,MADDPG,6.123699711331451,612.3699711331451,0.13573414199993294,8,7.367343140537876,32.3898983001709,0.701775630506191,31.635093688964844,33.385284423828125,,,0.2499999962747097,0.02680682600275006,0.21247443556785583,0.286482572555542,7.9999998807907104,6.9999998807907104,False,True
TD3 Target Policy Smoothing,2027,test_0009,medium,AB-QMIX,6.201901173642667,620.1901173642666,0.07073901000001115,8,14.136471516916089,31.944612503051758,0.0,31.944612503051758,31.944612503051758,,,0.14798040688037872,0.0,0.14798040688037872,0.14798040688037872,4.735373020172119,3.735373020172119,False,True
TD3 Target Policy Smoothing,2027,test_0009,medium,ABPO,15.506140236572818,1550.614023657282,0.15067212500002825,160,6.636927699797242,16.171875,4.78479749930705,5.0,18.75,,,0.25,0.06614377883413809,0.15000000596046448,0.3499999940395355,8.0,7.0,False,True
TD3 Target Policy Smoothing,2028,test_0000,short,PSO / Metaheuristic,15.67157700286738,1567.157700286738,0.05779847899998458,12,17.301493348990494,13.100042819976807,5.628535606533376,5.392341613769531,21.250539779663086,,,0.24999999441206455,0.15390464225959552,0.08360365778207779,0.45522934198379517,5.999999865889549,4.999999865889549,False,True
TD3 Target Policy Smoothing,2028,test_0000,short,DDPG,6.764998190499555,676.4998190499555,0.02570914399996127,2,38.89666649350544,32.629310607910156,1.5986279452358285,30.116714477539062,34.13859939575195,,,0.2500000037252903,0.007752677192894888,0.23939236998558044,0.2610795497894287,6.000000089406967,5.000000089406967,False,True
TD3 Target Policy Smoothing,2028,test_0000,short,PPO,6.743698083479505,674.3698083479505,0.020933282000100917,2,47.7708177817114,32.79541826248169,2.9600977388258567,29.70025062561035,36.3979606628418,,,0.2500000074505806,0.014593007955593765,0.2251811921596527,0.2607190012931824,6.000000178813934,5.000000178813934,False,True
TD3 Target Policy Smoothing,2028,test_0000,short,SAC,6.400217354483345,640.0217354483345,0.031213490000027377,2,32.03742997015466,33.58841800689697,1.1421296296395815,32.148502349853516,34.961849212646484,,,0.25,0.012051097486050951,0.22996217012405396,0.2621092200279236,6.0,5.0,False,True
TD3 Target Policy Smoothing,2028,test_0000,short,MADDPG,6.660211055380674,666.0211055380673,0.04448763900006725,8,22.47815398786365,32.85739040374756,0.9242640672157248,31.31893539428711,33.58930969238281,,,0.25,0.00452316171506372,0.24386999011039734,0.25528213381767273,6.0,5.0,False,True
TD3 Target Policy Smoothing,2028,test_0000,short,AB-QMIX,6.879729603328751,687.972960332875,0.052882576999991215,8,18.909819769187234,31.944612503051758,0.0,31.944612503051758,31.944612503051758,,,0.14798040688037872,0.0,0.14798040688037872,0.14798040688037872,3.5515297651290894,2.5515297651290894,False,True
TD3 Target Policy Smoothing,2028,test_0000,short,ABPO,16.95605697722311,1695.605697722311,0.10950014400009422,120,9.132408081574209,14.166666666666666,5.1243224484370185,5.0,18.75,,,0.25,0.0288675117388434,0.15000000596046448,0.3499999940395355,6.0,5.0,False,True
TD3 Target Policy Smoothing,2028,test_0001,medium,PSO / Metaheuristic,14.856681619560387,1485.6681619560386,0.056996807000018634,12,17.54484246809954,28.017251014709473,5.7294483203748205,18.995559692382812,34.2673225402832,,,0.24999999813735485,0.12355793158752311,0.12327411025762558,0.39552268385887146,6.999999947845936,5.999999947845936,False,True
TD3 Target Policy Smoothing,2028,test_0001,medium,DDPG,13.364676024565052,1336.4676024565051,0.038174189999949704,2,26.195709719088146,31.74031114578247,1.1193350779395177,30.167522430419922,33.24974060058594,,,0.2499999962747097,0.030798025946962907,0.2258700132369995,0.3028949797153473,6.999999895691872,5.999999895691872,False,True
TD3 Target Policy Smoothing,2028,test_0001,medium,PPO,12.972822321175295,1297.2822321175295,0.031042595000030815,2,32.21380171338792,32.455867290496826,2.159353548366261,29.322420120239258,35.389705657958984,,,0.2499999962747097,0.025121695809679215,0.2208201140165329,0.28981903195381165,6.999999895691872,5.999999895691872,False,True
TD3 Target Policy Smoothing,2028,test_0001,medium,SAC,13.267990783665912,1326.7990783665912,0.03861077599992768,2,25.899505360935326,31.872042655944824,1.390735686668473,30.23972511291504,34.03461837768555,,,0.2499999962747097,0.015703481003170018,0.22957287728786469,0.27336385846138,6.999999895691872,5.999999895691872,False,True
TD3 Target Policy Smoothing,2028,test_0001,medium,MADDPG,13.399899227856732,1339.9899227856731,0.04082681299996693,8,24.493707113528796,31.7891845703125,1.4274762742174592,29.335567474365234,32.842491149902344,,,0.2500000074505806,0.010977229479296332,0.23697209358215332,0.2655859589576721,7.000000208616257,6.000000208616257,False,True
TD3 Target Policy Smoothing,2028,test_0001,medium,AB-QMIX,13.05153449463303,1305.153449463303,0.023258236999936344,8,42.99552025386692,31.944612503051758,0.0,31.944612503051758,31.944612503051758,,,0.14798040688037872,0.0,0.14798040688037872,0.14798040688037872,4.143451392650604,3.1434513926506042,False,True
TD3 Target Policy Smoothing,2028,test_0001,medium,ABPO,19.167724645096232,1916.7724645096232,0.1284110450000071,140,7.787492111756778,16.785714285714285,4.8114977090383855,5.0,18.75,,,0.25,0.0,0.25,0.25,7.0,6.0,False,True
TD3 Target Policy Smoothing,2028,test_0002,long,PSO / Metaheuristic,9.07495698782813,907.4956987828131,0.10942915700002231,12,9.138332300227773,26.85185694694519,15.200217691610229,10.201870918273926,49.66241455078125,,,0.25000000186264515,0.11336610583042574,0.1061304584145546,0.4088345170021057,11.000000081956387,10.000000081956387,False,True
TD3 Target Policy Smoothing,2028,test_0002,long,DDPG,6.081957498437633,608.1957498437632,0.09396142999992207,2,10.642664761496599,31.85008430480957,0.587767744735331,30.83987045288086,32.30413818359375,,,0.2500000037252903,0.03362768668469553,0.21125498414039612,0.2918323874473572,11.000000163912773,10.000000163912773,False,True
TD3 Target Policy Smoothing,2028,test_0002,long,PPO,6.510841122537065,651.0841122537065,0.05251885500001663,2,19.040780687234772,30.824127674102783,2.0861264318906634,28.72995948791504,34.17848587036133,,,0.2500000037252903,0.050390060323168895,0.19766050577163696,0.3306877017021179,11.000000163912773,10.000000163912773,False,True
TD3 Target Policy Smoothing,2028,test_0002,long,SAC,5.898911243357017,589.8911243357016,0.02868624899997485,2,34.85990796499315,32.58449029922485,1.408059347168264,30.778406143188477,34.6668815612793,,,0.25,0.016025320900035427,0.22558416426181793,0.2669605016708374,11.0,10.0,False,True
TD3 Target Policy Smoothing,2028,test_0002,long,MADDPG,5.799210375464401,579.9210375464402,0.029415346999940084,8,33.99585937238942,32.75029134750366,1.349565930622595,30.864675521850586,34.19178009033203,,,0.2499999888241291,0.010520084553219374,0.2376057207584381,0.26531168818473816,10.99999950826168,9.99999950826168,False,True
TD3 Target Policy Smoothing,2028,test_0002,long,AB-QMIX,6.015539907961755,601.5539907961755,0.016515874000106123,8,60.54780994294183,31.944612503051758,0.0,31.944612503051758,31.944612503051758,,,0.14798040688037872,0.0,0.14798040688037872,0.14798040688037872,6.511137902736664,5.511137902736664,False,True
TD3 Target Policy Smoothing,2028,test_0002,long,ABPO,17.963398382773388,1796.3398382773387,0.11455970899999102,220,8.729072452515382,11.25,3.5355339059327378,5.0,18.75,,,0.25,0.0707106739039699,0.15000000596046448,0.3499999940395355,11.0,10.0,False,True
TD3 Target Policy Smoothing,2028,test_0003,very_long,PSO / Metaheuristic,8.87797412828349,887.797412828349,0.05211769999993976,12,19.187339425975356,21.378045916557312,15.372321806074313,5.953126430511475,46.97926712036133,,,0.25000000186264515,0.14788098881935408,0.09160614013671875,0.4283512830734253,11.000000081956387,10.000000081956387,False,True
TD3 Target Policy Smoothing,2028,test_0003,very_long,DDPG,5.61803440302413,561.803440302413,0.024098322999975608,2,41.496663481563104,31.630682945251465,1.7654778692010458,29.071687698364258,33.98377990722656,,,0.2500000037252903,0.027118715914531865,0.20576591789722443,0.27577877044677734,11.000000163912773,10.000000163912773,False,True
TD3 Target Policy Smoothing,2028,test_0003,very_long,PPO,5.916204764738154,591.6204764738154,0.022160097999972095,2,45.12615422554806,31.00300693511963,3.814291274923826,26.886962890625,37.21208953857422,,,0.2500000037252903,0.01293947009524354,0.2294469177722931,0.26389843225479126,11.000000163912773,10.000000163912773,False,True
TD3 Target Policy Smoothing,2028,test_0003,very_long,SAC,5.366453606674822,536.6453606674822,0.028595605999953477,2,34.970407691364436,32.55467414855957,0.8264695782184439,31.818323135375977,33.916236877441406,,,0.25,0.02790183540232693,0.21910111606121063,0.2952999472618103,11.0,10.0,False,True
TD3 Target Policy Smoothing,2028,test_0003,very_long,MADDPG,5.670018544763241,567.0018544763241,0.028478792999976577,8,35.11384769715565,31.495347023010254,1.4486579725511597,29.80196189880371,33.720069885253906,,,0.2500000037252903,0.010522216309185643,0.23780623078346252,0.26092463731765747,11.000000163912773,10.000000163912773,False,True
TD3 Target Policy Smoothing,2028,test_0003,very_long,AB-QMIX,5.429331326337942,542.9331326337942,0.01722282200000791,8,58.06249405582551,31.944612503051758,0.0,31.944612503051758,31.944612503051758,,,0.14798040688037872,0.0,0.14798040688037872,0.14798040688037872,6.511137902736664,5.511137902736664,False,True
TD3 Target Policy Smoothing,2028,test_0003,very_long,ABPO,16.536317905905182,1653.6317905905182,0.10878652700000657,220,9.192314779935383,11.25,6.187184335382291,5.0,18.75,,,0.25,0.030151132660628705,0.15000000596046448,0.3499999940395355,11.0,10.0,False,True
TD3 Target Policy Smoothing,2028,test_0004,short,PSO / Metaheuristic,12.731631733865308,1273.1631733865308,0.02863684099997954,12,34.920052808922414,24.771589756011963,14.864126098991857,10.806764602661133,49.777587890625,,,0.25,0.1103542794974127,0.11469525098800659,0.3756551444530487,6.0,5.0,False,True
TD3 Target Policy Smoothing,2028,test_0004,short,DDPG,10.706673726174765,1070.6673726174765,0.019700179999972534,2,50.76095751416455,31.701555728912354,0.6125596053787293,30.687904357910156,32.30113220214844,,,0.2500000037252903,0.033226277537403,0.21333126723766327,0.2836362421512604,6.000000089406967,5.000000089406967,False,True
TD3 Target Policy Smoothing,2028,test_0004,short,PPO,10.42376069620831,1042.376069620831,0.016839512000046852,2,59.38414367335691,31.185279369354248,3.9307337516797163,28.355850219726562,37.905487060546875,,,0.2500000037252903,0.04167792850576603,0.20059192180633545,0.31413665413856506,6.000000089406967,5.000000089406967,False,True
TD3 Target Policy Smoothing,2028,test_0004,short,SAC,10.975514976309652,1097.5514976309653,0.022196624000002885,2,45.051896180242096,30.891182899475098,0.33623629091657703,30.463436126708984,31.277673721313477,,,0.25,0.025951317122708224,0.2245052605867386,0.2920621633529663,6.0,5.0,False,True
TD3 Target Policy Smoothing,2028,test_0004,short,MADDPG,11.043628928650334,1104.3628928650335,0.023363065000012284,8,42.80260316869701,30.84962749481201,1.1733133378857326,29.77435302734375,32.81101989746094,,,0.2499999962747097,0.005611927484887013,0.2422390729188919,0.2580135762691498,5.999999910593033,4.999999910593033,False,True
TD3 Target Policy Smoothing,2028,test_0004,short,AB-QMIX,10.369243368210888,1036.924336821089,0.01154162999989694,8,86.64287453409348,31.944612503051758,0.0,31.944612503051758,31.944612503051758,,,0.14798040688037872,0.0,0.14798040688037872,0.14798040688037872,3.5515297651290894,2.5515297651290894,False,True
TD3 Target Policy Smoothing,2028,test_0004,short,ABPO,15.829843995210759,1582.984399521076,0.06028457399997933,120,16.587991481873004,16.458333333333332,3.2409060804383425,11.875,18.75,,,0.25,0.06454971858932701,0.15000000596046448,0.3499999940395355,6.0,5.0,False,True
TD3 Target Policy Smoothing,2028,test_0005,medium,PSO / Metaheuristic,7.18784120755523,718.784120755523,0.03307737199997973,12,30.232147826030822,23.17418646812439,17.243856884191892,12.354615211486816,53.01505661010742,,,0.2499999925494194,0.25566472957649,0.059713393449783325,0.6879738569259644,6.999999791383743,5.999999791383743,False,True
TD3 Target Policy Smoothing,2028,test_0005,medium,DDPG,3.3150217025424658,331.5021702542466,0.02025553700002547,2,49.36921692072358,30.335190773010254,3.6005101134100315,26.87525177001953,36.23594665527344,,,0.2500000037252903,0.0356645946580751,0.19228823482990265,0.2878159284591675,7.000000104308128,6.000000104308128,False,True
TD3 Target Policy Smoothing,2028,test_0005,medium,PPO,3.3542637117914245,335.42637117914245,0.01764025699992544,2,56.68851649974412,30.1438570022583,2.4450665905364097,28.046894073486328,34.309757232666016,,,0.25,0.01832612167915287,0.22694437205791473,0.272045373916626,7.0,6.0,False,True
TD3 Target Policy Smoothing,2028,test_0005,medium,SAC,3.0226851469856757,302.26851469856757,0.023285984000040116,2,42.94428785995375,32.81786012649536,1.335914195363943,30.760007858276367,34.312374114990234,,,0.2499999962747097,0.003145622343356161,0.2455766797065735,0.25442904233932495,6.999999895691872,5.999999895691872,False,True
TD3 Target Policy Smoothing,2028,test_0005,medium,MADDPG,2.9292107870429183,292.9210787042918,0.024458166000044912,8,40.886140031847184,33.81871795654297,1.4695906640527951,31.427345275878906,35.29638671875,,,0.2500000149011612,0.0071727167071423134,0.23770174384117126,0.25512805581092834,7.000000417232513,6.000000417232513,False,True
TD3 Target Policy Smoothing,2028,test_0005,medium,AB-QMIX,3.072892020356624,307.2892020356624,0.016355809000060617,8,61.14035692128062,31.944612503051758,0.0,31.944612503051758,31.944612503051758,,,0.14798040688037872,0.0,0.14798040688037872,0.14798040688037872,4.143451392650604,3.1434513926506042,False,True
TD3 Target Policy Smoothing,2028,test_0005,medium,ABPO,16.428417673832104,1642.8417673832105,0.07088435900004697,140,14.107484558043861,6.964285714285714,4.8114977090383855,5.0,18.75,,,0.25,0.026726122598241298,0.15000000596046448,0.3499999940395355,7.0,6.0,False,True
TD3 Target Policy Smoothing,2028,test_0006,long,PSO / Metaheuristic,6.202205125756027,620.2205125756028,0.06584741400001803,12,15.1866252484832,24.68957543373108,17.350170322410825,6.640681266784668,42.18241882324219,,,0.25,0.051447295325138774,0.16589882969856262,0.3056126832962036,10.0,9.0,False,True
TD3 Target Policy Smoothing,2028,test_0006,long,DDPG,3.2723873093821476,327.23873093821476,0.02297176499996567,2,43.531700764024635,32.98844242095947,1.0862478440090155,31.63089370727539,34.23808288574219,,,0.2500000037252903,0.017844580471767763,0.22904491424560547,0.27730298042297363,10.000000149011612,9.000000149011612,False,True
TD3 Target Policy Smoothing,2028,test_0006,long,PPO,3.4521992646659796,345.219926466598,0.02023856000005253,2,49.41063000516857,31.842971324920654,2.7727191607494635,28.316177368164062,36.090843200683594,,,0.2500000037252903,0.01869995586697969,0.22822515666484833,0.2705586850643158,10.000000149011612,9.000000149011612,False,True
TD3 Target Policy Smoothing,2028,test_0006,long,SAC,3.2298721365618177,322.9872136561818,0.025556569999935164,2,39.12888153623655,33.37318229675293,1.0419776670953231,31.89722442626953,34.498863220214844,,,0.2499999962747097,0.016337549465827432,0.2273368239402771,0.27174192667007446,9.999999850988388,8.999999850988388,False,True
TD3 Target Policy Smoothing,2028,test_0006,long,MADDPG,3.2736308420143,327.36308420142996,0.029728483999974742,8,33.63777312024554,32.97864532470703,0.6331276950341734,32.14210510253906,33.92599105834961,,,0.2500000149011612,0.014367116573654137,0.2330845445394516,0.2663307785987854,10.000000596046448,9.000000596046448,False,True
TD3 Target Policy Smoothing,2028,test_0006,long,AB-QMIX,3.3532357955229424,335.32357955229423,0.015804586000058407,8,63.27277411735457,31.944612503051758,0.0,31.944612503051758,31.944612503051758,,,0.14798040688037872,0.0,0.14798040688037872,0.14798040688037872,5.919216275215149,4.919216275215149,False,True
TD3 Target Policy Smoothing,2028,test_0006,long,ABPO,16.07672891660233,1607.672891660233,0.1035236420000274,200,9.659629246812388,7.75,5.5,5.0,18.75,,,0.25,0.038729831153596204,0.15000000596046448,0.3499999940395355,10.0,9.0,False,True
TD3 Target Policy Smoothing,2028,test_0007,very_long,PSO / Metaheuristic,8.472484332760377,847.2484332760376,0.0631090150000091,12,15.845596702782572,26.910762667655945,11.548175228429553,7.944858074188232,37.52198791503906,,,0.2500000037252903,0.1720258660897199,0.10510645061731339,0.5310482978820801,12.000000178813934,11.000000178813934,False,True
TD3 Target Policy Smoothing,2028,test_0007,very_long,DDPG,6.761412427197379,676.1412427197379,0.02617561600004592,2,38.203494427724095,33.906818866729736,1.647013299749329,31.4191837310791,36.04608154296875,,,0.25,0.028599996035387595,0.21085192263126373,0.2813678979873657,12.0,11.0,False,True
TD3 Target Policy Smoothing,2028,test_0007,very_long,PPO,7.324645053422259,732.464505342226,0.025790357000005315,2,38.774182148769555,31.84054183959961,1.1080828067364918,30.012903213500977,32.885215759277344,,,0.25,0.020981328522698704,0.22098536789417267,0.27291354537010193,12.0,11.0,False,True
TD3 Target Policy Smoothing,2028,test_0007,very_long,SAC,7.1180000555361715,711.8000055536171,0.02900031299998318,2,34.48238644874557,32.865673542022705,1.6566420600134688,30.29432487487793,34.567962646484375,,,0.2499999962747097,0.02428615640795066,0.2183016538619995,0.27913081645965576,11.999999821186066,10.999999821186066,False,True
TD3 Target Policy Smoothing,2028,test_0007,very_long,MADDPG,7.355341295536076,735.5341295536076,0.029126797000003535,8,34.3326456389928,31.838510036468506,1.2214427237491876,30.457002639770508,33.784114837646484,,,0.2500000111758709,0.016098774704920736,0.22465084493160248,0.2639258801937103,12.000000536441803,11.000000536441803,False,True
TD3 Target Policy Smoothing,2028,test_0007,very_long,AB-QMIX,7.140612944918846,714.0612944918846,0.017349423000041497,8,57.63880447191864,31.944612503051758,0.0,31.944612503051758,31.944612503051758,,,0.14798040688037872,0.0,0.14798040688037872,0.14798040688037872,7.103059530258179,6.103059530258179,False,True
TD3 Target Policy Smoothing,2028,test_0007,very_long,ABPO,17.063473268414366,1706.3473268414366,0.11558403300000464,240,8.65171403043152,10.729166666666666,6.170501341508285,5.0,18.75,,,0.25,0.06454971858932701,0.15000000596046448,0.3499999940395355,12.0,11.0,False,True
TD3 Target Policy Smoothing,2028,test_0008,short,PSO / Metaheuristic,8.514785220262812,851.4785220262812,0.03276057000005039,12,30.524499421055914,18.15836238861084,4.87894260067717,10.686105728149414,24.294931411743164,,,0.25,0.092413126446986,0.15292777121067047,0.349750816822052,7.0,6.0,False,True
TD3 Target Policy Smoothing,2028,test_0008,short,DDPG,3.363839266163788,336.3839266163788,0.019874231000017062,2,50.316412242523576,31.819146633148193,1.059054436215137,30.648035049438477,32.91139221191406,,,0.2499999962747097,0.01329710646630886,0.22709132730960846,0.25964945554733276,6.999999895691872,5.999999895691872,False,True
TD3 Target Policy Smoothing,2028,test_0008,short,PPO,3.4352232869229478,343.52232869229476,0.01698242800000571,2,58.884395093543965,31.9938325881958,3.9795044847935173,27.126392364501953,37.7635612487793,,,0.2500000037252903,0.039221620998399535,0.20667116343975067,0.313433974981308,7.000000104308128,6.000000104308128,False,True
TD3 Target Policy Smoothing,2028,test_0008,short,SAC,3.3561285478348437,335.6128547834844,0.022577344000069388,2,44.29218955059225,31.882298946380615,0.9314327787712303,30.754220962524414,33.030906677246094,,,0.25,0.012027738522388223,0.23683597147464752,0.2635405659675598,7.0,6.0,False,True
TD3 Target Policy Smoothing,2028,test_0008,short,MADDPG,3.2016398577098752,320.1639857709875,0.02353117799998472,8,42.496809976986675,33.1953010559082,1.3274566454767034,31.376453399658203,35.12710189819336,,,0.25,0.024764654614204892,0.2108573615550995,0.27901962399482727,7.0,6.0,False,True
TD3 Target Policy Smoothing,2028,test_0008,short,AB-QMIX,3.307345240827245,330.73452408272453,0.012272176999999829,8,81.48513503350009,31.944612503051758,0.0,31.944612503051758,31.944612503051758,,,0.14798040688037872,0.0,0.14798040688037872,0.14798040688037872,4.143451392650604,3.1434513926506042,False,True
TD3 Target Policy Smoothing,2028,test_0008,short,ABPO,17.76301089423532,1776.3010894235322,0.06871045100001538,140,14.553826753367929,5.982142857142857,2.405748854519193,5.0,11.875,,,0.25,0.026726122598241298,0.15000000596046448,0.3499999940395355,7.0,6.0,False,True
TD3 Target Policy Smoothing,2028,test_0009,medium,PSO / Metaheuristic,12.814635000125183,1281.4635000125181,0.042160975999991024,12,23.718616001683948,17.31867027282715,3.445447981418122,13.6731538772583,22.005544662475586,,,0.24999999068677425,0.19397770802652997,0.05653928220272064,0.510901927947998,8.999999664723873,7.999999664723873,False,True
TD3 Target Policy Smoothing,2028,test_0009,medium,DDPG,5.5749796263075995,557.49796263076,0.02216062399998009,2,45.125083120443655,31.306944847106934,1.4438894432007483,29.12065887451172,33.18034362792969,,,0.25,0.021759619227715944,0.2329293042421341,0.28736522793769836,9.0,8.0,False,True
TD3 Target Policy Smoothing,2028,test_0009,medium,PPO,5.149674440315911,514.9674440315911,0.02083123699992484,2,48.0048304382312,33.063114643096924,2.1643783665987963,29.430273056030273,35.0527229309082,,,0.2499999962747097,0.04204132840575661,0.2078079730272293,0.2975287139415741,8.99999986588955,7.999999865889549,False,True
TD3 Target Policy Smoothing,2028,test_0009,medium,SAC,5.577067951028219,557.706795102822,0.027168252999899778,2,36.807666654300114,31.296285152435303,1.0258651404399075,29.725906372070312,32.51183319091797,,,0.2500000037252903,0.011900483810294191,0.23738639056682587,0.268897145986557,9.00000013411045,8.00000013411045,False,True
TD3 Target Policy Smoothing,2028,test_0009,medium,MADDPG,5.315863106128663,531.5863106128663,0.04020979300003091,8,24.869563491640736,32.39714860916138,0.7673539203861915,31.390487670898438,33.30744934082031,,,0.25,0.01039255711360401,0.23780658841133118,0.2664521634578705,9.0,8.0,False,True
TD3 Target Policy Smoothing,2028,test_0009,medium,AB-QMIX,5.351240512208833,535.1240512208833,0.02971131599997534,8,33.657209933105285,31.944612503051758,0.0,31.944612503051758,31.944612503051758,,,0.14798040688037872,0.0,0.14798040688037872,0.14798040688037872,5.327294647693634,4.327294647693634,False,True
TD3 Target Policy Smoothing,2028,test_0009,medium,ABPO,17.65887171250018,1765.887171250018,0.10848181100004695,180,9.218135195028845,8.819444444444445,4.70892736337908,5.0,18.75,,,0.25,0.0577350234776868,0.15000000596046448,0.3499999940395355,9.0,8.0,False,True
TD3 Delayed Actor Update,2026,test_0000,short,PSO / Metaheuristic,11.249161665264726,1124.9161665264726,0.022214853000036783,12,45.0149276251499,21.754722356796265,10.711433781748273,12.282073020935059,39.92277908325195,,,0.25000000186264515,0.31321929110204433,0.05697359889745712,0.792351484298706,4.000000029802322,3.0000000298023224,False,True
TD3 Delayed Actor Update,2026,test_0000,short,DDPG,7.000391647886854,700.0391647886854,0.019637134000049628,2,50.92392810465482,32.7717342376709,0.6826965250362553,31.69366455078125,33.425498962402344,,,0.25,0.01847743745632754,0.22789590060710907,0.2768801152706146,4.0,3.0,False,True
TD3 Delayed Actor Update,2026,test_0000,short,PPO,6.9805792106417615,698.0579210641762,0.0179720209999914,2,55.64204493197946,32.89413642883301,1.5666473650744728,30.48586654663086,34.861751556396484,,,0.25,0.030841764302282852,0.2074231654405594,0.29460573196411133,4.0,3.0,False,True
TD3 Delayed Actor Update,2026,test_0000,short,SAC,6.851667443949687,685.1667443949686,0.023167001000047094,2,43.16484468567887,33.13750076293945,0.4737286349934583,32.57973861694336,33.89079666137695,,,0.2500000037252903,0.021569348024093365,0.2152741700410843,0.2736406624317169,4.000000059604645,3.0000000596046448,False,True
TD3 Delayed Actor Update,2026,test_0000,short,MADDPG,6.872079133732266,687.2079133732267,0.021878313999991406,8,45.70736117967741,33.04177379608154,1.2032457770699272,31.771751403808594,34.382896423339844,,,0.25,0.0130246439889212,0.24109134078025818,0.2724263668060303,4.0,3.0,False,True
TD3 Delayed Actor Update,2026,test_0000,short,AB-QMIX,7.203801625087148,720.3801625087148,0.009837150000066686,8,101.65545915160601,31.944612503051758,0.0,31.944612503051758,31.944612503051758,,,0.14798040688037872,0.0,0.14798040688037872,0.14798040688037872,2.3676865100860596,1.3676865100860596,False,True
TD3 Delayed Actor Update,2026,test_0000,short,ABPO,17.096313964722498,1709.6313964722497,0.043930520000003526,80,22.763217917746474,13.59375,5.700448858423344,5.0,18.75,,,0.25,0.03535533695198495,0.15000000596046448,0.3499999940395355,4.0,3.0,False,True
TD3 Delayed Actor Update,2026,test_0001,medium,PSO / Metaheuristic,15.111883713034105,1511.1883713034106,0.030696602000034545,12,32.57689564463437,22.856554985046387,7.500563515849654,13.821353912353516,32.61389923095703,,,0.2500000037252903,0.06253120992415225,0.16167180240154266,0.3259107768535614,6.000000089406967,5.000000089406967,False,True
TD3 Delayed Actor Update,2026,test_0001,medium,DDPG,11.009977963517587,1100.9977963517588,0.019026983000003383,2,52.55693979438686,32.89968490600586,1.6962402872891988,30.346145629882812,34.94829177856445,,,0.25,0.019223276337826754,0.21880412101745605,0.268797904253006,6.0,5.0,False,True
TD3 Delayed Actor Update,2026,test_0001,medium,PPO,11.883518799162724,1188.3518799162723,0.015713315999960287,2,63.64029082101622,31.2901554107666,1.0440928520716286,30.246610641479492,32.83606719970703,,,0.2500000037252903,0.0259988421770873,0.21751126646995544,0.2902267873287201,6.000000089406967,5.000000089406967,False,True
TD3 Delayed Actor Update,2026,test_0001,medium,SAC,11.288380670474602,1128.8380670474603,0.021130774999960522,2,47.32434091990797,32.567049980163574,0.2636508458962637,32.17451858520508,32.8857536315918,,,0.2500000037252903,0.017415828361004405,0.2293105274438858,0.276712030172348,6.000000089406967,5.000000089406967,False,True
TD3 Delayed Actor Update,2026,test_0001,medium,MADDPG,11.452905779971958,1145.290577997196,0.02188294000006863,8,45.69769875514277,32.2457914352417,0.12796599623202384,32.04802703857422,32.367759704589844,,,0.2500000186264515,0.012572604948879558,0.24228587746620178,0.2717566192150116,6.000000447034836,5.000000447034836,False,True
TD3 Delayed Actor Update,2026,test_0001,medium,AB-QMIX,11.372109336089894,1137.2109336089895,0.010927896999987752,8,91.50891521041247,31.944612503051758,0.0,31.944612503051758,31.944612503051758,,,0.14798040688037872,0.0,0.14798040688037872,0.14798040688037872,3.5515297651290894,2.5515297651290894,False,True
TD3 Delayed Actor Update,2026,test_0001,medium,ABPO,17.83922200014451,1783.922200014451,0.06031472000006488,120,16.579700610380424,16.458333333333332,5.124322448437018,5.0,18.75,,,0.25,0.0577350234776868,0.15000000596046448,0.3499999940395355,6.0,5.0,False,True
TD3 Delayed Actor Update,2026,test_0002,long,PSO / Metaheuristic,11.912973152613752,1191.2973152613752,0.04215057299995806,12,23.72446989038548,21.569433212280273,5.197354087758632,16.941360473632812,30.27364730834961,,,0.2500000037252903,0.2097295755276432,0.07982498407363892,0.6052707433700562,9.00000013411045,8.00000013411045,False,True
TD3 Delayed Actor Update,2026,test_0002,long,DDPG,8.925563869959525,892.5563869959525,0.021588364999956866,2,46.32124757951786,31.426844596862793,1.7749438914584412,30.148632049560547,34.47914505004883,,,0.25,0.03747361401150618,0.20357279479503632,0.3076415956020355,9.0,8.0,False,True
TD3 Delayed Actor Update,2026,test_0002,long,PPO,9.09623774024635,909.6237740246349,0.019458170000007158,2,51.39229434215202,30.958701133728027,1.1612154703756403,29.22410774230957,32.08693313598633,,,0.25,0.016845274216192616,0.23242917656898499,0.27781760692596436,9.0,8.0,False,True
TD3 Delayed Actor Update,2026,test_0002,long,SAC,8.408857710617902,840.8857710617901,0.02407964200006063,2,41.52885661661756,32.64743375778198,1.4097032321665066,31.07478141784668,34.65432357788086,,,0.2500000037252903,0.015167052716072547,0.23304970562458038,0.26696962118148804,9.00000013411045,8.00000013411045,False,True
TD3 Delayed Actor Update,2026,test_0002,long,MADDPG,8.699297700013224,869.9297700013224,0.025418056000034994,8,39.34211176490536,31.449450492858887,1.2843441491995424,29.919513702392578,33.26069259643555,,,0.25,0.011282733901303766,0.2373841106891632,0.26799899339675903,9.0,8.0,False,True
TD3 Delayed Actor Update,2026,test_0002,long,AB-QMIX,8.374063505364271,837.4063505364271,0.013886235999962082,8,72.01375520355052,31.944612503051758,0.0,31.944612503051758,31.944612503051758,,,0.14798040688037872,0.0,0.14798040688037872,0.14798040688037872,5.327294647693634,4.327294647693634,False,True
TD3 Delayed Actor Update,2026,test_0002,long,ABPO,15.60954246093987,1560.954246093987,0.08665902999996433,180,11.539478344038834,17.22222222222222,4.321208107251123,5.0,18.75,,,0.25,0.06666666269302368,0.15000000596046448,0.3499999940395355,9.0,8.0,False,True
TD3 Delayed Actor Update,2026,test_0003,very_long,PSO / Metaheuristic,10.826577114409812,1082.657711440981,0.06157229199993708,12,16.241071552136177,19.957764863967896,11.007634947209674,10.3344144821167,38.67189407348633,,,0.2499999962747097,0.18308935062250076,0.10012304782867432,0.5619706511497498,12.999999806284904,11.999999806284904,False,True
TD3 Delayed Actor Update,2026,test_0003,very_long,DDPG,5.363254626176961,536.3254626176961,0.026890114000025278,2,37.18838826786156,33.30549430847168,1.5430580246889791,30.91461181640625,35.13090896606445,,,0.2500000037252903,0.02694783490206041,0.22262294590473175,0.28703680634498596,13.000000193715096,12.000000193715096,False,True
TD3 Delayed Actor Update,2026,test_0003,very_long,PPO,6.058532129366701,605.85321293667,0.023892874000011943,2,41.853483176594835,31.180749893188477,2.030339862379614,28.320749282836914,33.11214828491211,,,0.25,0.024322894340956337,0.21531391143798828,0.282130628824234,13.0,12.0,False,True
TD3 Delayed Actor Update,2026,test_0003,very_long,SAC,5.29548584616549,529.548584616549,0.028885290000062014,2,34.61969743069407,33.50303268432617,1.7713477853641233,31.70383071899414,36.124542236328125,,,0.25,0.023280744491796335,0.21710382401943207,0.27379071712493896,13.0,12.0,False,True
TD3 Delayed Actor Update,2026,test_0003,very_long,MADDPG,5.238121241856515,523.8121241856514,0.02945302000000538,8,33.95237568167262,33.80683994293213,0.6120126454073543,33.083580017089844,34.73837661743164,,,0.2499999925494194,0.015044466756402647,0.23226669430732727,0.2713869512081146,12.999999612569809,11.999999612569809,False,True
TD3 Delayed Actor Update,2026,test_0003,very_long,AB-QMIX,5.630940814566309,563.094081456631,0.01870747600003142,8,53.45456543674414,31.944612503051758,0.0,31.944612503051758,31.944612503051758,,,0.14798040688037872,0.0,0.14798040688037872,0.14798040688037872,7.694981157779694,6.694981157779694,False,True
TD3 Delayed Actor Update,2026,test_0003,very_long,ABPO,17.056528007890407,1705.6528007890406,0.148928526000077,260,6.714630345562427,10.817307692307692,6.520053272371033,5.0,18.75,,,0.25,0.019611612344875146,0.15000000596046448,0.3499999940395355,13.0,12.0,False,True
TD3 Delayed Actor Update,2026,test_0004,short,PSO / Metaheuristic,16.43309311345066,1643.3093113450661,0.033022094999978435,12,30.28275462234159,24.87014079093933,9.27678903995074,14.477938652038574,39.22614669799805,,,0.2500000037252903,0.10870884770420343,0.1145978718996048,0.405396431684494,7.000000104308128,6.000000104308128,False,True
TD3 Delayed Actor Update,2026,test_0004,short,DDPG,14.064436077528198,1406.4436077528198,0.019749305000004824,2,50.63469322083768,31.97196340560913,0.5212684510038794,31.325685501098633,32.51811218261719,,,0.25,0.02710756819375988,0.21059800684452057,0.2782512605190277,7.0,6.0,False,True
TD3 Delayed Actor Update,2026,test_0004,short,PPO,14.49431753974101,1449.431753974101,0.01676908900003582,2,59.63353167234451,30.756182193756104,1.1702237321126694,28.994770050048828,32.242820739746094,,,0.25,0.025538579474809957,0.22060787677764893,0.2888152301311493,7.0,6.0,False,True
TD3 Delayed Actor Update,2026,test_0004,short,SAC,14.07191231650754,1407.191231650754,0.022105175999968196,2,45.23827360621054,31.69839382171631,0.40198485515723054,31.11208724975586,32.12702941894531,,,0.2499999962747097,0.018928604930925266,0.21865622699260712,0.267425537109375,6.999999895691872,5.999999895691872,False,True
TD3 Delayed Actor Update,2026,test_0004,short,MADDPG,13.819502839575723,1381.9502839575723,0.023381267999980082,8,42.769280092116986,32.153648376464844,1.2552289448867362,30.366430282592773,33.80899429321289,,,0.2500000074505806,0.013591286846139791,0.23942367732524872,0.27301284670829773,7.000000208616257,6.000000208616257,False,True
TD3 Delayed Actor Update,2026,test_0004,short,AB-QMIX,13.74435491749561,1374.4354917495612,0.012107945999900949,8,82.59039146756855,31.944612503051758,0.0,31.944612503051758,31.944612503051758,,,0.14798040688037872,0.0,0.14798040688037872,0.14798040688037872,4.143451392650604,3.1434513926506042,False,True
TD3 Delayed Actor Update,2026,test_0004,short,ABPO,19.29428722909423,1929.4287229094232,0.06954199199992672,140,14.379800912246715,15.803571428571429,3.4022426577245803,11.875,18.75,,,0.25,0.0707106739039699,0.15000000596046448,0.3499999940395355,7.0,6.0,False,True
TD3 Delayed Actor Update,2026,test_0005,medium,PSO / Metaheuristic,6.478931537071228,647.8931537071228,0.037530851000042276,12,26.64474621156002,20.207140922546387,5.493586149489784,14.097164154052734,29.11992073059082,,,0.2500000009313226,0.2193314747093811,0.05862897261977196,0.608139157295227,8.000000029802322,7.000000029802322,False,True
TD3 Delayed Actor Update,2026,test_0005,medium,DDPG,3.623297769181506,362.3297769181506,0.021321079000017562,2,46.90194150113962,30.5502986907959,1.6227385284971738,29.19582748413086,33.3182373046875,,,0.25,0.013690239017534606,0.22683382034301758,0.26242172718048096,8.0,7.0,False,True
TD3 Delayed Actor Update,2026,test_0005,medium,PPO,3.13314716934424,313.314716934424,0.018851940999979888,2,53.04493579738377,34.82774543762207,1.9552506994402121,31.52899932861328,36.47669219970703,,,0.2500000037252903,0.036107272205001845,0.2215675711631775,0.3116808831691742,8.00000011920929,7.0000001192092896,False,True
TD3 Delayed Actor Update,2026,test_0005,medium,SAC,3.4761596902958307,347.6159690295831,0.024361186000078305,2,41.0489045975342,31.484481811523438,0.43591988960396677,31.070632934570312,32.217811584472656,,,0.25,0.011242862312659273,0.23326513171195984,0.26490849256515503,8.0,7.0,False,True
TD3 Delayed Actor Update,2026,test_0005,medium,MADDPG,3.3897278626984004,338.97278626984007,0.025448185000072954,8,39.29553325697425,32.34012794494629,2.0959587381972122,29.20284652709961,35.1036376953125,,,0.2500000111758709,0.028022428886514444,0.21616767346858978,0.2939310669898987,8.000000357627869,7.000000357627869,False,True
TD3 Delayed Actor Update,2026,test_0005,medium,AB-QMIX,3.376673825759566,337.6673825759566,0.013918117000002894,8,71.84879966160595,31.944612503051758,0.0,31.944612503051758,31.944612503051758,,,0.14798040688037872,0.0,0.14798040688037872,0.14798040688037872,4.735373020172119,3.735373020172119,False,True
TD3 Delayed Actor Update,2026,test_0005,medium,ABPO,18.55826850267028,1855.826850267028,0.07982564200005982,160,12.527302943573579,5.0,0.0,5.0,5.0,,,0.25,0.0559016961054938,0.15000000596046448,0.3499999940395355,8.0,7.0,False,True
TD3 Delayed Actor Update,2026,test_0006,long,PSO / Metaheuristic,6.253921280725682,625.3921280725682,0.05520202000002428,12,18.11527911477805,20.36170983314514,9.421892287232101,5.799057960510254,30.20545196533203,,,0.2500000037252903,0.32881646995048663,0.050073761492967606,0.8192787170410156,12.000000178813934,11.000000178813934,False,True
TD3 Delayed Actor Update,2026,test_0006,long,DDPG,3.7660610157605294,376.60610157605294,0.024431714000002103,2,40.930407093006814,28.387524127960205,1.5000918052567431,26.52264404296875,30.321502685546875,,,0.2499999925494194,0.03789664758992692,0.21220877766609192,0.29416224360466003,11.999999642372131,10.999999642372131,False,True
TD3 Delayed Actor Update,2026,test_0006,long,PPO,3.337507057900122,333.7507057900122,0.022710811000024478,2,44.03189300456607,31.77576446533203,2.173798753042661,29.586109161376953,35.25456237792969,,,0.2499999962747097,0.019795866687946844,0.21769030392169952,0.2702702283859253,11.999999821186066,10.999999821186066,False,True
TD3 Delayed Actor Update,2026,test_0006,long,SAC,3.2403112431025174,324.0311243102517,0.029650986999968154,2,33.72569014316704,32.35738468170166,0.9416602880555096,31.079181671142578,33.531898498535156,,,0.2499999962747097,0.012211159696803467,0.2373020350933075,0.2675389349460602,11.999999821186066,10.999999821186066,False,True
TD3 Delayed Actor Update,2026,test_0006,long,MADDPG,3.2905112921187865,329.0511292118787,0.03010340699995595,8,33.21883134362377,31.832470417022705,0.8564746716939098,31.19057273864746,33.306922912597656,,,0.2499999962747097,0.012186266131178354,0.23414365947246552,0.2648082673549652,11.999999821186066,10.999999821186066,False,True
TD3 Delayed Actor Update,2026,test_0006,long,AB-QMIX,3.239312759592892,323.93127595928917,0.01765588000000662,8,56.638355040905644,31.944612503051758,0.0,31.944612503051758,31.944612503051758,,,0.14798040688037872,0.0,0.14798040688037872,0.14798040688037872,7.103059530258179,6.103059530258179,False,True
TD3 Delayed Actor Update,2026,test_0006,long,ABPO,17.807373091231415,1780.7373091231416,0.11849249900001269,240,8.439352772869555,6.145833333333333,3.8002992389488957,5.0,18.75,,,0.25,0.03535533695198495,0.15000000596046448,0.3499999940395355,12.0,11.0,False,True
TD3 Delayed Actor Update,2026,test_0007,very_long,PSO / Metaheuristic,13.225747064765075,1322.5747064765073,0.10273957499998687,12,9.73334764135561,21.90073847770691,9.659817181443143,10.798834800720215,35.39094161987305,,,0.24999999813735485,0.30749023562683986,0.05085552856326103,0.7809173464775085,16.99999987334013,15.99999987334013,False,True
TD3 Delayed Actor Update,2026,test_0007,very_long,DDPG,9.80031786862285,980.031786862285,0.02958953699999256,2,33.795729889259555,32.23961162567139,0.9078757177669362,31.325647354125977,33.740516662597656,,,0.2499999962747097,0.00950715606095116,0.23485006392002106,0.2611307203769684,16.99999974668026,15.99999974668026,False,True
TD3 Delayed Actor Update,2026,test_0007,very_long,PPO,9.594125018042579,959.4125018042579,0.028419167999913952,2,35.18751850874128,33.05889368057251,2.7119621072927593,29.714563369750977,37.055381774902344,,,0.25,0.015930857158313792,0.2296372801065445,0.2693430781364441,17.0,16.0,False,True
TD3 Delayed Actor Update,2026,test_0007,very_long,SAC,9.653266887578773,965.3266887578774,0.03356047399995532,2,29.796956979848716,32.753414154052734,0.5752642001304153,32.264503479003906,33.674049377441406,,,0.2499999962747097,0.009087237499064671,0.24074357748031616,0.2644971013069153,16.99999974668026,15.99999974668026,False,True
TD3 Delayed Actor Update,2026,test_0007,very_long,MADDPG,9.524645621198555,952.4645621198555,0.03437656400001288,8,29.08958556764502,33.14408493041992,1.9672424742807666,29.99917221069336,34.84844207763672,,,0.2499999962747097,0.01789687932000039,0.23649515211582184,0.2808069586753845,16.99999974668026,15.99999974668026,False,True
TD3 Delayed Actor Update,2026,test_0007,very_long,AB-QMIX,9.747390452567487,974.7390452567487,0.022470827000006466,8,44.50214493661992,31.944612503051758,0.0,31.944612503051758,31.944612503051758,,,0.14798040688037872,0.0,0.14798040688037872,0.14798040688037872,10.062667667865753,9.062667667865753,False,True
TD3 Delayed Actor Update,2026,test_0007,very_long,ABPO,18.99221573134308,1899.221573134308,0.1616933660000086,340,6.184545629410342,11.875,6.669729688499157,5.0,18.75,,,0.25,0.06642111245650009,0.15000000596046448,0.3499999940395355,17.0,16.0,False,True
TD3 Delayed Actor Update,2026,test_0008,short,PSO / Metaheuristic,7.910307283912152,791.0307283912152,0.03327313099998719,12,30.054280133732682,25.44430708885193,18.430455217109298,8.106416702270508,51.968929290771484,,,0.25000000186264515,0.16839071672391528,0.0711720883846283,0.42404767870903015,7.000000052154064,6.000000052154064,False,True
TD3 Delayed Actor Update,2026,test_0008,short,DDPG,3.9036917608859545,390.36917608859545,0.01992639299999155,2,50.18469725054726,32.02572965621948,4.07145272537819,26.843387603759766,36.81916427612305,,,0.2500000037252903,0.0255601824031157,0.21472041308879852,0.27507245540618896,7.000000104308128,6.000000104308128,False,True
TD3 Delayed Actor Update,2026,test_0008,short,PPO,3.924897923601108,392.4897923601108,0.017106868000041686,2,58.45605402447504,31.41661310195923,1.8970716712646771,29.455488204956055,34.55549240112305,,,0.2499999962747097,0.044286691685847306,0.1914062649011612,0.30059513449668884,6.999999895691872,5.999999895691872,False,True
TD3 Delayed Actor Update,2026,test_0008,short,SAC,3.7719599224498217,377.19599224498216,0.022361834999969687,2,44.71904921941135,32.45379686355591,2.412133827512798,29.568618774414062,34.98537826538086,,,0.2500000037252903,0.019353900717917413,0.2167787402868271,0.2648251950740814,7.000000104308128,6.000000104308128,False,True
TD3 Delayed Actor Update,2026,test_0008,short,MADDPG,3.662868201590526,366.28682015905264,0.023575236999931803,8,42.41738905966853,33.061999797821045,2.09210898560436,30.54153823852539,35.827781677246094,,,0.2499999925494194,0.03158250390351387,0.19972547888755798,0.28170904517173767,6.999999791383743,5.999999791383743,False,True
TD3 Delayed Actor Update,2026,test_0008,short,AB-QMIX,3.7588528277686306,375.88528277686305,0.012037162000069657,8,83.07606061912378,31.944612503051758,0.0,31.944612503051758,31.944612503051758,,,0.14798040688037872,0.0,0.14798040688037872,0.14798040688037872,4.143451392650604,3.1434513926506042,False,True
TD3 Delayed Actor Update,2026,test_0008,short,ABPO,18.38240749924401,1838.2407499244011,0.06900086600001032,140,14.492571730909152,5.982142857142857,2.405748854519193,5.0,11.875,,,0.25,0.0,0.25,0.25,7.0,6.0,False,True
TD3 Delayed Actor Update,2026,test_0009,medium,PSO / Metaheuristic,11.226493832747687,1122.6493832747688,0.042348807999928795,12,23.613415518134097,22.899211406707764,21.05546462791822,8.163626670837402,59.118064880371094,,,0.2500000009313226,0.32826585255712026,0.05341256782412529,0.8184293508529663,9.000000033527613,8.000000033527613,False,True
TD3 Delayed Actor Update,2026,test_0009,medium,DDPG,7.467868034538583,746.7868034538583,0.021593594000023586,2,46.3100306507063,32.52103137969971,0.9812591503554736,31.26315689086914,33.98995590209961,,,0.2499999962747097,0.03412833004227151,0.22662924230098724,0.30892321467399597,8.99999986588955,7.999999865889549,False,True
TD3 Delayed Actor Update,2026,test_0009,medium,PPO,8.321834815279834,832.1834815279834,0.01932610799997292,2,51.74347571696284,30.673827171325684,1.46699487429347,29.6867618560791,33.206504821777344,,,0.2499999962747097,0.030659528912138707,0.19856412708759308,0.27847954630851746,8.99999986588955,7.999999865889549,False,True
TD3 Delayed Actor Update,2026,test_0009,medium,SAC,7.462112043628571,746.2112043628571,0.027320421000013084,2,36.60265703810059,32.581233978271484,0.925291003422361,31.410865783691406,33.98888397216797,,,0.2500000074505806,0.020422848249302093,0.22922857105731964,0.28295236825942993,9.000000268220901,8.000000268220901,False,True
TD3 Delayed Actor Update,2026,test_0009,medium,MADDPG,7.796775894126218,779.6775894126217,0.026193760000069233,8,38.17703147609801,31.840946674346924,1.1485554403176528,30.023286819458008,33.18083190917969,,,0.2500000037252903,0.009121763663057496,0.23844273388385773,0.25928744673728943,9.00000013411045,8.00000013411045,False,True
TD3 Delayed Actor Update,2026,test_0009,medium,AB-QMIX,7.5908920829129345,759.0892082912935,0.014235580999979902,8,70.24651821386227,31.944612503051758,0.0,31.944612503051758,31.944612503051758,,,0.14798040688037872,0.0,0.14798040688037872,0.14798040688037872,5.327294647693634,4.327294647693634,False,True
TD3 Delayed Actor Update,2026,test_0009,medium,ABPO,18.291384596779523,1829.1384596779524,0.09072003599999334,180,11.022923315419247,14.166666666666666,4.583333333333333,5.0,18.75,,,0.25,0.06666666269302368,0.15000000596046448,0.3499999940395355,9.0,8.0,False,True
TD3 Delayed Actor Update,2027,test_0000,short,PSO / Metaheuristic,13.142926804909779,1314.292680490978,0.04132065999999668,12,24.200968716377723,20.385088682174683,7.742629761087681,15.603784561157227,33.7867317199707,,,0.2500000074505806,0.2527093501033486,0.07861872017383575,0.6859134435653687,8.000000238418579,7.000000238418579,False,True
TD3 Delayed Actor Update,2027,test_0000,short,DDPG,6.920060317348626,692.0060317348625,0.02378337000004649,2,42.04618605345018,32.09997320175171,3.0702936985164535,29.084142684936523,36.313133239746094,,,0.2500000074505806,0.06507550181002747,0.16726383566856384,0.3301938474178314,8.000000238418579,7.000000238418579,False,True
TD3 Delayed Actor Update,2027,test_0000,short,PPO,6.648169002506478,664.8169002506478,0.01842970100005914,2,54.260240033020125,32.94396638870239,3.7949489989306726,28.232908248901367,38.23390197753906,,,0.2500000074505806,0.02423161312590163,0.21008577942848206,0.274906724691391,8.000000238418579,7.000000238418579,False,True
TD3 Delayed Actor Update,2027,test_0000,short,SAC,6.653082492399985,665.3082492399984,0.03593508500000553,2,27.827956995227538,32.662436962127686,0.9224780177469116,31.545869827270508,34.03849792480469,,,0.2500000037252903,0.025576554343695355,0.22043493390083313,0.29068008065223694,8.00000011920929,7.0000001192092896,False,True
TD3 Delayed Actor Update,2027,test_0000,short,MADDPG,6.596756303294638,659.6756303294638,0.03378054399991015,8,29.602838841276796,32.79082489013672,0.5445317137989791,32.17613983154297,33.58203887939453,,,0.2500000111758709,0.007113563302725522,0.23809583485126495,0.25692203640937805,8.000000357627869,7.000000357627869,False,True
TD3 Delayed Actor Update,2027,test_0000,short,AB-QMIX,6.8177921978062574,681.7792197806257,0.013407731000029344,8,74.58383525130475,31.944612503051758,0.0,31.944612503051758,31.944612503051758,,,0.14798040688037872,0.0,0.14798040688037872,0.14798040688037872,4.735373020172119,3.735373020172119,False,True
TD3 Delayed Actor Update,2027,test_0000,short,ABPO,18.409005277170195,1840.9005277170195,0.0793832439999278,160,12.597116842452413,11.875,4.861359120657514,5.0,18.75,,,0.25,0.0,0.25,0.25,8.0,7.0,False,True
TD3 Delayed Actor Update,2027,test_0001,medium,PSO / Metaheuristic,17.25919786990173,1725.919786990173,0.033085029000062605,12,30.22515107960485,18.121963024139404,1.8375693597509817,15.549571990966797,20.637367248535156,,,0.24999999441206455,0.11591102664654833,0.0695926770567894,0.3887113928794861,6.9999998435378075,5.9999998435378075,False,True
TD3 Delayed Actor Update,2027,test_0001,medium,DDPG,12.00330100898103,1200.330100898103,0.020931495000013456,2,47.774896155260635,30.49055767059326,3.240826217987329,25.89896011352539,35.064971923828125,,,0.2499999962747097,0.07471873820824881,0.19096723198890686,0.37736040353775024,6.999999895691872,5.999999895691872,False,True
TD3 Delayed Actor Update,2027,test_0001,medium,PPO,10.996924716228682,1099.692471622868,0.017871608000064043,2,55.95467402801228,32.53012228012085,2.5938645207281508,29.487009048461914,36.53475570678711,,,0.2500000037252903,0.015195967988659471,0.22389103472232819,0.2612675130367279,7.000000104308128,6.000000104308128,False,True
TD3 Delayed Actor Update,2027,test_0001,medium,SAC,11.464967304156222,1146.4967304156223,0.022600649999958478,2,44.24651503394094,31.951793670654297,1.3255201652218211,30.19907569885254,33.83599090576172,,,0.2500000037252903,0.009020928956235021,0.240634024143219,0.2638991177082062,7.000000104308128,6.000000104308128,False,True
TD3 Delayed Actor Update,2027,test_0001,medium,MADDPG,12.11050523106229,1211.0505231062289,0.02417002799995771,8,41.37355571130284,30.83658742904663,0.6915501561745762,29.672658920288086,31.382827758789062,,,0.2499999925494194,0.004557188109704002,0.2446611374616623,0.25716158747673035,6.999999791383743,5.999999791383743,False,True
TD3 Delayed Actor Update,2027,test_0001,medium,AB-QMIX,11.216332824981354,1121.6332824981353,0.012585604000037165,8,79.45586083886376,31.944612503051758,0.0,31.944612503051758,31.944612503051758,,,0.14798040688037872,0.0,0.14798040688037872,0.14798040688037872,4.143451392650604,3.1434513926506042,False,True
TD3 Delayed Actor Update,2027,test_0001,medium,ABPO,17.865971193330836,1786.5971193330836,0.06919753900001524,140,14.451380994919194,16.785714285714285,4.8114977090383855,5.0,18.75,,,0.25,0.0,0.25,0.25,7.0,6.0,False,True
TD3 Delayed Actor Update,2027,test_0002,long,PSO / Metaheuristic,11.938601173227891,1193.8601173227892,0.06962505599994984,12,14.36264553957013,23.433441996574402,12.561332612634237,7.143834590911865,42.22732162475586,,,0.2499999962747097,0.1536267771752689,0.07221701741218567,0.48199737071990967,14.999999776482582,13.999999776482582,False,True
TD3 Delayed Actor Update,2027,test_0002,long,DDPG,7.0163401719078005,701.63401719078,0.026763044999938757,2,37.364956043017095,33.135427951812744,2.438298781586944,31.224756240844727,37.21813201904297,,,0.25,0.011183437844883688,0.23597319424152374,0.2611287534236908,15.0,14.0,False,True
TD3 Delayed Actor Update,2027,test_0002,long,PPO,6.811931470930746,681.1931470930747,0.026081371999907788,2,38.341541235006176,33.89361763000488,0.5706238490938071,33.001033782958984,34.42416763305664,,,0.2500000037252903,0.02668244545689929,0.22114089131355286,0.2908424139022827,15.000000223517418,14.000000223517418,False,True
TD3 Delayed Actor Update,2027,test_0002,long,SAC,6.993149776866618,699.3149776866618,0.030794557999911376,2,32.4732701148975,33.22477865219116,2.0867339018050135,30.128602981567383,35.941741943359375,,,0.2499999962747097,0.006852910343498385,0.2389024794101715,0.255948543548584,14.999999776482582,13.999999776482582,False,True
TD3 Delayed Actor Update,2027,test_0002,long,MADDPG,6.716504855080297,671.6504855080296,0.031875575000071876,8,31.37198309356757,34.02691173553467,1.4188174499954116,32.945526123046875,36.45120620727539,,,0.2500000037252903,0.013619535915197748,0.230144664645195,0.2684406340122223,15.000000223517418,14.000000223517418,False,True
TD3 Delayed Actor Update,2027,test_0002,long,AB-QMIX,7.464851085447228,746.4851085447228,0.020125129999996716,8,49.68912002059928,31.944612503051758,0.0,31.944612503051758,31.944612503051758,,,0.14798040688037872,0.0,0.14798040688037872,0.14798040688037872,8.878824412822723,7.878824412822723,False,True
TD3 Delayed Actor Update,2027,test_0002,long,ABPO,18.653129507324532,1865.3129507324534,0.14470006900000953,300,6.910846739125841,10.958333333333334,3.429852604542779,5.0,18.75,,,0.25,0.06055300347270935,0.15000000596046448,0.3499999940395355,15.0,14.0,False,True
TD3 Delayed Actor Update,2027,test_0003,very_long,PSO / Metaheuristic,15.390789835759488,1539.0789835759488,0.06029147499998544,12,16.586092809974236,10.922828555107117,4.582251449017183,6.465893268585205,18.244951248168945,,,0.2500000037252903,0.1073376911614248,0.11078085005283356,0.4092760384082794,13.000000193715096,12.000000193715096,False,True
TD3 Delayed Actor Update,2027,test_0003,very_long,DDPG,4.622456287709432,462.2456287709432,0.02549416499994095,2,39.22466180015373,32.002678871154785,1.1743941676818148,30.606266021728516,33.2462158203125,,,0.2500000037252903,0.027974404962080476,0.22206047177314758,0.2903214693069458,13.000000193715096,12.000000193715096,False,True
TD3 Delayed Actor Update,2027,test_0003,very_long,PPO,4.394287742242043,439.4287742242043,0.02373506499998257,2,42.131757380935525,33.152750968933105,3.5354427372162873,27.489994049072266,37.09352111816406,,,0.2500000037252903,0.052081695437101,0.1734844446182251,0.31974998116493225,13.000000193715096,12.000000193715096,False,True
TD3 Delayed Actor Update,2027,test_0003,very_long,SAC,4.434676550058413,443.46765500584127,0.03022610200002873,2,33.083988137109095,32.91492986679077,0.9231936945920499,31.990816116333008,34.24588394165039,,,0.2500000037252903,0.015237116443761774,0.23059622943401337,0.27317526936531067,13.000000193715096,12.000000193715096,False,True
TD3 Delayed Actor Update,2027,test_0003,very_long,MADDPG,4.630166910948874,463.0166910948874,0.029353302000004078,8,34.067717492221526,31.93068504333496,0.47916906436792966,31.146869659423828,32.449188232421875,,,0.2500000037252903,0.012928445699161305,0.2362317144870758,0.27029451727867126,13.000000193715096,12.000000193715096,False,True
TD3 Delayed Actor Update,2027,test_0003,very_long,AB-QMIX,4.549472075897507,454.94720758975063,0.017987317999995867,8,55.59472512801685,31.944612503051758,0.0,31.944612503051758,31.944612503051758,,,0.14798040688037872,0.0,0.14798040688037872,0.14798040688037872,7.694981157779694,6.694981157779694,False,True
TD3 Delayed Actor Update,2027,test_0003,very_long,ABPO,18.027370694406105,1802.7370694406106,0.1427657880000197,260,7.004479252409281,8.701923076923077,5.127353695344193,5.0,18.75,,,0.25,0.02773500815812605,0.15000000596046448,0.3499999940395355,13.0,12.0,False,True
TD3 Delayed Actor Update,2027,test_0004,short,PSO / Metaheuristic,13.630993363809011,1363.0993363809011,0.024458908000042356,12,40.88489968555703,23.536657333374023,5.924083998231791,13.702445983886719,28.562788009643555,,,0.2500000046566129,0.32817809171174267,0.05053367465734482,0.8182671070098877,5.0000000931322575,4.0000000931322575,False,True
TD3 Delayed Actor Update,2027,test_0004,short,DDPG,11.297937960337828,1129.7937960337827,0.018509356999970805,2,54.026728211119234,31.82224988937378,1.0101780576034736,30.367435455322266,33.17654800415039,,,0.25,0.03700488083462109,0.2207043170928955,0.31243911385536194,5.0,4.0,False,True
TD3 Delayed Actor Update,2027,test_0004,short,PPO,11.61513660299813,1161.513660299813,0.015568077000011726,2,64.2340091200247,31.871865272521973,3.1975523230059655,29.296052932739258,37.12841796875,,,0.25,0.056922778228662166,0.18543756008148193,0.3229004442691803,5.0,4.0,False,True
TD3 Delayed Actor Update,2027,test_0004,short,SAC,10.745969748549655,1074.5969748549655,0.020275615000059588,2,49.320328877672075,33.08162498474121,0.3656173790709297,32.66130828857422,33.446372985839844,,,0.2500000074505806,0.01675615328655103,0.22828778624534607,0.2727806866168976,5.000000149011612,4.000000149011612,False,True
TD3 Delayed Actor Update,2027,test_0004,short,MADDPG,10.837292336693034,1083.7292336693033,0.021106669999994665,8,47.378387969312676,33.10500144958496,0.5247067952567932,32.23625946044922,33.6312255859375,,,0.2499999962747097,0.008369533179365339,0.23703286051750183,0.2598675489425659,4.999999925494194,3.999999925494194,False,True
TD3 Delayed Actor Update,2027,test_0004,short,AB-QMIX,10.979588683948975,1097.9588683948975,0.010101683000016237,8,98.99340535615626,31.944612503051758,0.0,31.944612503051758,31.944612503051758,,,0.14798040688037872,0.0,0.14798040688037872,0.14798040688037872,2.9596081376075745,1.9596081376075745,False,True
TD3 Delayed Actor Update,2027,test_0004,short,ABPO,15.225657534696825,1522.5657534696825,0.05090797900004418,100,19.6432861732565,17.375,2.75,11.875,18.75,,,0.25,0.0707106739039699,0.15000000596046448,0.3499999940395355,5.0,4.0,False,True
TD3 Delayed Actor Update,2027,test_0005,medium,PSO / Metaheuristic,4.04319108428633,404.31910842863306,0.033165726999982326,12,30.151608013915478,33.27222990989685,19.746027042714314,6.205183982849121,56.633785247802734,,,0.25000000186264515,0.13323119322320745,0.10715845972299576,0.46839675307273865,7.000000052154064,6.000000052154064,False,True
TD3 Delayed Actor Update,2027,test_0005,medium,DDPG,3.212815381481739,321.2815381481739,0.020039212000028783,2,49.90216182146103,32.055269718170166,1.3347604907645747,30.763429641723633,34.04202651977539,,,0.2500000037252903,0.021797751615399104,0.23315127193927765,0.2874644696712494,7.000000104308128,6.000000104308128,False,True
TD3 Delayed Actor Update,2027,test_0005,medium,PPO,3.5149876046743858,351.49876046743856,0.01742793799996889,2,57.37913458274783,29.970255851745605,4.055033022991663,26.481342315673828,36.760189056396484,,,0.2500000037252903,0.007604884728466796,0.2426813244819641,0.26271170377731323,7.000000104308128,6.000000104308128,False,True
TD3 Delayed Actor Update,2027,test_0005,medium,SAC,3.1184835303918987,311.8483530391899,0.024029787000017677,2,41.61501722837844,32.93483257293701,0.931800930542075,32.010013580322266,34.10706329345703,,,0.2499999962747097,0.011314826197520375,0.23658332228660583,0.2652249038219452,6.999999895691872,5.999999895691872,False,True
TD3 Delayed Actor Update,2027,test_0005,medium,MADDPG,3.129627067038465,312.9627067038465,0.023714330999951017,8,42.168594172109074,32.80242967605591,1.207983617327174,31.664243698120117,34.82801818847656,,,0.2499999962747097,0.015803442108899293,0.23256191611289978,0.2686726748943329,6.999999895691872,5.999999895691872,False,True
TD3 Delayed Actor Update,2027,test_0005,medium,AB-QMIX,3.1669662249443697,316.69662249443695,0.012081158999990294,8,82.77351535567105,31.944612503051758,0.0,31.944612503051758,31.944612503051758,,,0.14798040688037872,0.0,0.14798040688037872,0.14798040688037872,4.143451392650604,3.1434513926506042,False,True
TD3 Delayed Actor Update,2027,test_0005,medium,ABPO,12.768411021096568,1276.8411021096567,0.06907245699994746,140,14.477550726199889,10.892857142857142,6.804485315449161,5.0,18.75,,,0.25,0.046291002229468664,0.15000000596046448,0.3499999940395355,7.0,6.0,False,True
TD3 Delayed Actor Update,2027,test_0006,long,PSO / Metaheuristic,7.610646994866694,761.0646994866694,0.05995494000001145,12,16.679192740411533,21.459619283676147,10.396252131436944,10.769158363342285,38.58332061767578,,,0.2499999925494194,0.12185383115150313,0.12308770418167114,0.4279820919036865,12.999999612569809,11.999999612569809,False,True
TD3 Delayed Actor Update,2027,test_0006,long,DDPG,3.5247466951865714,352.47466951865715,0.02568374399993445,2,38.935133444818334,31.915485382080078,2.3956673500994414,29.384258270263672,35.623409271240234,,,0.2500000037252903,0.02832810634716903,0.2033633440732956,0.27355489134788513,13.000000193715096,12.000000193715096,False,True
TD3 Delayed Actor Update,2027,test_0006,long,PPO,3.5563536275711027,355.6353627571103,0.032516033999968386,2,30.754058136394256,31.702322959899902,1.8438081501648327,29.75275421142578,34.08208084106445,,,0.25,0.02437759728296119,0.2115393579006195,0.2791156470775604,13.0,12.0,False,True
TD3 Delayed Actor Update,2027,test_0006,long,SAC,3.4105786488491106,341.05786488491106,0.04528732400001445,2,22.081234033604655,32.65807628631592,2.1043195468073814,29.408905029296875,35.209007263183594,,,0.2499999962747097,0.04272051604427951,0.22082695364952087,0.3237796723842621,12.999999806284904,11.999999806284904,False,True
TD3 Delayed Actor Update,2027,test_0006,long,MADDPG,3.4415818815403534,344.1581881540353,0.03376686299998255,8,29.614832742991755,32.36742115020752,1.81986634635818,29.8304500579834,34.181419372558594,,,0.2500000037252903,0.011287945156175613,0.23325011134147644,0.2645755410194397,13.000000193715096,12.000000193715096,False,True
TD3 Delayed Actor Update,2027,test_0006,long,AB-QMIX,3.440832401284408,344.0832401284408,0.020571285999949396,8,48.6114480155718,31.944612503051758,0.0,31.944612503051758,31.944612503051758,,,0.14798040688037872,0.0,0.14798040688037872,0.14798040688037872,7.694981157779694,6.694981157779694,False,True
TD3 Delayed Actor Update,2027,test_0006,long,ABPO,17.372413531374637,1737.2413531374636,0.15278830900001594,260,6.545003387660345,8.173076923076923,4.360977104018679,5.0,18.75,,,0.25,0.019611612344875146,0.15000000596046448,0.3499999940395355,13.0,12.0,False,True
TD3 Delayed Actor Update,2027,test_0007,very_long,PSO / Metaheuristic,12.027580748426312,1202.758074842631,0.07146426500003145,12,13.993007554188935,17.39667057991028,6.381861236683062,8.750160217285156,24.471975326538086,,,0.25000000186264515,0.10261726975712915,0.07629335671663284,0.33654704689979553,11.000000081956387,10.000000081956387,False,True
TD3 Delayed Actor Update,2027,test_0007,very_long,DDPG,7.486119212545019,748.6119212545019,0.023515829000075428,2,42.524548039399015,32.03382349014282,0.6946102480307176,31.325902938842773,32.83659362792969,,,0.25,0.010941192456713643,0.234063059091568,0.26496049761772156,11.0,10.0,False,True
TD3 Delayed Actor Update,2027,test_0007,very_long,PPO,7.861096174760453,786.1096174760453,0.021041830999934064,2,47.524381314683765,31.472569465637207,1.9998651453528347,29.46828269958496,33.98112487792969,,,0.2500000074505806,0.018354443444640482,0.22866672277450562,0.27612537145614624,11.000000327825546,10.000000327825546,False,True
TD3 Delayed Actor Update,2027,test_0007,very_long,SAC,7.488777148890616,748.8777148890616,0.026567931000045064,2,37.63936303501781,32.13474130630493,0.32804025750490506,31.582910537719727,32.440467834472656,,,0.25,0.018888404786301955,0.23744484782218933,0.28265681862831116,11.0,10.0,False,True
TD3 Delayed Actor Update,2027,test_0007,very_long,MADDPG,7.60876394209478,760.876394209478,0.02822869199997058,8,35.42494990561526,31.697015285491943,0.9895810643426378,30.4373722076416,33.18499755859375,,,0.2500000074505806,0.012365089356614995,0.2372821867465973,0.26590481400489807,11.000000327825546,10.000000327825546,False,True
TD3 Delayed Actor Update,2027,test_0007,very_long,AB-QMIX,7.400632402619169,740.0632402619169,0.01741761299990685,8,57.41314840359284,31.944612503051758,0.0,31.944612503051758,31.944612503051758,,,0.14798040688037872,0.0,0.14798040688037872,0.14798040688037872,6.511137902736664,5.511137902736664,False,True
TD3 Delayed Actor Update,2027,test_0007,very_long,ABPO,15.670947798762587,1567.0947798762586,0.10753321999993659,220,9.299451834517646,13.75,5.929270612815711,5.0,18.75,,,0.25,0.052223293673958296,0.15000000596046448,0.3499999940395355,11.0,10.0,False,True
TD3 Delayed Actor Update,2027,test_0008,short,PSO / Metaheuristic,6.8304280295388695,683.042802953887,0.04258076600001459,12,23.48478183787622,17.23810636997223,8.398867449115622,6.993316173553467,30.102510452270508,,,0.2499999962747097,0.2676335357079231,0.08156146854162216,0.7132409811019897,8.99999986588955,7.999999865889549,False,True
TD3 Delayed Actor Update,2027,test_0008,short,DDPG,3.27230570252232,327.23057025223204,0.022206222999898273,2,45.03242176774416,32.24055194854736,2.438533645508952,30.1732177734375,36.25244903564453,,,0.25,0.037642186536135505,0.19181254506111145,0.2958236336708069,9.0,8.0,False,True
TD3 Delayed Actor Update,2027,test_0008,short,PPO,3.2843277735773686,328.4327773577369,0.019878499000014926,2,50.3056090904675,32.166186809539795,1.6641670697419446,30.22652244567871,34.51361083984375,,,0.2499999962747097,0.021909567711324174,0.2286292165517807,0.2796977460384369,8.99999986588955,7.999999865889549,False,True
TD3 Delayed Actor Update,2027,test_0008,short,SAC,3.127098457097361,312.7098457097361,0.024984831000097074,2,40.02428513509316,33.58610916137695,1.2646161543435825,32.72703552246094,35.77074432373047,,,0.25,0.013821101829998851,0.22992418706417084,0.26812803745269775,9.0,8.0,False,True
TD3 Delayed Actor Update,2027,test_0008,short,MADDPG,3.2001218870046575,320.01218870046574,0.02599450800005343,8,38.469664438270755,32.75622749328613,1.5426062453696177,31.51470947265625,35.325950622558594,,,0.2499999962747097,0.011890628398503222,0.2359321415424347,0.2658287286758423,8.99999986588955,7.999999865889549,False,True
TD3 Delayed Actor Update,2027,test_0008,short,AB-QMIX,3.239242684369639,323.9242684369639,0.014516897000021345,8,68.8852445531941,31.944612503051758,0.0,31.944612503051758,31.944612503051758,,,0.14798040688037872,0.0,0.14798040688037872,0.14798040688037872,5.327294647693634,4.327294647693634,False,True
TD3 Delayed Actor Update,2027,test_0008,short,ABPO,11.255900973862921,1125.5900973862922,0.08885485299992979,180,11.254309317250124,12.63888888888889,6.832429931249358,5.0,18.75,,,0.25,0.05270462452803238,0.15000000596046448,0.3499999940395355,9.0,8.0,False,True
TD3 Delayed Actor Update,2027,test_0009,medium,PSO / Metaheuristic,8.134502710523622,813.4502710523622,0.034212009999919246,12,29.229501569839375,25.879889965057373,15.648192515480401,10.532797813415527,48.552181243896484,,,0.2499999962747097,0.16824052323473204,0.1211857944726944,0.5391438007354736,6.999999895691872,5.999999895691872,False,True
TD3 Delayed Actor Update,2027,test_0009,medium,DDPG,5.432001524717684,543.2001524717684,0.020459573999914937,2,48.87687299863416,31.106470108032227,2.141160199360817,29.255754470825195,34.73295974731445,,,0.25,0.04776779130846535,0.21204377710819244,0.3318919539451599,7.0,6.0,False,True
TD3 Delayed Actor Update,2027,test_0009,medium,PPO,4.86855214518422,486.8552145184221,0.01868600399996012,2,53.51598982865112,33.58835697174072,3.51508742320771,28.20547866821289,36.752967834472656,,,0.2499999962747097,0.047881936257089246,0.20965109765529633,0.3315848708152771,6.999999895691872,5.999999895691872,False,True
TD3 Delayed Actor Update,2027,test_0009,medium,SAC,5.15551032740345,515.551032740345,0.022501361999957226,2,44.44175423700578,32.33303451538086,2.397328900624629,29.339046478271484,35.886932373046875,,,0.2499999962747097,0.012623588160139127,0.23589074611663818,0.2652987837791443,6.999999895691872,5.999999895691872,False,True
TD3 Delayed Actor Update,2027,test_0009,medium,MADDPG,5.107618251276388,510.76182512763876,0.023813646999997218,8,41.992727951334665,32.357298851013184,0.689144453404198,31.657625198364258,33.377357482910156,,,0.2500000037252903,0.027741094093074712,0.21066078543663025,0.28726041316986084,7.000000104308128,6.000000104308128,False,True
TD3 Delayed Actor Update,2027,test_0009,medium,AB-QMIX,5.145952677610311,514.5952677610311,0.012294031999999788,8,81.34027957630313,31.944612503051758,0.0,31.944612503051758,31.944612503051758,,,0.14798040688037872,0.0,0.14798040688037872,0.14798040688037872,4.143451392650604,3.1434513926506042,False,True
TD3 Delayed Actor Update,2027,test_0009,medium,ABPO,16.26848372882877,1626.848372882877,0.07056343499994,140,14.17164569724887,12.857142857142858,4.392276384374586,5.0,18.75,,,0.25,0.046291002229468664,0.15000000596046448,0.3499999940395355,7.0,6.0,False,True
TD3 Delayed Actor Update,2028,test_0000,short,PSO / Metaheuristic,15.671347733399372,1567.1347733399373,0.029662690000009206,12,33.712384143167384,13.100042819976807,5.628535606533376,5.392341613769531,21.250539779663086,,,0.24999999441206455,0.15390464225959552,0.08360365778207779,0.45522934198379517,5.999999865889549,4.999999865889549,False,True
TD3 Delayed Actor Update,2028,test_0000,short,DDPG,6.764945652615623,676.4945652615622,0.019478783999943516,2,51.337906924934316,32.629305362701416,1.5986271871284445,30.11671257019043,34.138587951660156,,,0.2500000037252903,0.007753009970953079,0.23939219117164612,0.26108023524284363,6.000000089406967,5.000000089406967,False,True
TD3 Delayed Actor Update,2028,test_0000,short,PPO,6.743637875437614,674.3637875437614,0.015911676000087027,2,62.84693076923704,32.79544019699097,2.960108519940873,29.700260162353516,36.39801025390625,,,0.2499999962747097,0.01459278222598217,0.22518153488636017,0.26071929931640625,5.999999910593033,4.999999910593033,False,True
TD3 Delayed Actor Update,2028,test_0000,short,SAC,6.400168002192704,640.0168002192703,0.02043848400001025,2,48.92730791576805,33.58841323852539,1.1421342824515603,32.14849853515625,34.961856842041016,,,0.2499999962747097,0.012051153642733398,0.22996200621128082,0.2621091902256012,5.999999910593033,4.999999910593033,False,True
TD3 Delayed Actor Update,2028,test_0000,short,MADDPG,6.660154861322906,666.0154861322906,0.02160741800003052,8,46.28040240618233,32.85740089416504,0.9242771696974778,31.318931579589844,33.58934020996094,,,0.2500000223517418,0.0045231242367158595,0.24386997520923615,0.25528204441070557,6.000000536441803,5.000000536441803,False,True
TD3 Delayed Actor Update,2028,test_0000,short,AB-QMIX,6.879674365110564,687.9674365110563,0.010948814000016682,8,91.33409335462967,31.944612503051758,0.0,31.944612503051758,31.944612503051758,,,0.14798040688037872,0.0,0.14798040688037872,0.14798040688037872,3.5515297651290894,2.5515297651290894,False,True
TD3 Delayed Actor Update,2028,test_0000,short,ABPO,16.955940859661045,1695.5940859661046,0.060122965000005024,120,16.632579580862593,14.166666666666666,5.1243224484370185,5.0,18.75,,,0.25,0.0288675117388434,0.15000000596046448,0.3499999940395355,6.0,5.0,False,True
TD3 Delayed Actor Update,2028,test_0001,medium,PSO / Metaheuristic,14.85607860229844,1485.6078602298442,0.05159163300004366,12,19.382987935255972,28.017251014709473,5.7294483203748205,18.995559692382812,34.2673225402832,,,0.24999999813735485,0.12355793158752311,0.12327411025762558,0.39552268385887146,6.999999947845936,5.999999947845936,False,True
TD3 Delayed Actor Update,2028,test_0001,medium,DDPG,13.364076190751026,1336.4076190751025,0.01986381300002904,2,50.34280175707141,31.740275859832764,1.1193277147183391,30.167552947998047,33.24970626831055,,,0.25,0.030798259932132394,0.2258700728416443,0.3028954267501831,7.0,6.0,False,True
TD3 Delayed Actor Update,2028,test_0001,medium,PPO,12.972284230369178,1297.228423036918,0.01664529099991796,2,60.077051221569434,32.45580863952637,2.159255113623851,29.322494506835938,35.38947677612305,,,0.25,0.025122189636474345,0.22081997990608215,0.28982019424438477,7.0,6.0,False,True
TD3 Delayed Actor Update,2028,test_0001,medium,SAC,13.267394613483786,1326.7394613483787,0.02222006900001361,2,45.00436069750222,31.872005939483643,1.3907334019046789,30.23975372314453,34.034584045410156,,,0.25,0.015703563986863688,0.2295733243227005,0.27336427569389343,7.0,6.0,False,True
TD3 Delayed Actor Update,2028,test_0001,medium,MADDPG,13.399178652689276,1339.9178652689275,0.023418910999907894,8,42.70053376965022,31.789156436920166,1.4275485014213396,29.335412979125977,32.842445373535156,,,0.2500000149011612,0.010977116439667478,0.23697198927402496,0.26558569073677063,7.000000417232513,6.000000417232513,False,True
TD3 Delayed Actor Update,2028,test_0001,medium,AB-QMIX,13.050889660561852,1305.0889660561852,0.012167034000071908,8,82.18929938011925,31.944612503051758,0.0,31.944612503051758,31.944612503051758,,,0.14798040688037872,0.0,0.14798040688037872,0.14798040688037872,4.143451392650604,3.1434513926506042,False,True
TD3 Delayed Actor Update,2028,test_0001,medium,ABPO,19.16756775466421,1916.7567754664208,0.06950658499999918,140,14.387126054315743,16.785714285714285,4.8114977090383855,5.0,18.75,,,0.25,0.0,0.25,0.25,7.0,6.0,False,True
TD3 Delayed Actor Update,2028,test_0002,long,PSO / Metaheuristic,9.075510498159561,907.5510498159562,0.05060493400003452,12,19.760918964923814,26.85185694694519,15.200217691610229,10.201870918273926,49.66241455078125,,,0.25000000186264515,0.11336610583042574,0.1061304584145546,0.4088345170021057,11.000000081956387,10.000000081956387,False,True
TD3 Delayed Actor Update,2028,test_0002,long,DDPG,6.082690894143005,608.2690894143005,0.02345576000004712,2,42.633451228951486,31.850104331970215,0.5877872065873959,30.83985137939453,32.30413055419922,,,0.2499999925494194,0.03362797730506698,0.2112550288438797,0.29183268547058105,10.999999672174454,9.999999672174454,False,True
TD3 Delayed Actor Update,2028,test_0002,long,PPO,6.511651353270577,651.1651353270577,0.020988386999988506,2,47.645395522797806,30.824138164520264,2.086114685013232,28.729928970336914,34.1784553527832,,,0.2500000037252903,0.05039041175231431,0.1976601630449295,0.3306882381439209,11.000000163912773,10.000000163912773,False,True
TD3 Delayed Actor Update,2028,test_0002,long,SAC,5.899607869861393,589.9607869861393,0.02689854799996283,2,37.176727903728555,32.584511280059814,1.408083105169998,30.77838706970215,34.66694259643555,,,0.2500000074505806,0.016024982932126987,0.225584477186203,0.26695966720581055,11.000000327825546,10.000000327825546,False,True
TD3 Delayed Actor Update,2028,test_0002,long,MADDPG,5.799893351888288,579.9893351888288,0.0271536059999562,8,36.82752117717305,32.750303745269775,1.349577073056175,30.864675521850586,34.191776275634766,,,0.2499999962747097,0.010520229266980553,0.23760570585727692,0.26531198620796204,10.999999836087227,9.999999836087227,False,True
TD3 Delayed Actor Update,2028,test_0002,long,AB-QMIX,6.01626569461938,601.6265694619381,0.01624138799991215,8,61.571092323230566,31.944612503051758,0.0,31.944612503051758,31.944612503051758,,,0.14798040688037872,0.0,0.14798040688037872,0.14798040688037872,6.511137902736664,5.511137902736664,False,True
TD3 Delayed Actor Update,2028,test_0002,long,ABPO,17.963302141975337,1796.3302141975337,0.13233645299999353,220,7.556496923792032,11.25,3.5355339059327378,5.0,18.75,,,0.25,0.0707106739039699,0.15000000596046448,0.3499999940395355,11.0,10.0,False,True
TD3 Delayed Actor Update,2028,test_0003,very_long,PSO / Metaheuristic,8.877806750718209,887.7806750718208,0.053720194999982596,12,18.614973381990218,21.378045916557312,15.372321806074313,5.953126430511475,46.97926712036133,,,0.25000000186264515,0.14788098881935408,0.09160614013671875,0.4283512830734253,11.000000081956387,10.000000081956387,False,True
TD3 Delayed Actor Update,2028,test_0003,very_long,DDPG,5.617826816090403,561.7826816090404,0.023911245000022063,2,41.82132716213971,31.630688190460205,1.7654745963720486,29.071699142456055,33.9837760925293,,,0.2499999962747097,0.0271188138626018,0.2057657390832901,0.27577903866767883,10.999999836087227,9.999999836087227,False,True
TD3 Delayed Actor Update,2028,test_0003,very_long,PPO,5.915980502805067,591.5980502805068,0.021465315000000373,2,46.58678430761359,31.003023147583008,3.8142976724011612,26.886953353881836,37.21211242675781,,,0.2499999925494194,0.012939252634248067,0.2294471710920334,0.2638981342315674,10.999999672174454,9.999999672174454,False,True
TD3 Delayed Actor Update,2028,test_0003,very_long,SAC,5.366257937483134,536.6257937483134,0.030015798000022187,2,33.315789238695594,32.554678440093994,0.8264629880518172,31.818334579467773,33.91622543334961,,,0.2499999962747097,0.027902002754346948,0.21910090744495392,0.2953002154827118,10.999999836087227,9.999999836087227,False,True
TD3 Delayed Actor Update,2028,test_0003,very_long,MADDPG,5.669811188993021,566.9811188993021,0.028122870000061084,8,35.55824850016474,31.495347023010254,1.4486555141236823,29.80196189880371,33.72005844116211,,,0.2500000074505806,0.010522259180842958,0.23780617117881775,0.26092469692230225,11.000000327825546,10.000000327825546,False,True
TD3 Delayed Actor Update,2028,test_0003,very_long,AB-QMIX,5.429134291931871,542.9134291931871,0.016033845000038127,8,62.368072037469624,31.944612503051758,0.0,31.944612503051758,31.944612503051758,,,0.14798040688037872,0.0,0.14798040688037872,0.14798040688037872,6.511137902736664,5.511137902736664,False,True
TD3 Delayed Actor Update,2028,test_0003,very_long,ABPO,16.535956840941484,1653.5956840941485,0.11380864300008398,220,8.786678881666854,11.25,6.187184335382291,5.0,18.75,,,0.25,0.030151132660628705,0.15000000596046448,0.3499999940395355,11.0,10.0,False,True
TD3 Delayed Actor Update,2028,test_0004,short,PSO / Metaheuristic,12.732621213456236,1273.2621213456234,0.0305934079999588,12,32.686780106398956,24.771589756011963,14.864126098991857,10.806764602661133,49.777587890625,,,0.25,0.1103542794974127,0.11469525098800659,0.3756551444530487,6.0,5.0,False,True
TD3 Delayed Actor Update,2028,test_0004,short,DDPG,10.708194166183779,1070.8194166183778,0.01923030499995093,2,52.00125531043588,31.70146608352661,0.6125882396480521,30.687702178955078,32.30091857910156,,,0.25,0.03322525604186006,0.21333183348178864,0.28363752365112305,6.0,5.0,False,True
TD3 Delayed Actor Update,2028,test_0004,short,PPO,10.425194640489702,1042.5194640489701,0.01619385100002546,2,61.75183407568883,31.185036659240723,3.9306889080006644,28.355449676513672,37.90519332885742,,,0.25,0.041675513643584336,0.20059515535831451,0.3141331374645233,6.0,5.0,False,True
TD3 Delayed Actor Update,2028,test_0004,short,SAC,10.977294898656682,1097.7294898656683,0.021575734999942142,2,46.34836310339748,30.891092777252197,0.33625136866489896,30.463382720947266,31.2774715423584,,,0.2499999925494194,0.02595134111027922,0.22450672090053558,0.29206329584121704,5.999999821186066,4.999999821186066,False,True
TD3 Delayed Actor Update,2028,test_0004,short,MADDPG,11.045420589415217,1104.5420589415216,0.022812193000049774,8,43.83620636550892,30.84957456588745,1.1734172963105491,29.774288177490234,32.8111572265625,,,0.25,0.005612056896928307,0.24223706126213074,0.25801217555999756,6.0,5.0,False,True
TD3 Delayed Actor Update,2028,test_0004,short,AB-QMIX,10.370693304263815,1037.0693304263814,0.011374992000014572,8,87.91214974030038,31.944612503051758,0.0,31.944612503051758,31.944612503051758,,,0.14798040688037872,0.0,0.14798040688037872,0.14798040688037872,3.5515297651290894,2.5515297651290894,False,True
TD3 Delayed Actor Update,2028,test_0004,short,ABPO,15.832225907726716,1583.2225907726718,0.08376971699999558,120,11.937488102055458,16.458333333333332,3.2409060804383425,11.875,18.75,,,0.25,0.06454971858932701,0.15000000596046448,0.3499999940395355,6.0,5.0,False,True
TD3 Delayed Actor Update,2028,test_0005,medium,PSO / Metaheuristic,7.187922868891714,718.7922868891714,0.03311728699998184,12,30.195710173980988,23.17418646812439,17.243856884191892,12.354615211486816,53.01505661010742,,,0.2499999925494194,0.25566472957649,0.059713393449783325,0.6879738569259644,6.999999791383743,5.999999791383743,False,True
TD3 Delayed Actor Update,2028,test_0005,medium,DDPG,3.3150592142621256,331.5059214262125,0.02014518299995416,2,49.63965827474863,30.335190773010254,3.600506284078015,26.875246047973633,36.235939025878906,,,0.25,0.035664600126204885,0.19228821992874146,0.28781577944755554,7.0,6.0,False,True
TD3 Delayed Actor Update,2028,test_0005,medium,PPO,3.354298037487157,335.4298037487157,0.01735857699998178,2,57.608408799929265,30.14384174346924,2.445076157378093,28.04688262939453,34.30976104736328,,,0.25,0.01832627305751637,0.2269444316625595,0.27204567193984985,7.0,6.0,False,True
TD3 Delayed Actor Update,2028,test_0005,medium,SAC,3.0227127208227933,302.2712720822793,0.022790219000057732,2,43.878472602543525,32.81786060333252,1.3359063577579033,30.760021209716797,34.3123664855957,,,0.25,0.003145476753649679,0.24557699263095856,0.2544289231300354,7.0,6.0,False,True
TD3 Delayed Actor Update,2028,test_0005,medium,MADDPG,2.9292373640387432,292.92373640387433,0.02412715500008744,8,41.44707488290169,33.818711280822754,1.4695840906577256,31.427349090576172,35.29637145996094,,,0.2499999925494194,0.007172531472019108,0.23770201206207275,0.2551279067993164,6.999999791383743,5.999999791383743,False,True
TD3 Delayed Actor Update,2028,test_0005,medium,AB-QMIX,3.072920642325914,307.2920642325914,0.012485693000030551,8,80.09166972130046,31.944612503051758,0.0,31.944612503051758,31.944612503051758,,,0.14798040688037872,0.0,0.14798040688037872,0.14798040688037872,4.143451392650604,3.1434513926506042,False,True
TD3 Delayed Actor Update,2028,test_0005,medium,ABPO,16.428458142248417,1642.8458142248417,0.06914068799994766,140,14.46326365743941,6.964285714285714,4.8114977090383855,5.0,18.75,,,0.25,0.026726122598241298,0.15000000596046448,0.3499999940395355,7.0,6.0,False,True
TD3 Delayed Actor Update,2028,test_0006,long,PSO / Metaheuristic,6.202191011138976,620.2191011138975,0.046342106999986754,12,21.578647686439588,24.68957543373108,17.350170322410825,6.640681266784668,42.18241882324219,,,0.25,0.051447295325138774,0.16589882969856262,0.3056126832962036,10.0,9.0,False,True
TD3 Delayed Actor Update,2028,test_0006,long,DDPG,3.2723876450215257,327.23876450215255,0.02373769300004369,2,42.12709297395325,32.988441944122314,1.0862470191921811,31.630891799926758,34.23808288574219,,,0.25,0.017844610692333365,0.22904492914676666,0.2773030698299408,10.0,9.0,False,True
TD3 Delayed Actor Update,2028,test_0006,long,PPO,3.452199219977525,345.21992199775246,0.020258177000073374,2,49.36278323544997,31.84297466278076,2.7727191877271347,28.316181182861328,36.09084701538086,,,0.25,0.01869999413287596,0.22822518646717072,0.2705586850643158,10.0,9.0,False,True
TD3 Delayed Actor Update,2028,test_0006,long,SAC,3.229872367415125,322.9872367415125,0.025123727999925904,2,39.80301012664001,33.37318277359009,1.0419779111238667,31.8972225189209,34.498863220214844,,,0.25,0.016337585802743575,0.22733677923679352,0.2717420160770416,10.0,9.0,False,True
TD3 Delayed Actor Update,2028,test_0006,long,MADDPG,3.273631374539471,327.36313745394705,0.026080742999965878,8,38.342465933631885,32.9786434173584,0.633130214022482,32.14209747314453,33.92599105834961,,,0.2499999925494194,0.014367110670259706,0.2330845147371292,0.266330748796463,9.999999701976776,8.999999701976776,False,True
TD3 Delayed Actor Update,2028,test_0006,long,AB-QMIX,3.353236030798196,335.3236030798196,0.015048637000063536,8,66.45120086262816,31.944612503051758,0.0,31.944612503051758,31.944612503051758,,,0.14798040688037872,0.0,0.14798040688037872,0.14798040688037872,5.919216275215149,4.919216275215149,False,True
TD3 Delayed Actor Update,2028,test_0006,long,ABPO,16.076703361793882,1607.6703361793882,0.09649773000001005,200,10.362938071184637,7.75,5.5,5.0,18.75,,,0.25,0.038729831153596204,0.15000000596046448,0.3499999940395355,10.0,9.0,False,True
TD3 Delayed Actor Update,2028,test_0007,very_long,PSO / Metaheuristic,8.472524407148104,847.2524407148104,0.10842223899999226,12,9.223200048470419,26.910762667655945,11.548175228429553,7.944858074188232,37.52198791503906,,,0.2500000037252903,0.1720258660897199,0.10510645061731339,0.5310482978820801,12.000000178813934,11.000000178813934,False,True
TD3 Delayed Actor Update,2028,test_0007,very_long,DDPG,6.761412697122733,676.1412697122732,0.054976926999984244,2,18.18944882096241,33.906808853149414,1.6470443906062373,31.419105529785156,36.046085357666016,,,0.25,0.028600231393850827,0.21085160970687866,0.28136804699897766,12.0,11.0,False,True
TD3 Delayed Actor Update,2028,test_0007,very_long,PPO,7.324642805945326,732.4642805945326,0.04757036499995593,2,21.0214910060271,31.84051513671875,1.1080568966779145,30.012928009033203,32.885189056396484,,,0.25,0.02098094485162564,0.2209857851266861,0.27291300892829895,12.0,11.0,False,True
TD3 Delayed Actor Update,2028,test_0007,very_long,SAC,7.117997911531652,711.7997911531652,0.11129708500004654,2,8.984961286268925,32.865665435791016,1.6566811173695113,30.294246673583984,34.567970275878906,,,0.25,0.024286421486214054,0.21830132603645325,0.2791311740875244,12.0,11.0,False,True
TD3 Delayed Actor Update,2028,test_0007,very_long,MADDPG,7.3553328114289664,735.5332811428966,0.05515806899995823,8,18.129713714248357,31.838486671447754,1.2214493699197981,30.456920623779297,33.78407669067383,,,0.25,0.0160988223626581,0.22465065121650696,0.2639256417751312,12.0,11.0,False,True
TD3 Delayed Actor Update,2028,test_0007,very_long,AB-QMIX,7.140596146098713,714.0596146098712,0.03248285099994064,8,30.78547508043021,31.944612503051758,0.0,31.944612503051758,31.944612503051758,,,0.14798040688037872,0.0,0.14798040688037872,0.14798040688037872,7.103059530258179,6.103059530258179,False,True
TD3 Delayed Actor Update,2028,test_0007,very_long,ABPO,17.06305678750568,1706.305678750568,0.21094501499999296,240,4.7405718499677905,10.729166666666666,6.170501341508285,5.0,18.75,,,0.25,0.06454971858932701,0.15000000596046448,0.3499999940395355,12.0,11.0,False,True
TD3 Delayed Actor Update,2028,test_0008,short,PSO / Metaheuristic,8.514841257760617,851.4841257760617,0.05499480600008155,12,18.183535368749496,18.15836238861084,4.87894260067717,10.686105728149414,24.294931411743164,,,0.25,0.092413126446986,0.15292777121067047,0.349750816822052,7.0,6.0,False,True
TD3 Delayed Actor Update,2028,test_0008,short,DDPG,3.3638534582337756,336.3853458233776,0.0757944630000793,2,13.193575894837512,31.81914710998535,1.059055464906439,30.648040771484375,32.91139221191406,,,0.2500000037252903,0.01329720995941322,0.22709114849567413,0.25964945554733276,7.000000104308128,6.000000104308128,False,True
TD3 Delayed Actor Update,2028,test_0008,short,PPO,3.4352389103005883,343.5238910300588,0.11946072499995353,2,8.370952043028275,31.993815898895264,3.9795053396966553,27.126375198364258,37.76354217529297,,,0.2499999962747097,0.03922145391334538,0.2066710889339447,0.31343358755111694,6.999999895691872,5.999999895691872,False,True
TD3 Delayed Actor Update,2028,test_0008,short,SAC,3.3561427647822737,335.6142764782274,0.04991874299992105,2,20.032555707614303,31.882298946380615,0.9314337108596878,30.754213333129883,33.030906677246094,,,0.2499999925494194,0.012027832143627196,0.23683595657348633,0.26354068517684937,6.999999791383743,5.999999791383743,False,True
TD3 Delayed Actor Update,2028,test_0008,short,MADDPG,3.201652786128933,320.1652786128933,0.03749432400002206,8,26.670703544339446,33.19529867172241,1.3274586695149289,31.376447677612305,35.12710189819336,,,0.2500000111758709,0.024764706795622923,0.2108573466539383,0.2790198028087616,7.000000312924385,6.000000312924385,False,True
TD3 Delayed Actor Update,2028,test_0008,short,AB-QMIX,3.3073589607932723,330.73589607932723,0.013528127999961725,8,73.92005752775471,31.944612503051758,0.0,31.944612503051758,31.944612503051758,,,0.14798040688037872,0.0,0.14798040688037872,0.14798040688037872,4.143451392650604,3.1434513926506042,False,True
TD3 Delayed Actor Update,2028,test_0008,short,ABPO,17.763053072607736,1776.3053072607736,0.12696288899996944,140,7.876317307179744,5.982142857142857,2.405748854519193,5.0,11.875,,,0.25,0.026726122598241298,0.15000000596046448,0.3499999940395355,7.0,6.0,False,True
TD3 Delayed Actor Update,2028,test_0009,medium,PSO / Metaheuristic,12.815091298167713,1281.5091298167713,0.07158643699995082,12,13.969126581906668,17.31867027282715,3.445447981418122,13.6731538772583,22.005544662475586,,,0.24999999068677425,0.19397770802652997,0.05653928220272064,0.510901927947998,8.999999664723873,7.999999664723873,False,True
TD3 Delayed Actor Update,2028,test_0009,medium,DDPG,5.575168837595247,557.5168837595247,0.03651833900005386,2,27.383501752325735,31.306941986083984,1.4438945747259335,29.12063980102539,33.180335998535156,,,0.25,0.021759435054431075,0.23292919993400574,0.2873648703098297,9.0,8.0,False,True
TD3 Delayed Actor Update,2028,test_0009,medium,PPO,5.149827819901983,514.9827819901983,0.028807863999986694,2,34.71274371471838,33.06313991546631,2.1643839639735254,29.430286407470703,35.05274200439453,,,0.2499999962747097,0.04204101918350125,0.20780839025974274,0.2975282371044159,8.99999986588955,7.999999865889549,False,True
TD3 Delayed Actor Update,2028,test_0009,medium,SAC,5.577256698279927,557.7256698279928,0.04101019000006545,2,24.384183540685964,31.296284198760986,1.02587228763284,29.725887298583984,32.511837005615234,,,0.25,0.011900228536278102,0.23738689720630646,0.26889681816101074,9.0,8.0,False,True
TD3 Delayed Actor Update,2028,test_0009,medium,MADDPG,5.316033311150795,531.6033311150794,0.1347342450000042,8,7.422018062297146,32.397136211395264,0.767356958142151,31.390504837036133,33.30744934082031,,,0.2500000037252903,0.010392246587932787,0.2378067821264267,0.2664516270160675,9.00000013411045,8.00000013411045,False,True
TD3 Delayed Actor Update,2028,test_0009,medium,AB-QMIX,5.351414617616603,535.1414617616604,0.074782067000001,8,13.372189886112489,31.944612503051758,0.0,31.944612503051758,31.944612503051758,,,0.14798040688037872,0.0,0.14798040688037872,0.14798040688037872,5.327294647693634,4.327294647693634,False,True
TD3 Delayed Actor Update,2028,test_0009,medium,ABPO,17.65898084232963,1765.8980842329631,0.1528708450000522,180,6.541469696197849,8.819444444444445,4.70892736337908,5.0,18.75,,,0.25,0.0577350234776868,0.15000000596046448,0.3499999940395355,9.0,8.0,False,True
TD3 Soft Target Update,2026,test_0000,short,PSO / Metaheuristic,11.249282889293404,1124.9282889293404,0.03344184900004166,12,29.9026528108166,21.754722356796265,10.711433781748273,12.282073020935059,39.92277908325195,,,0.25000000186264515,0.31321929110204433,0.05697359889745712,0.792351484298706,4.000000029802322,3.0000000298023224,False,True
TD3 Soft Target Update,2026,test_0000,short,DDPG,7.000532585762804,700.0532585762804,0.02774732000000313,2,36.03951660916756,32.771729946136475,0.6826950512452526,31.693662643432617,33.42549514770508,,,0.25,0.018477458790211364,0.22789591550827026,0.2768801748752594,4.0,3.0,False,True
TD3 Soft Target Update,2026,test_0000,short,PPO,6.980719834415703,698.0719834415703,0.022584306999988257,2,44.27853376242716,32.89413261413574,1.56664164211769,30.485870361328125,34.86173629760742,,,0.2500000037252903,0.030841645973989425,0.20742341876029968,0.29460564255714417,4.000000059604645,3.0000000596046448,False,True
TD3 Soft Target Update,2026,test_0000,short,SAC,6.8518045795471725,685.1804579547173,0.03817295199996806,2,26.196559281054203,33.13749599456787,0.47372883506919594,32.579734802246094,33.89079284667969,,,0.2499999925494194,0.021569319935698217,0.21527418494224548,0.27364060282707214,3.9999998807907104,2.9999998807907104,False,True
TD3 Soft Target Update,2026,test_0000,short,MADDPG,6.872213357519907,687.2213357519908,0.04058590199997525,8,24.639097586166987,33.04177379608154,1.203247505236379,31.771751403808594,34.382896423339844,,,0.25,0.013024631375938142,0.2410912960767746,0.2724263370037079,4.0,3.0,False,True
TD3 Soft Target Update,2026,test_0000,short,AB-QMIX,7.203946331425055,720.3946331425055,0.017952664000063123,8,55.70203954112236,31.944612503051758,0.0,31.944612503051758,31.944612503051758,,,0.14798040688037872,0.0,0.14798040688037872,0.14798040688037872,2.3676865100860596,1.3676865100860596,False,True
TD3 Soft Target Update,2026,test_0000,short,ABPO,17.096460160700115,1709.6460160700117,0.07539563099999214,80,13.263368006033456,13.59375,5.700448858423344,5.0,18.75,,,0.25,0.03535533695198495,0.15000000596046448,0.3499999940395355,4.0,3.0,False,True
TD3 Soft Target Update,2026,test_0001,medium,PSO / Metaheuristic,15.112548067372268,1511.2548067372268,0.04761602300004597,12,21.001333941707703,22.856554985046387,7.500563515849654,13.821353912353516,32.61389923095703,,,0.2500000037252903,0.06253120992415225,0.16167180240154266,0.3259107768535614,6.000000089406967,5.000000089406967,False,True
TD3 Soft Target Update,2026,test_0001,medium,DDPG,11.010686877686382,1101.068687768638,0.03141134999998485,2,31.835626294332535,32.899686336517334,1.696228394021001,30.346166610717773,34.948272705078125,,,0.2499999962747097,0.019223278426094698,0.2188042551279068,0.2687983512878418,5.999999910593033,4.999999910593033,False,True
TD3 Soft Target Update,2026,test_0001,medium,PPO,11.884270007634752,1188.4270007634752,0.027409462999912648,2,36.483750156038695,31.290106296539307,1.044088323606403,30.24658203125,32.83600616455078,,,0.25,0.025998570799741567,0.21751165390014648,0.29022639989852905,6.0,5.0,False,True
TD3 Soft Target Update,2026,test_0001,medium,SAC,11.289089882624715,1128.9089882624714,0.0684834689999434,2,14.602064039729449,32.56705188751221,0.2636642164973451,32.174503326416016,32.885772705078125,,,0.25,0.017415688859763388,0.22931066155433655,0.27671167254447937,6.0,5.0,False,True
TD3 Soft Target Update,2026,test_0001,medium,MADDPG,11.453624098401876,1145.3624098401876,0.0442510029999994,8,22.598357827053402,32.245789527893066,0.12796279286799836,32.04801940917969,32.36775207519531,,,0.25,0.01257221176693216,0.24228569865226746,0.2717559039592743,6.0,5.0,False,True
TD3 Soft Target Update,2026,test_0001,medium,AB-QMIX,11.3728134839739,1137.2813483973898,0.013560338000047523,8,73.74447451062764,31.944612503051758,0.0,31.944612503051758,31.944612503051758,,,0.14798040688037872,0.0,0.14798040688037872,0.14798040688037872,3.5515297651290894,2.5515297651290894,False,True
TD3 Soft Target Update,2026,test_0001,medium,ABPO,17.839833464076303,1783.9833464076303,0.09998047500005214,120,10.001952881294859,16.458333333333332,5.124322448437018,5.0,18.75,,,0.25,0.0577350234776868,0.15000000596046448,0.3499999940395355,6.0,5.0,False,True
TD3 Soft Target Update,2026,test_0002,long,PSO / Metaheuristic,11.912943041581334,1191.2943041581334,0.09059755500004485,12,11.037825468904817,21.569433212280273,5.197354087758632,16.941360473632812,30.27364730834961,,,0.2500000037252903,0.2097295755276432,0.07982498407363892,0.6052707433700562,9.00000013411045,8.00000013411045,False,True
TD3 Soft Target Update,2026,test_0002,long,DDPG,8.925617593507393,892.5617593507394,0.07849915200006308,2,12.738991116734566,31.426854610443115,1.7749538099489064,30.14863395690918,34.47917175292969,,,0.2500000074505806,0.03747354058433956,0.20357277989387512,0.3076413869857788,9.000000268220901,8.000000268220901,False,True
TD3 Soft Target Update,2026,test_0002,long,PPO,9.096317171180516,909.6317171180516,0.02935272900003838,2,34.06838253433582,30.958680629730225,1.1612271758343984,29.224079132080078,32.086952209472656,,,0.2499999962747097,0.016845299905875268,0.23242872953414917,0.2778174877166748,8.99999986588955,7.999999865889549,False,True
TD3 Soft Target Update,2026,test_0002,long,SAC,8.408911319525313,840.8911319525312,0.0431248869999763,2,23.18846655761787,32.64744329452515,1.4097104452141869,31.074783325195312,34.65435028076172,,,0.25,0.01516705655075173,0.2330496907234192,0.2669694125652313,9.0,8.0,False,True
TD3 Soft Target Update,2026,test_0002,long,MADDPG,8.699379817946177,869.9379817946176,0.04927056199994695,8,20.29609485682499,31.44945526123047,1.2843493439237401,29.91950798034668,33.26070022583008,,,0.2499999925494194,0.011282824688172748,0.23738396167755127,0.2679991126060486,8.999999731779099,7.9999997317790985,False,True
TD3 Soft Target Update,2026,test_0002,long,AB-QMIX,8.374132532341086,837.4132532341085,0.025716184999964753,8,38.886016724540234,31.944612503051758,0.0,31.944612503051758,31.944612503051758,,,0.14798040688037872,0.0,0.14798040688037872,0.14798040688037872,5.327294647693634,4.327294647693634,False,True
TD3 Soft Target Update,2026,test_0002,long,ABPO,15.609468768034045,1560.9468768034046,0.16277271599994947,180,6.143535750796899,17.22222222222222,4.321208107251123,5.0,18.75,,,0.25,0.06666666269302368,0.15000000596046448,0.3499999940395355,9.0,8.0,False,True
TD3 Soft Target Update,2026,test_0003,very_long,PSO / Metaheuristic,10.826640035119668,1082.664003511967,0.1018536189999395,12,9.818011473903486,19.957764863967896,11.007634947209674,10.3344144821167,38.67189407348633,,,0.2499999962747097,0.18308935062250076,0.10012304782867432,0.5619706511497498,12.999999806284904,11.999999806284904,False,True
TD3 Soft Target Update,2026,test_0003,very_long,DDPG,5.363337693906238,536.3337693906238,0.026677077000044846,2,37.48536618154676,33.30549716949463,1.5430535828041152,30.91461944580078,35.13090133666992,,,0.2499999925494194,0.026947801657456746,0.22262310981750488,0.2870367765426636,12.999999612569809,11.999999612569809,False,True
TD3 Soft Target Update,2026,test_0003,very_long,PPO,6.0586304136166165,605.8630413616617,0.024002536000011787,2,41.66226435404613,31.180752754211426,2.0303340241066112,28.320756912231445,33.112152099609375,,,0.2499999962747097,0.024322935216031287,0.21531379222869873,0.28213056921958923,12.999999806284904,11.999999806284904,False,True
TD3 Soft Target Update,2026,test_0003,very_long,SAC,5.295567403078503,529.5567403078503,0.029076812999960566,2,34.391664588596974,33.503034591674805,1.771342582518621,31.703838348388672,36.124534606933594,,,0.2500000037252903,0.023280684253232924,0.2171039879322052,0.27379071712493896,13.000000193715096,12.000000193715096,False,True
TD3 Soft Target Update,2026,test_0003,very_long,MADDPG,5.23820275458666,523.8202754586661,0.030219390000070234,8,33.09133639023408,33.80684566497803,0.6120110324110648,33.083587646484375,34.73837661743164,,,0.2500000149011612,0.0150444604324756,0.23226669430732727,0.27138692140579224,13.000000774860382,12.000000774860382,False,True
TD3 Soft Target Update,2026,test_0003,very_long,AB-QMIX,5.631030946746514,563.1030946746514,0.018711817999928826,8,53.44216152614373,31.944612503051758,0.0,31.944612503051758,31.944612503051758,,,0.14798040688037872,0.0,0.14798040688037872,0.14798040688037872,7.694981157779694,6.694981157779694,False,True
TD3 Soft Target Update,2026,test_0003,very_long,ABPO,17.056591599221374,1705.6591599221374,0.12513613100009024,260,7.991297093876739,10.817307692307692,6.520053272371033,5.0,18.75,,,0.25,0.019611612344875146,0.15000000596046448,0.3499999940395355,13.0,12.0,False,True
TD3 Soft Target Update,2026,test_0004,short,PSO / Metaheuristic,16.436009810414788,1643.600981041479,0.03306956200003697,12,30.239287717172733,24.87014079093933,9.27678903995074,14.477938652038574,39.22614669799805,,,0.2500000037252903,0.10870884770420343,0.1145978718996048,0.405396431684494,7.000000104308128,6.000000104308128,False,True
TD3 Soft Target Update,2026,test_0004,short,DDPG,14.069863984358022,1406.9863984358021,0.020040139000002455,2,49.89985348903406,31.972126960754395,0.5213621033918229,31.325681686401367,32.51850509643555,,,0.2500000037252903,0.02710677389736458,0.21060048043727875,0.2782558500766754,7.000000104308128,6.000000104308128,False,True
TD3 Soft Target Update,2026,test_0004,short,PPO,14.499645175523483,1449.9645175523483,0.01758437999990292,2,56.86865274780918,30.75612497329712,1.170005617173561,28.995033264160156,32.24241638183594,,,0.2500000037252903,0.025535445002124433,0.2206159085035324,0.28881391882896423,7.000000104308128,6.000000104308128,False,True
TD3 Soft Target Update,2026,test_0004,short,SAC,14.077315116135185,1407.7315116135185,0.023243256000000656,2,43.02323220120158,31.69855785369873,0.4020744996379008,31.1121768951416,32.127201080322266,,,0.25,0.018926874111770707,0.21865880489349365,0.2674197554588318,7.0,6.0,False,True
TD3 Soft Target Update,2026,test_0004,short,MADDPG,13.824992756120432,1382.4992756120432,0.023536593000017092,8,42.48703285132533,32.153634548187256,1.2553766913574007,30.36617088317871,33.80914306640625,,,0.2500000037252903,0.013591246612841836,0.2394246906042099,0.27301299571990967,7.000000104308128,6.000000104308128,False,True
TD3 Soft Target Update,2026,test_0004,short,AB-QMIX,13.749771400827786,1374.9771400827788,0.012126154000043243,8,82.46637804504493,31.944612503051758,0.0,31.944612503051758,31.944612503051758,,,0.14798040688037872,0.0,0.14798040688037872,0.14798040688037872,4.143451392650604,3.1434513926506042,False,True
TD3 Soft Target Update,2026,test_0004,short,ABPO,19.294821279987666,1929.4821279987666,0.08953684100004011,140,11.168587017712095,15.803571428571429,3.4022426577245803,11.875,18.75,,,0.25,0.0707106739039699,0.15000000596046448,0.3499999940395355,7.0,6.0,False,True
TD3 Soft Target Update,2026,test_0005,medium,PSO / Metaheuristic,6.478956204762585,647.8956204762585,0.038133568999910494,12,26.223614160068447,20.207140922546387,5.493586149489784,14.097164154052734,29.11992073059082,,,0.2500000009313226,0.2193314747093811,0.05862897261977196,0.608139157295227,8.000000029802322,7.000000029802322,False,True
TD3 Soft Target Update,2026,test_0005,medium,DDPG,3.623328260357823,362.3328260357823,0.02106755600004817,2,47.4663506292668,30.550306797027588,1.6227442597180994,29.19588279724121,33.31826400756836,,,0.2499999962747097,0.013690216173370079,0.22683386504650116,0.26242175698280334,7.9999998807907104,6.9999998807907104,False,True
TD3 Soft Target Update,2026,test_0005,medium,PPO,3.1331749862643106,313.3174986264311,0.018595545000039237,2,53.77632115637858,34.827730655670166,1.9552840768362603,31.528932571411133,36.47673034667969,,,0.2499999962747097,0.03610753717871098,0.2215673178434372,0.31168133020401,7.9999998807907104,6.9999998807907104,False,True
TD3 Soft Target Update,2026,test_0005,medium,SAC,3.476188451089117,347.61884510891167,0.02380207800001699,2,42.01313851669951,31.484490394592285,0.43593439835102693,31.07061767578125,32.21784210205078,,,0.25,0.011242857505668434,0.23326516151428223,0.2649085223674774,8.0,7.0,False,True
TD3 Soft Target Update,2026,test_0005,medium,MADDPG,3.389758007224766,338.9758007224766,0.024672175999967294,8,40.53148777802678,32.340128898620605,2.095963506630781,29.202831268310547,35.103633880615234,,,0.25,0.028021903240763982,0.21616801619529724,0.2939301133155823,8.0,7.0,False,True
TD3 Soft Target Update,2026,test_0005,medium,AB-QMIX,3.376703515135487,337.6703515135487,0.014038935000030506,8,71.23047439124315,31.944612503051758,0.0,31.944612503051758,31.944612503051758,,,0.14798040688037872,0.0,0.14798040688037872,0.14798040688037872,4.735373020172119,3.735373020172119,False,True
TD3 Soft Target Update,2026,test_0005,medium,ABPO,18.55814222539717,1855.8142225397169,0.07933107999997446,160,12.605400052543365,5.0,0.0,5.0,5.0,,,0.25,0.0559016961054938,0.15000000596046448,0.3499999940395355,8.0,7.0,False,True
TD3 Soft Target Update,2026,test_0006,long,PSO / Metaheuristic,6.253931408989561,625.3931408989561,0.05999871799997436,12,16.66702278539397,20.36170983314514,9.421892287232101,5.799057960510254,30.20545196533203,,,0.2500000037252903,0.32881646995048663,0.050073761492967606,0.8192787170410156,12.000000178813934,11.000000178813934,False,True
TD3 Soft Target Update,2026,test_0006,long,DDPG,3.7660785466273246,376.6078546627325,0.026892335999946226,2,37.18531554871245,28.387522220611572,1.5000936566091445,26.522642135620117,30.321504592895508,,,0.2500000037252903,0.03789660418548335,0.21220889687538147,0.29416218400001526,12.000000178813934,11.000000178813934,False,True
TD3 Soft Target Update,2026,test_0006,long,PPO,3.3375232421978898,333.752324219789,0.022295148000011977,2,44.85280833298181,31.775757312774658,2.1738040413804165,29.58609962463379,35.25456619262695,,,0.2500000037252903,0.019795820887156125,0.21769042313098907,0.27027034759521484,12.000000178813934,11.000000178813934,False,True
TD3 Soft Target Update,2026,test_0006,long,SAC,3.2403271608463533,324.0327160846353,0.02716001999999662,2,36.818824139309335,32.35738182067871,0.9416604477762425,31.079179763793945,33.53189468383789,,,0.25,0.012211121451586301,0.23730216920375824,0.2675389349460602,12.0,11.0,False,True
TD3 Soft Target Update,2026,test_0006,long,MADDPG,3.2905275025515834,329.05275025515834,0.029170885999974416,8,34.28075513376169,31.83246898651123,0.8564645110149176,31.190576553344727,33.30690383911133,,,0.2499999925494194,0.012186250030088228,0.2341437190771103,0.26480820775032043,11.999999642372131,10.999999642372131,False,True
TD3 Soft Target Update,2026,test_0006,long,AB-QMIX,3.2393286281226437,323.9328628122644,0.01969876199996179,8,50.76461150208017,31.944612503051758,0.0,31.944612503051758,31.944612503051758,,,0.14798040688037872,0.0,0.14798040688037872,0.14798040688037872,7.103059530258179,6.103059530258179,False,True
TD3 Soft Target Update,2026,test_0006,long,ABPO,17.807124210318573,1780.7124210318573,0.11839214400004039,240,8.446506383055778,6.145833333333333,3.8002992389488957,5.0,18.75,,,0.25,0.03535533695198495,0.15000000596046448,0.3499999940395355,12.0,11.0,False,True
TD3 Soft Target Update,2026,test_0007,very_long,PSO / Metaheuristic,13.225873608448687,1322.5873608448687,0.08683086799999273,12,11.516641754635963,21.90073847770691,9.659817181443143,10.798834800720215,35.39094161987305,,,0.24999999813735485,0.30749023562683986,0.05085552856326103,0.7809173464775085,16.99999987334013,15.99999987334013,False,True
TD3 Soft Target Update,2026,test_0007,very_long,DDPG,9.800907591982213,980.0907591982213,0.04035960399994565,2,24.77725004440942,32.23960304260254,0.907857059855262,31.325654983520508,33.740478515625,,,0.2500000037252903,0.009507182061206692,0.23485012352466583,0.2611309289932251,17.00000025331974,16.00000025331974,False,True
TD3 Soft Target Update,2026,test_0007,very_long,PPO,9.594773413205518,959.4773413205518,0.0381245039999385,2,26.229849442804902,33.058879375457764,2.7119048353515227,29.714603424072266,37.05525588989258,,,0.2500000037252903,0.01593112000356067,0.22963681817054749,0.2693426311016083,17.00000025331974,16.00000025331974,False,True
TD3 Soft Target Update,2026,test_0007,very_long,SAC,9.653855861370264,965.3855861370264,0.03256845299995348,2,30.704559409113735,32.75340747833252,0.5752478009720737,32.264522552490234,33.67402648925781,,,0.2499999962747097,0.009087260986839745,0.24074338376522064,0.2644971013069153,16.99999974668026,15.99999974668026,False,True
TD3 Soft Target Update,2026,test_0007,very_long,MADDPG,9.52522245804859,952.522245804859,0.034099354999966636,8,29.326067897793916,33.14409255981445,1.9672233417597675,29.99920654296875,34.848419189453125,,,0.2499999888241291,0.017896843622462067,0.2364949882030487,0.28080686926841736,16.99999924004078,15.99999924004078,False,True
TD3 Soft Target Update,2026,test_0007,very_long,AB-QMIX,9.74794325750247,974.794325750247,0.022330698000018856,8,44.78140360857308,31.944612503051758,0.0,31.944612503051758,31.944612503051758,,,0.14798040688037872,0.0,0.14798040688037872,0.14798040688037872,10.062667667865753,9.062667667865753,False,True
TD3 Soft Target Update,2026,test_0007,very_long,ABPO,18.99205955345354,1899.2059553453541,0.18063362700002017,340,5.536067766606316,11.875,6.669729688499157,5.0,18.75,,,0.25,0.06642111245650009,0.15000000596046448,0.3499999940395355,17.0,16.0,False,True
TD3 Soft Target Update,2026,test_0008,short,PSO / Metaheuristic,7.91051688862332,791.051688862332,0.03314462699995602,12,30.170802646272865,25.44430708885193,18.430455217109298,8.106416702270508,51.968929290771484,,,0.25000000186264515,0.16839071672391528,0.0711720883846283,0.42404767870903015,7.000000052154064,6.000000052154064,False,True
TD3 Soft Target Update,2026,test_0008,short,DDPG,3.9037888625409187,390.37888625409187,0.019698598999980277,2,50.76503156397068,32.02575445175171,4.071419480897337,26.84345054626465,36.81913375854492,,,0.25,0.025560016007838283,0.2147209346294403,0.27507224678993225,7.0,6.0,False,True
TD3 Soft Target Update,2026,test_0008,short,PPO,3.9250052376133766,392.50052376133766,0.01678202699997655,2,59.58755756985716,31.41661787033081,1.8970291437153015,29.455644607543945,34.55546569824219,,,0.25,0.04428621839336763,0.1914067417383194,0.3005947172641754,7.0,6.0,False,True
TD3 Soft Target Update,2026,test_0008,short,SAC,3.77205615568979,377.205615568979,0.021844116000011127,2,45.77891822216521,32.453821659088135,2.412100290712952,29.568683624267578,34.985347747802734,,,0.2500000037252903,0.019353580107583656,0.21677927672863007,0.2648247480392456,7.000000104308128,6.000000104308128,False,True
TD3 Soft Target Update,2026,test_0008,short,MADDPG,3.6629654403393834,366.29654403393835,0.023136051999927076,8,43.2225861181135,33.06199645996094,2.09210342926406,30.541526794433594,35.82775115966797,,,0.2500000111758709,0.03158221014492976,0.19972580671310425,0.2817087769508362,7.000000312924385,6.000000312924385,False,True
TD3 Soft Target Update,2026,test_0008,short,AB-QMIX,3.7589582928214376,375.8958292821438,0.01200684299999466,8,83.285839583348,31.944612503051758,0.0,31.944612503051758,31.944612503051758,,,0.14798040688037872,0.0,0.14798040688037872,0.14798040688037872,4.143451392650604,3.1434513926506042,False,True
TD3 Soft Target Update,2026,test_0008,short,ABPO,18.382650427437387,1838.2650427437386,0.07368169799997304,140,13.571891353540277,5.982142857142857,2.405748854519193,5.0,11.875,,,0.25,0.0,0.25,0.25,7.0,6.0,False,True
TD3 Soft Target Update,2026,test_0009,medium,PSO / Metaheuristic,11.226799709034642,1122.6799709034642,0.04194193000000723,12,23.842488888800005,22.899211406707764,21.05546462791822,8.163626670837402,59.118064880371094,,,0.2500000009313226,0.32826585255712026,0.05341256782412529,0.8184293508529663,9.000000033527613,8.000000033527613,False,True
TD3 Soft Target Update,2026,test_0009,medium,DDPG,7.468436751208054,746.8436751208054,0.021903693000012936,2,45.65440174857315,32.52105951309204,0.9812619478929832,31.26316261291504,33.989994049072266,,,0.2499999962747097,0.03412778091990269,0.22662919759750366,0.3089222311973572,8.99999986588955,7.999999865889549,False,True
TD3 Soft Target Update,2026,test_0009,medium,PPO,8.322443202790318,832.2443202790317,0.0195038020000311,2,51.2720545460011,30.67388391494751,1.4669354570065543,29.6870059967041,33.20647048950195,,,0.2500000037252903,0.030659903848756734,0.19856368005275726,0.2784799039363861,9.00000013411045,8.00000013411045,False,True
TD3 Soft Target Update,2026,test_0009,medium,SAC,7.462685415845559,746.268541584556,0.02620519000004151,2,38.16037968045322,32.58126783370972,0.9252401943151227,31.410978317260742,33.98884582519531,,,0.25,0.020422481296397555,0.22922848165035248,0.2829515337944031,9.0,8.0,False,True
TD3 Soft Target Update,2026,test_0009,medium,MADDPG,7.797371009402527,779.7371009402526,0.025952988000085497,8,38.531208814827245,31.840986728668213,1.1485297923617952,30.02338218688965,33.180850982666016,,,0.2500000074505806,0.00912129796637249,0.23844316601753235,0.2592868208885193,9.000000268220901,8.000000268220901,False,True
TD3 Soft Target Update,2026,test_0009,medium,AB-QMIX,7.5914828015451,759.1482801545101,0.014394249000019954,8,69.47218990018956,31.944612503051758,0.0,31.944612503051758,31.944612503051758,,,0.14798040688037872,0.0,0.14798040688037872,0.14798040688037872,5.327294647693634,4.327294647693634,False,True
TD3 Soft Target Update,2026,test_0009,medium,ABPO,18.29156596504542,1829.1565965045422,0.08855823000010332,180,11.292005271546566,14.166666666666666,4.583333333333333,5.0,18.75,,,0.25,0.06666666269302368,0.15000000596046448,0.3499999940395355,9.0,8.0,False,True
TD3 Soft Target Update,2027,test_0000,short,PSO / Metaheuristic,12.569581934328747,1256.9581934328746,0.02958660499996313,12,33.79907900893821,20.385088682174683,7.742629761087682,15.603784561157227,33.7867317199707,,,0.2500000074505806,0.25270935010334866,0.07861872017383575,0.6859134435653687,6.000000178813934,5.000000178813934,False,True
TD3 Soft Target Update,2027,test_0000,short,DDPG,6.97577311656136,697.5773116561361,0.018684274999941408,2,53.52094207579025,32.19178533554077,3.0373842021768818,29.22946548461914,36.340633392333984,,,0.25,0.06515788448665094,0.16701366007328033,0.33136096596717834,6.0,5.0,False,True
TD3 Soft Target Update,2027,test_0000,short,PPO,7.042184872706904,704.2184872706904,0.015457571000069947,2,64.69321732343813,31.935142040252686,1.2775479165999177,30.604969024658203,33.55475997924805,,,0.25,0.022102580104474905,0.2119729220867157,0.2666952908039093,6.0,5.0,False,True
TD3 Soft Target Update,2027,test_0000,short,SAC,6.708596621069714,670.8596621069714,0.020531232000053024,2,48.706283188335576,32.75518178939819,0.917739062645634,31.6368465423584,34.142967224121094,,,0.2499999962747097,0.025006700457184422,0.22013618052005768,0.289237916469574,5.999999910593033,4.999999910593033,False,True
TD3 Soft Target Update,2027,test_0000,short,MADDPG,6.673014056639271,667.3014056639271,0.021872437000070022,8,45.719642488708445,32.807005882263184,0.5565377100432385,32.1185302734375,33.60523223876953,,,0.2500000074505806,0.00812469990968913,0.2361389696598053,0.2563813626766205,6.000000178813934,5.000000178813934,False,True
TD3 Soft Target Update,2027,test_0000,short,AB-QMIX,6.889558231619433,688.9558231619433,0.010925603000032424,8,91.52812892771523,31.944612503051758,0.0,31.944612503051758,31.944612503051758,,,0.14798040688037872,0.0,0.14798040688037872,0.14798040688037872,3.5515297651290894,2.5515297651290894,False,True
TD3 Soft Target Update,2027,test_0000,short,ABPO,16.460010001371586,1646.0010001371586,0.06049282399999356,120,16.530886374226906,15.3125,5.250867983803566,5.0,18.75,,,0.25,0.040824826613036866,0.15000000596046448,0.3499999940395355,6.0,5.0,False,True
TD3 Soft Target Update,2027,test_0001,medium,PSO / Metaheuristic,17.073625202611307,1707.3625202611308,0.02831150199995136,12,35.321333357789285,18.121963024139404,1.8375693597509817,15.549571990966797,20.637367248535156,,,0.24999999441206455,0.11591102664654832,0.0695926770567894,0.3887113928794861,5.999999865889549,4.999999865889549,False,True
TD3 Soft Target Update,2027,test_0001,medium,DDPG,11.647338479644013,1164.7338479644013,0.018744490000017322,2,53.349010829266405,30.49622869491577,3.22880784273786,25.910808563232422,35.04298782348633,,,0.2500000037252903,0.07456356564588036,0.19094736874103546,0.3770763874053955,6.000000089406967,5.000000089406967,False,True
TD3 Soft Target Update,2027,test_0001,medium,PPO,9.70459973565311,970.459973565311,0.015716628000063793,2,63.62687976046396,34.7744197845459,1.0700081793500733,33.19009017944336,36.16270446777344,,,0.25,0.027595255600371404,0.22740234434604645,0.2966759204864502,6.0,5.0,False,True
TD3 Soft Target Update,2027,test_0001,medium,SAC,11.124163689639522,1112.416368963952,0.02110967599992364,2,47.37164132711546,31.959247589111328,1.326282793642539,30.21420669555664,33.8382568359375,,,0.25,0.008972184757431093,0.24073193967342377,0.26387280225753784,6.0,5.0,False,True
TD3 Soft Target Update,2027,test_0001,medium,MADDPG,11.744646664970857,1174.4646664970855,0.022399034000045503,8,44.64478244900956,30.83909511566162,0.7065595038786013,29.647783279418945,31.37709617614746,,,0.2500000149011612,0.00466913265487108,0.24433839321136475,0.25720450282096863,6.000000357627869,5.000000357627869,False,True
TD3 Soft Target Update,2027,test_0001,medium,AB-QMIX,10.892220354110833,1089.2220354110832,0.010823977999962153,8,92.38747528898308,31.944612503051758,0.0,31.944612503051758,31.944612503051758,,,0.14798040688037872,0.0,0.14798040688037872,0.14798040688037872,3.5515297651290894,2.5515297651290894,False,True
TD3 Soft Target Update,2027,test_0001,medium,ABPO,17.727129654126426,1772.7129654126425,0.07785644099999445,120,12.84415248315899,16.458333333333332,5.124322448437018,5.0,18.75,,,0.25,0.0,0.25,0.25,6.0,5.0,False,True
TD3 Soft Target Update,2027,test_0002,long,PSO / Metaheuristic,9.976424850409945,997.6424850409945,0.0554823170000418,12,18.02376061546324,23.433441996574402,12.561332612634235,7.143834590911865,42.22732162475586,,,0.2499999962747097,0.15362677717526887,0.07221701741218567,0.48199737071990967,11.999999821186066,10.999999821186066,False,True
TD3 Soft Target Update,2027,test_0002,long,DDPG,5.856251337892044,585.6251337892045,0.02441819500006659,2,40.95306798873844,33.22025203704834,2.194132134976592,31.633047103881836,36.9649658203125,,,0.25,0.011729705265543906,0.23683127760887146,0.2626451253890991,12.0,11.0,False,True
TD3 Soft Target Update,2027,test_0002,long,PPO,5.804832579765289,580.4832579765289,0.02210025300007601,2,45.24835077664318,33.57354402542114,2.290140011305335,30.240705490112305,35.71963119506836,,,0.2499999962747097,0.03180042160993952,0.20615741610527039,0.2951835095882416,11.999999821186066,10.999999821186066,False,True
TD3 Soft Target Update,2027,test_0002,long,SAC,5.863978361669468,586.3978361669467,0.027060251000079916,2,36.95457222466439,33.32548236846924,1.8894106555923476,30.594024658203125,35.69208908081055,,,0.25,0.006002192802340341,0.23983201384544373,0.2549857795238495,12.0,11.0,False,True
TD3 Soft Target Update,2027,test_0002,long,MADDPG,5.712774300678848,571.2774300678848,0.028514636999943832,8,35.06970823447515,33.92769527435303,1.3820172783678768,32.64174270629883,36.22923278808594,,,0.2500000074505806,0.013072764478836221,0.2320423126220703,0.2688309848308563,12.000000357627869,11.000000357627869,False,True
TD3 Soft Target Update,2027,test_0002,long,AB-QMIX,6.243124564672963,624.3124564672963,0.017162096999982168,8,58.26793777013607,31.944612503051758,0.0,31.944612503051758,31.944612503051758,,,0.14798040688037872,0.0,0.14798040688037872,0.14798040688037872,7.103059530258179,6.103059530258179,False,True
TD3 Soft Target Update,2027,test_0002,long,ABPO,16.293846064928882,1629.3846064928882,0.12582961700002215,240,7.947254579975587,13.59375,4.091443370519341,5.0,18.75,,,0.25,0.06770031600337947,0.15000000596046448,0.3499999940395355,12.0,11.0,False,True
TD3 Soft Target Update,2027,test_0003,very_long,PSO / Metaheuristic,14.808165084470232,1480.8165084470231,0.06909637100000054,12,14.47254009910292,10.922828555107117,4.582251449017183,6.465893268585205,18.244951248168945,,,0.2500000037252903,0.1073376911614248,0.11078085005283356,0.4092760384082794,11.000000163912773,10.000000163912773,False,True
TD3 Soft Target Update,2027,test_0003,very_long,DDPG,5.1643903957241495,516.4390395724149,0.023659632000089914,2,42.26608427367761,31.993505001068115,1.167868901127,30.571792602539062,33.2577018737793,,,0.25,0.027724948820930684,0.22108766436576843,0.29010671377182007,11.0,10.0,False,True
TD3 Soft Target Update,2027,test_0003,very_long,PPO,4.88939840348511,488.93984034851104,0.02139239699999962,2,46.7455797496661,32.99599027633667,2.75645428083062,28.670499801635742,35.947105407714844,,,0.25,0.04750496891264748,0.1775776743888855,0.3067485988140106,11.0,10.0,False,True
TD3 Soft Target Update,2027,test_0003,very_long,SAC,4.940693913507048,494.06939135070485,0.026294486999972833,2,38.030785692872925,32.91942358016968,0.8262441415963857,31.95185661315918,34.059749603271484,,,0.25,0.015451113231174677,0.22965994477272034,0.2731696367263794,11.0,10.0,False,True
TD3 Soft Target Update,2027,test_0003,very_long,MADDPG,5.160754839503098,516.0754839503098,0.02734561299996585,8,36.56893703575958,31.981053829193115,0.5480593331177582,31.112577438354492,32.62549591064453,,,0.25,0.01146000772404983,0.23763695359230042,0.26774826645851135,11.0,10.0,False,True
TD3 Soft Target Update,2027,test_0003,very_long,AB-QMIX,5.077132194609274,507.7132194609274,0.01647497800001929,8,60.698108367660886,31.944612503051758,0.0,31.944612503051758,31.944612503051758,,,0.14798040688037872,0.0,0.14798040688037872,0.14798040688037872,6.511137902736664,5.511137902736664,False,True
TD3 Soft Target Update,2027,test_0003,very_long,ABPO,16.354576079106657,1635.4576079106657,0.10563058100001399,220,9.466955407543082,10.625,5.7282196186948,5.0,18.75,,,0.25,0.030151132660628705,0.15000000596046448,0.3499999940395355,11.0,10.0,False,True
TD3 Soft Target Update,2027,test_0004,short,PSO / Metaheuristic,13.621755852133196,1362.1755852133194,0.024236798000060844,12,41.25957562535652,23.536657333374023,5.924083998231791,13.702445983886719,28.562788009643555,,,0.2500000046566129,0.32817809171174267,0.05053367465734482,0.8182671070098877,5.0000000931322575,4.0000000931322575,False,True
TD3 Soft Target Update,2027,test_0004,short,DDPG,11.210653568988432,1121.0653568988432,0.01830122699993808,2,54.64114509936319,31.82449197769165,1.0106222650955174,30.36927032470703,33.17934036254883,,,0.25,0.03685271417447578,0.22089406847953796,0.312203586101532,5.0,4.0,False,True
TD3 Soft Target Update,2027,test_0004,short,PPO,11.454804013939752,1145.4804013939752,0.01485347899995304,2,67.3242948674288,31.86165142059326,3.190824633993901,29.2875919342041,37.10762023925781,,,0.2500000074505806,0.05686848906975876,0.1853915899991989,0.32277992367744446,5.000000149011612,4.000000149011612,False,True
TD3 Soft Target Update,2027,test_0004,short,SAC,10.70095455969005,1070.095455969005,0.01975870399996893,2,50.61060684959765,33.08389091491699,0.3658989728458093,32.66264343261719,33.44829559326172,,,0.25,0.016692249555589764,0.22821393609046936,0.27255958318710327,5.0,4.0,False,True
TD3 Soft Target Update,2027,test_0004,short,MADDPG,10.778301946703992,1077.8301946703991,0.020717587000035564,8,48.26816945420735,33.09564971923828,0.5237911708577424,32.23145294189453,33.63255310058594,,,0.2500000111758709,0.008372518603101127,0.23694196343421936,0.2597463130950928,5.000000223517418,4.000000223517418,False,True
TD3 Soft Target Update,2027,test_0004,short,AB-QMIX,10.93175562987162,1093.175562987162,0.009864479000043502,8,101.37382825748729,31.944612503051758,0.0,31.944612503051758,31.944612503051758,,,0.14798040688037872,0.0,0.14798040688037872,0.14798040688037872,2.9596081376075745,1.9596081376075745,False,True
TD3 Soft Target Update,2027,test_0004,short,ABPO,15.092833303802397,1509.2833303802397,0.05098257800000283,100,19.614543619193686,17.375,2.75,11.875,18.75,,,0.25,0.0707106739039699,0.15000000596046448,0.3499999940395355,5.0,4.0,False,True
TD3 Soft Target Update,2027,test_0005,medium,PSO / Metaheuristic,3.794039909461537,379.4039909461537,0.03817998199997419,12,26.19173576353902,33.27222990989685,19.74602704271431,6.205183982849121,56.633785247802734,,,0.25000000186264515,0.13323119322320742,0.10715845972299576,0.46839675307273865,8.000000059604645,7.000000059604645,False,True
TD3 Soft Target Update,2027,test_0005,medium,DDPG,3.200209074194519,320.0209074194519,0.020663076000005276,2,48.39550510290649,32.05654573440552,1.3302253404817164,30.778669357299805,34.02594757080078,,,0.25,0.021220461421315773,0.23359353840351105,0.2864586114883423,8.0,7.0,False,True
TD3 Soft Target Update,2027,test_0005,medium,PPO,3.4515991173806575,345.1599117380658,0.01789921600004618,2,55.86836875969428,30.580113887786865,4.70842516722999,24.8728084564209,37.96626281738281,,,0.2500000037252903,0.014484474106537809,0.23255133628845215,0.2716591954231262,8.00000011920929,7.0000001192092896,False,True
TD3 Soft Target Update,2027,test_0005,medium,SAC,3.104773586039235,310.4773586039235,0.029502141000079973,2,33.895845050611385,32.93648290634155,0.9337376184282815,31.994340896606445,34.13483428955078,,,0.2499999962747097,0.010955778221502652,0.23709674179553986,0.2640268802642822,7.9999998807907104,6.9999998807907104,False,True
TD3 Soft Target Update,2027,test_0005,medium,MADDPG,3.1199472346108736,311.99472346108735,0.04061777100002928,8,24.619765570082098,32.81320285797119,1.1897397959816118,31.720264434814453,34.813602447509766,,,0.2499999962747097,0.015808720598967707,0.23245887458324432,0.268907755613327,7.9999998807907104,6.9999998807907104,False,True
TD3 Soft Target Update,2027,test_0005,medium,AB-QMIX,3.15309550648972,315.309550648972,0.013038778999998613,8,76.6942978326503,31.944612503051758,0.0,31.944612503051758,31.944612503051758,,,0.14798040688037872,0.0,0.14798040688037872,0.14798040688037872,4.735373020172119,3.735373020172119,False,True
TD3 Soft Target Update,2027,test_0005,medium,ABPO,11.925250053098043,1192.5250053098043,0.07795748600005936,160,12.827504468259,11.875,6.875,5.0,18.75,,,0.25,0.04999999701976776,0.15000000596046448,0.3499999940395355,8.0,7.0,False,True
TD3 Soft Target Update,2027,test_0006,long,PSO / Metaheuristic,7.76360926040081,776.360926040081,0.05261246299994582,12,19.006903364342204,21.459619283676147,10.396252131436944,10.769158363342285,38.58332061767578,,,0.2499999925494194,0.12185383115150313,0.12308770418167114,0.4279820919036865,10.999999672174454,9.999999672174454,False,True
TD3 Soft Target Update,2027,test_0006,long,DDPG,3.628201018672001,362.82010186720015,0.02380942000002051,2,42.00018312076223,31.931193828582764,2.365006997688287,29.45557403564453,35.609256744384766,,,0.2499999962747097,0.028095599079616645,0.2038261443376541,0.2729831337928772,10.999999836087227,9.999999836087227,False,True
TD3 Soft Target Update,2027,test_0006,long,PPO,3.6295820947051136,362.95820947051135,0.021387008000033347,2,46.7573584859762,31.97993278503418,2.3238837590977224,28.331668853759766,34.11515426635742,,,0.2499999962747097,0.021758857861953845,0.22555366158485413,0.2834455668926239,10.999999836087227,9.999999836087227,False,True
TD3 Soft Target Update,2027,test_0006,long,SAC,3.511710904654979,351.1710904654979,0.029211895000003096,2,34.23263023504275,32.67643356323242,2.0760144348298253,29.48370361328125,35.1993293762207,,,0.25,0.04243752777959287,0.22053129971027374,0.3232448399066925,11.0,10.0,False,True
TD3 Soft Target Update,2027,test_0006,long,MADDPG,3.5461208056645575,354.61208056645575,0.02815787300005468,8,35.51404610703579,32.376305103302,1.7893398870342911,29.902502059936523,34.18414306640625,,,0.2500000111758709,0.011070130607335738,0.23368896543979645,0.26429006457328796,11.00000049173832,10.00000049173832,False,True
TD3 Soft Target Update,2027,test_0006,long,AB-QMIX,3.5461468235777116,354.61468235777113,0.018019568999989133,8,55.49522299898533,31.944612503051758,0.0,31.944612503051758,31.944612503051758,,,0.14798040688037872,0.0,0.14798040688037872,0.14798040688037872,6.511137902736664,5.511137902736664,False,True
TD3 Soft Target Update,2027,test_0006,long,ABPO,14.964299931391407,1496.4299931391406,0.11418674500009729,220,8.757583903448232,10.0,5.153882032022076,5.0,18.75,,,0.25,0.052223293673958296,0.15000000596046448,0.3499999940395355,11.0,10.0,False,True
TD3 Soft Target Update,2027,test_0007,very_long,PSO / Metaheuristic,12.20764926023381,1220.764926023381,0.05127839499994025,12,19.501390400404794,17.39667057991028,6.381861236683062,8.750160217285156,24.471975326538086,,,0.25000000186264515,0.10261726975712915,0.07629335671663284,0.33654704689979553,11.000000081956387,10.000000081956387,False,True
TD3 Soft Target Update,2027,test_0007,very_long,DDPG,7.566546035004368,756.6546035004368,0.023090745999979845,2,43.30739249398321,32.03684949874878,0.690539543473118,31.327178955078125,32.830257415771484,,,0.2500000037252903,0.01088957038322392,0.2340305596590042,0.26476407051086426,11.000000163912773,10.000000163912773,False,True
TD3 Soft Target Update,2027,test_0007,very_long,PPO,7.950727994973075,795.0727994973075,0.020867222999982005,2,47.92204501772289,31.482780933380127,2.015388927120263,29.485767364501953,34.00727462768555,,,0.2500000037252903,0.01809313446429441,0.22903592884540558,0.27577880024909973,11.000000163912773,10.000000163912773,False,True
TD3 Soft Target Update,2027,test_0007,very_long,SAC,7.5725019646843945,757.2501964684394,0.026116376000004493,2,38.29015174233316,32.13965845108032,0.32551773079383767,31.590166091918945,32.431297302246094,,,0.2499999962747097,0.01874506821787692,0.2374550849199295,0.28240177035331726,10.999999836087227,9.999999836087227,False,True
TD3 Soft Target Update,2027,test_0007,very_long,MADDPG,7.6884063859985154,768.8406385998514,0.027964131000089765,8,35.76009567387558,31.699985027313232,0.9944021437798674,30.441896438598633,33.19819641113281,,,0.2499999925494194,0.012346351876753524,0.23717588186264038,0.26579758524894714,10.999999672174454,9.999999672174454,False,True
TD3 Soft Target Update,2027,test_0007,very_long,AB-QMIX,7.483679603038718,748.3679603038718,0.016705093999917153,8,59.86197982513354,31.944612503051758,0.0,31.944612503051758,31.944612503051758,,,0.14798040688037872,0.0,0.14798040688037872,0.14798040688037872,6.511137902736664,5.511137902736664,False,True
TD3 Soft Target Update,2027,test_0007,very_long,ABPO,15.97847538564078,1597.847538564078,0.10646407299998373,220,9.392839967715238,13.125,5.7282196186948,5.0,18.75,,,0.25,0.056407604119621216,0.15000000596046448,0.3499999940395355,11.0,10.0,False,True
TD3 Soft Target Update,2027,test_0008,short,PSO / Metaheuristic,7.833885196183213,783.3885196183213,0.041615192999984174,12,24.02968550453149,17.23810636997223,8.398867449115622,6.993316173553467,30.102510452270508,,,0.2499999962747097,0.2676335357079231,0.08156146854162216,0.7132409811019897,8.99999986588955,7.999999865889549,False,True
TD3 Soft Target Update,2027,test_0008,short,DDPG,3.35737734880321,335.73773488032094,0.02165220599999884,2,46.184670513482715,32.227924823760986,2.4337325398812566,30.16393280029297,36.2301139831543,,,0.25,0.03766502633053753,0.19177256524562836,0.2959185838699341,9.0,8.0,False,True
TD3 Soft Target Update,2027,test_0008,short,PPO,3.357649608584032,335.7649608584032,0.01957301099992037,2,51.09075961813276,32.15519380569458,1.660320196337898,30.1866512298584,34.47841262817383,,,0.25,0.021836465907098646,0.22857511043548584,0.2793497145175934,9.0,8.0,False,True
TD3 Soft Target Update,2027,test_0008,short,SAC,3.189606892792897,318.9606892792897,0.024695266999970045,2,40.4935893181966,33.571099281311035,1.2639928604175725,32.73503875732422,35.75566864013672,,,0.25,0.013707519339597048,0.2299247682094574,0.2678772509098053,9.0,8.0,False,True
TD3 Soft Target Update,2027,test_0008,short,MADDPG,3.2658380641205036,326.58380641205036,0.026361576999988756,8,37.93399765121892,32.7515926361084,1.5403613933753104,31.50827407836914,35.31673049926758,,,0.2500000111758709,0.011797983611811643,0.23593422770500183,0.2656639516353607,9.000000402331352,8.000000402331352,False,True
TD3 Soft Target Update,2027,test_0008,short,AB-QMIX,3.3134664082161116,331.3466408216112,0.014435929000001124,8,69.27160697450937,31.944612503051758,0.0,31.944612503051758,31.944612503051758,,,0.14798040688037872,0.0,0.14798040688037872,0.14798040688037872,5.327294647693634,4.327294647693634,False,True
TD3 Soft Target Update,2027,test_0008,short,ABPO,13.34190839138216,1334.190839138216,0.10538287700001092,180,9.489207625256771,10.347222222222221,6.299189150249204,5.0,18.75,,,0.25,0.03333333134651184,0.15000000596046448,0.3499999940395355,9.0,8.0,False,True
TD3 Soft Target Update,2027,test_0009,medium,PSO / Metaheuristic,8.185159737220044,818.5159737220044,0.03329313100005038,12,30.036225790794106,25.879889965057373,15.648192515480401,10.532797813415527,48.552181243896484,,,0.2499999962747097,0.16824052323473204,0.1211857944726944,0.5391438007354736,6.999999895691872,5.999999895691872,False,True
TD3 Soft Target Update,2027,test_0009,medium,DDPG,5.4814094381422915,548.1409438142291,0.019958042999974168,2,50.10511301139567,31.104254245758057,2.1400658551193423,29.272939682006836,34.7331657409668,,,0.2500000037252903,0.047783781697713495,0.21203535795211792,0.3319211006164551,7.000000104308128,6.000000104308128,False,True
TD3 Soft Target Update,2027,test_0009,medium,PPO,4.9145322157455675,491.4532215745568,0.01743763400008902,2,57.34722956078187,33.57724618911743,3.5045118804016626,28.211000442504883,36.7127571105957,,,0.2499999962747097,0.04756697191646201,0.21024033427238464,0.33111217617988586,6.999999895691872,5.999999895691872,False,True
TD3 Soft Target Update,2027,test_0009,medium,SAC,5.205804713157812,520.5804713157812,0.02239710699996067,2,44.64862359240218,32.330838680267334,2.3854210291109936,29.356243133544922,35.87076950073242,,,0.2499999962747097,0.012626402103456327,0.23591268062591553,0.26531317830085754,6.999999895691872,5.999999895691872,False,True
TD3 Soft Target Update,2027,test_0009,medium,MADDPG,5.157636243493934,515.7636243493934,0.023758864000001267,8,42.08955445007584,32.354251861572266,0.6852689321165182,31.657255172729492,33.36613082885742,,,0.2500000260770321,0.02758570759877546,0.21086904406547546,0.28695353865623474,7.0000007301568985,6.0000007301568985,False,True
TD3 Soft Target Update,2027,test_0009,medium,AB-QMIX,5.1959996774243296,519.5999677424329,0.012853557999960685,8,77.79946999912855,31.944612503051758,0.0,31.944612503051758,31.944612503051758,,,0.14798040688037872,0.0,0.14798040688037872,0.14798040688037872,4.143451392650604,3.1434513926506042,False,True
TD3 Soft Target Update,2027,test_0009,medium,ABPO,16.29609516735755,1629.609516735755,0.07336947599992527,140,13.629646203293294,12.857142857142858,4.392276384374586,5.0,18.75,,,0.25,0.046291002229468664,0.15000000596046448,0.3499999940395355,7.0,6.0,False,True
TD3 Soft Target Update,2028,test_0000,short,PSO / Metaheuristic,10.638444109395582,1063.8444109395582,0.041644802000064374,12,24.012600660184535,13.100042819976807,5.628535606533376,5.392341613769531,21.250539779663086,,,0.24999999441206455,0.15390464225959552,0.08360365778207779,0.45522934198379517,8.999999798834324,7.999999798834324,False,True
TD3 Soft Target Update,2028,test_0000,short,DDPG,6.13124706236002,613.1247062360021,0.02184556099996371,2,45.775890122559055,32.62986469268799,1.5821152102168239,30.15392303466797,34.13771057128906,,,0.2499999962747097,0.008292799922692082,0.2394607663154602,0.2622230052947998,8.99999986588955,7.999999865889549,False,True
TD3 Soft Target Update,2028,test_0000,short,PPO,6.280738242792144,628.0738242792144,0.021235915000033856,2,47.09003591314082,32.12323617935181,0.5706709272084823,31.1644344329834,32.668540954589844,,,0.25,0.025484386511808125,0.21043899655342102,0.2784217894077301,9.0,8.0,False,True
TD3 Soft Target Update,2028,test_0000,short,SAC,5.855450846630057,585.5450846630057,0.026746187000071586,2,37.38850700465541,33.582716941833496,1.130932985599599,32.184146881103516,34.94722366333008,,,0.25,0.01205714364579019,0.2300528883934021,0.2624433636665344,9.0,8.0,False,True
TD3 Soft Target Update,2028,test_0000,short,MADDPG,6.050501946750054,605.0501946750054,0.02623081900003399,8,38.1230948221138,32.886645793914795,0.9294827546077552,31.35850715637207,33.6546745300293,,,0.2500000074505806,0.004553635515067793,0.2434026598930359,0.2551266849040985,9.000000268220901,8.000000268220901,False,True
TD3 Soft Target Update,2028,test_0000,short,AB-QMIX,6.199637292955403,619.9637292955404,0.01471753099997386,8,67.94617928793737,31.944612503051758,0.0,31.944612503051758,31.944612503051758,,,0.14798040688037872,0.0,0.14798040688037872,0.14798040688037872,5.327294647693634,4.327294647693634,False,True
TD3 Soft Target Update,2028,test_0000,short,ABPO,12.797930554721521,1279.7930554721522,0.09498435499995139,180,10.528049593014678,15.694444444444445,4.708927363379079,5.0,18.75,,,0.25,0.05270462452803238,0.15000000596046448,0.3499999940395355,9.0,8.0,False,True
TD3 Soft Target Update,2028,test_0001,medium,PSO / Metaheuristic,13.40863131282716,1340.863131282716,0.03211323900006846,12,31.139804988150466,28.017251014709473,5.7294483203748205,18.995559692382812,34.2673225402832,,,0.24999999813735485,0.12355793158752311,0.12327411025762558,0.39552268385887146,5.999999955296516,4.999999955296516,False,True
TD3 Soft Target Update,2028,test_0001,medium,DDPG,11.609909350414748,1160.9909350414748,0.020170904999986305,2,49.576357629996224,31.710422039031982,1.1201730592709187,30.16961097717285,33.21149444580078,,,0.2499999962747097,0.03097021820959614,0.22595591843128204,0.3032233715057373,5.999999910593033,4.999999910593033,False,True
TD3 Soft Target Update,2028,test_0001,medium,PPO,10.944562731125822,1094.4562731125823,0.0175302359999705,2,57.044297635336044,32.996663093566895,2.2337912069295065,30.572513580322266,35.253257751464844,,,0.2499999962747097,0.06055780136458652,0.19704224169254303,0.34941476583480835,5.999999910593033,4.999999910593033,False,True
TD3 Soft Target Update,2028,test_0001,medium,SAC,11.52268041520916,1152.268041520916,0.022498590999930457,2,44.44722782876008,31.83846378326416,1.3863955250253217,30.238468170166016,33.9853630065918,,,0.2499999962747097,0.015761364524861057,0.22981637716293335,0.27359235286712646,5.999999910593033,4.999999910593033,False,True
TD3 Soft Target Update,2028,test_0001,medium,MADDPG,11.616866239733946,1161.6866239733947,0.023598332999995364,8,42.3758746009812,31.759733200073242,1.4792666389768245,29.219303131103516,32.79975128173828,,,0.2500000111758709,0.010774877778694285,0.2370547205209732,0.26529571413993835,6.0000002682209015,5.0000002682209015,False,True
TD3 Soft Target Update,2028,test_0001,medium,AB-QMIX,11.338812412624165,1133.8812412624166,0.012292354999999588,8,81.35137652630708,31.944612503051758,0.0,31.944612503051758,31.944612503051758,,,0.14798040688037872,0.0,0.14798040688037872,0.14798040688037872,3.5515297651290894,2.5515297651290894,False,True
TD3 Soft Target Update,2028,test_0001,medium,ABPO,18.50705466205434,1850.705466205434,0.06749413999989429,120,14.816101071908854,16.458333333333332,5.124322448437018,5.0,18.75,,,0.25,0.0288675117388434,0.15000000596046448,0.3499999940395355,6.0,5.0,False,True
TD3 Soft Target Update,2028,test_0002,long,PSO / Metaheuristic,11.707565334818602,1170.75653348186,0.04713953699990725,12,21.21361522922823,20.952046155929565,7.121034592387174,9.32979679107666,28.3607234954834,,,0.24999999813735485,0.14305093992007822,0.07840161770582199,0.3969671130180359,8.999999932944775,7.999999932944775,False,True
TD3 Soft Target Update,2028,test_0002,long,DDPG,7.995930087243788,799.5930087243788,0.023236620000034236,2,43.03551893513457,31.825046062469482,0.6013743223445026,30.786706924438477,32.24860763549805,,,0.25,0.033897532433311985,0.21129338443279266,0.29233118891716003,9.0,8.0,False,True
TD3 Soft Target Update,2028,test_0002,long,PPO,8.318868663975584,831.8868663975585,0.020401335000087784,2,49.01640015203403,31.386119842529297,2.906190093369509,27.850448608398438,35.848628997802734,,,0.2499999962747097,0.04773974771713562,0.21139226853847504,0.3298753499984741,8.99999986588955,7.999999865889549,False,True
TD3 Soft Target Update,2028,test_0002,long,SAC,7.7143760733267674,771.4376073326767,0.025615680999976576,2,39.03858734034494,32.57165861129761,1.4065171646953278,30.743940353393555,34.64820861816406,,,0.25,0.0157138942309646,0.22608335316181183,0.26623380184173584,9.0,8.0,False,True
TD3 Soft Target Update,2028,test_0002,long,MADDPG,7.62920610926683,762.920610926683,0.02694855300001109,8,37.10774378125566,32.74049663543701,1.3143823299444581,30.879135131835938,34.13724899291992,,,0.25,0.010616883233731235,0.23807989060878754,0.2653820514678955,9.0,8.0,False,True
TD3 Soft Target Update,2028,test_0002,long,AB-QMIX,7.869969446482037,786.9969446482037,0.01593415900003947,8,62.75825413801399,31.944612503051758,0.0,31.944612503051758,31.944612503051758,,,0.14798040688037872,0.0,0.14798040688037872,0.14798040688037872,5.327294647693634,4.327294647693634,False,True
TD3 Soft Target Update,2028,test_0002,long,ABPO,15.987234607617921,1598.7234607617922,0.11970652399998016,180,8.353763575994954,15.694444444444445,5.7164210075713,5.0,18.75,,,0.25,0.06666666269302368,0.15000000596046448,0.3499999940395355,9.0,8.0,False,True
TD3 Soft Target Update,2028,test_0003,very_long,PSO / Metaheuristic,9.387875362833304,938.7875362833305,0.04788616700000148,12,20.88285746487016,21.378045916557312,15.372321806074314,5.953126430511475,46.97926712036133,,,0.25000000186264515,0.14788098881935408,0.09160614013671875,0.4283512830734253,9.000000067055225,8.000000067055225,False,True
TD3 Soft Target Update,2028,test_0003,very_long,DDPG,5.762498997669919,576.2498997669918,0.02361609199999748,2,42.344008483711306,31.66524887084961,1.7791368737356918,29.080913543701172,34.01735305786133,,,0.25,0.027460711426549607,0.20479309558868408,0.2762153446674347,9.0,8.0,False,True
TD3 Soft Target Update,2028,test_0003,very_long,PPO,6.0333411462081115,603.3341146208111,0.021207870000012008,2,47.15230713878545,30.972142696380615,2.611018087965057,28.59175682067871,35.338478088378906,,,0.25,0.015816151049249633,0.22568747401237488,0.2700052261352539,9.0,8.0,False,True
TD3 Soft Target Update,2028,test_0003,very_long,SAC,5.494235228535977,549.4235228535977,0.0286051299999599,2,34.95876438951341,32.58929634094238,0.8229957737684579,31.82769012451172,33.92878723144531,,,0.25,0.02833645519797436,0.21804429590702057,0.2957732379436493,9.0,8.0,False,True
TD3 Soft Target Update,2028,test_0003,very_long,MADDPG,5.81066680620803,581.066680620803,0.02574507299993911,8,38.84238355052887,31.526257514953613,1.412105081549065,29.922880172729492,33.68962860107422,,,0.2499999962747097,0.010942420086415073,0.23833246529102325,0.2611621916294098,8.99999986588955,7.999999865889549,False,True
TD3 Soft Target Update,2028,test_0003,very_long,AB-QMIX,5.570340122088923,557.0340122088922,0.015019520999999258,8,66.58001942938456,31.944612503051758,0.0,31.944612503051758,31.944612503051758,,,0.14798040688037872,0.0,0.14798040688037872,0.14798040688037872,5.327294647693634,4.327294647693634,False,True
TD3 Soft Target Update,2028,test_0003,very_long,ABPO,17.269752075580143,1726.9752075580143,0.09494180000001506,180,10.532768496066446,11.11111111111111,6.014867125981245,5.0,18.75,,,0.25,0.03333333134651184,0.15000000596046448,0.3499999940395355,9.0,8.0,False,True
TD3 Soft Target Update,2028,test_0004,short,PSO / Metaheuristic,12.814952143506892,1281.4952143506891,0.024042513000040344,12,41.59298988414073,28.610783100128174,7.235714801012504,22.353940963745117,40.2121696472168,,,0.25000000186264515,0.08684295495873676,0.11383794993162155,0.33365827798843384,5.000000037252903,4.000000037252903,False,True
TD3 Soft Target Update,2028,test_0004,short,DDPG,11.246280501093954,1124.6280501093954,0.019015124000020478,2,52.58971753215614,31.68997097015381,0.6179941294621689,30.65172004699707,32.25365447998047,,,0.2499999925494194,0.03303357439759158,0.21330788731575012,0.2839928865432739,4.999999850988388,3.999999850988388,False,True
TD3 Soft Target Update,2028,test_0004,short,PPO,10.65116732626081,1065.116732626081,0.015300620000061826,2,65.35682867726662,32.67631912231445,1.6204831225409335,29.920379638671875,34.075782775878906,,,0.25,0.019254104696827513,0.22894126176834106,0.27847936749458313,5.0,4.0,False,True
TD3 Soft Target Update,2028,test_0004,short,SAC,11.560062566895018,1156.0062566895017,0.019975188999978855,2,50.0621045438448,30.879734992980957,0.3429899538352942,30.463592529296875,31.241661071777344,,,0.2499999962747097,0.02600964865884557,0.2249310463666916,0.2924324870109558,4.999999925494194,3.999999925494194,False,True
TD3 Soft Target Update,2028,test_0004,short,MADDPG,11.633655801488597,1163.3655801488596,0.02147696999998061,8,46.56150285635743,30.857303142547607,1.2108209969367405,29.784177780151367,32.89061737060547,,,0.2499999962747097,0.005726006284700736,0.2416566014289856,0.2577664256095886,4.999999925494194,3.999999925494194,False,True
TD3 Soft Target Update,2028,test_0004,short,AB-QMIX,10.895483315288118,1089.5483315288118,0.009882926999921438,8,101.18459845023132,31.944612503051758,0.0,31.944612503051758,31.944612503051758,,,0.14798040688037872,0.0,0.14798040688037872,0.14798040688037872,2.9596081376075745,1.9596081376075745,False,True
TD3 Soft Target Update,2028,test_0004,short,ABPO,15.9373181337624,1593.73181337624,0.05252310499997748,100,19.039239968780002,17.375,2.75,11.875,18.75,,,0.25,0.0707106739039699,0.15000000596046448,0.3499999940395355,5.0,4.0,False,True
TD3 Soft Target Update,2028,test_0005,medium,PSO / Metaheuristic,7.1778360455258445,717.7836045525844,0.032146080999950755,12,31.107991048785447,23.17418646812439,17.243856884191892,12.354615211486816,53.01505661010742,,,0.2499999925494194,0.25566472957649,0.059713393449783325,0.6879738569259644,5.999999821186066,4.999999821186066,False,True
TD3 Soft Target Update,2028,test_0005,medium,DDPG,3.3189234987795015,331.89234987795015,0.02059925399998974,2,48.54544732544674,30.36253023147583,3.5987784005918413,26.85637664794922,36.2486572265625,,,0.2500000037252903,0.03581777150766716,0.19205670058727264,0.2873538136482239,6.000000089406967,5.000000089406967,False,True
TD3 Soft Target Update,2028,test_0005,medium,PPO,3.277968942426392,327.7968942426392,0.01600425999993149,2,62.48336380465455,30.69496250152588,2.1093935164351376,27.99935531616211,33.86859130859375,,,0.25,0.02876771795599403,0.21332165598869324,0.28387582302093506,6.0,5.0,False,True
TD3 Soft Target Update,2028,test_0005,medium,SAC,3.0207951098493253,302.07951098493254,0.020737215000053766,2,48.222483105730795,32.8455171585083,1.3070176964141615,30.832313537597656,34.32526779174805,,,0.2499999962747097,0.0026206316089061993,0.24691465497016907,0.2540750503540039,5.999999910593033,4.999999910593033,False,True
TD3 Soft Target Update,2028,test_0005,medium,MADDPG,2.9297488896169384,292.9748889616938,0.022197355999992396,8,45.05041050836606,33.820297718048096,1.4350533928286773,31.48700523376465,35.24599075317383,,,0.2500000111758709,0.0069913911770837864,0.23792271316051483,0.2547774314880371,6.0000002682209015,5.0000002682209015,False,True
TD3 Soft Target Update,2028,test_0005,medium,AB-QMIX,3.0716898313481114,307.1689831348112,0.010820106999972268,8,92.42052781941648,31.944612503051758,0.0,31.944612503051758,31.944612503051758,,,0.14798040688037872,0.0,0.14798040688037872,0.14798040688037872,3.5515297651290894,2.5515297651290894,False,True
TD3 Soft Target Update,2028,test_0005,medium,ABPO,16.002293039050066,1600.2293039050066,0.060309535999977015,120,16.581125744366215,7.291666666666667,5.124322448437018,5.0,18.75,,,0.25,0.0288675117388434,0.15000000596046448,0.3499999940395355,6.0,5.0,False,True
TD3 Soft Target Update,2028,test_0006,long,PSO / Metaheuristic,6.48121721309995,648.1217213099951,0.05164937500001088,12,19.361318505786166,24.68957543373108,17.350170322410825,6.640681266784668,42.18241882324219,,,0.25,0.051447295325138774,0.16589882969856262,0.3056126832962036,10.0,9.0,False,True
TD3 Soft Target Update,2028,test_0006,long,DDPG,3.165921693801179,316.59216938011787,0.022521670000060112,2,44.40168069229906,32.97203016281128,1.1077433892551503,31.427507400512695,34.183597564697266,,,0.2499999962747097,0.018521066492641177,0.2291066199541092,0.2789657711982727,9.999999850988388,8.999999850988388,False,True
TD3 Soft Target Update,2028,test_0006,long,PPO,3.3370712331272188,333.7071233127219,0.02053814499993223,2,48.68988898477929,31.86703872680664,2.798061660424991,28.311582565307617,36.15568923950195,,,0.25,0.019305741735907697,0.22988691926002502,0.27134254574775696,10.0,9.0,False,True
TD3 Soft Target Update,2028,test_0006,long,SAC,3.123727320907794,312.3727320907794,0.033721763000016836,2,29.654440071816552,33.36550521850586,1.0910258559007073,31.75749969482422,34.58116149902344,,,0.25,0.018533134528439566,0.22586680948734283,0.2765953540802002,10.0,9.0,False,True
TD3 Soft Target Update,2028,test_0006,long,MADDPG,3.1702097899344333,317.0209789934433,0.026589025000021138,8,37.60950241685075,32.94038009643555,0.6970065783465936,32.00348663330078,33.969459533691406,,,0.2499999962747097,0.014690372242393801,0.2322828620672226,0.26730814576148987,9.999999850988388,8.999999850988388,False,True
TD3 Soft Target Update,2028,test_0006,long,AB-QMIX,3.238409090651092,323.8409090651092,0.014861886000062441,8,67.28621118448888,31.944612503051758,0.0,31.944612503051758,31.944612503051758,,,0.14798040688037872,0.0,0.14798040688037872,0.14798040688037872,5.919216275215149,4.919216275215149,False,True
TD3 Soft Target Update,2028,test_0006,long,ABPO,16.949064234599934,1694.9064234599934,0.11536136800009444,200,8.668413155426359,6.375,4.125,5.0,18.75,,,0.25,0.03162277471681942,0.15000000596046448,0.3499999940395355,10.0,9.0,False,True
TD3 Soft Target Update,2028,test_0007,very_long,PSO / Metaheuristic,8.469686805853579,846.9686805853579,0.05090012900006968,12,19.646315631118163,26.910762667655945,11.548175228429553,7.944858074188232,37.52198791503906,,,0.2500000037252903,0.1720258660897199,0.10510645061731339,0.5310482978820801,11.000000163912773,10.000000163912773,False,True
TD3 Soft Target Update,2028,test_0007,very_long,DDPG,6.546513878982339,654.6513878982339,0.02330319899999722,2,42.91256320645587,33.90129995346069,1.8743838816090714,31.018861770629883,36.2704963684082,,,0.25,0.029590794992541147,0.2092200368642807,0.2811993360519409,11.0,10.0,False,True
TD3 Soft Target Update,2028,test_0007,very_long,PPO,7.318304223515849,731.830422351585,0.02501044300004196,2,39.983298176618554,31.310478687286377,1.058783601757396,29.72144317626953,32.648189544677734,,,0.2499999962747097,0.02650163798935865,0.2108125537633896,0.28354039788246155,10.999999836087227,9.999999836087227,False,True
TD3 Soft Target Update,2028,test_0007,very_long,SAC,6.901237749142466,690.1237749142467,0.027601635999985774,2,36.22973652723032,32.87250232696533,1.887551847117917,29.93808364868164,34.78703689575195,,,0.25,0.02549770840357134,0.2165851891040802,0.28132736682891846,11.0,10.0,False,True
TD3 Soft Target Update,2028,test_0007,very_long,MADDPG,7.213866137386355,721.3866137386356,0.03757452100001046,8,26.613779055219933,31.70246982574463,1.3105331494669534,30.11140251159668,33.724491119384766,,,0.2500000074505806,0.017141839372348262,0.22287584841251373,0.2672816812992096,11.000000327825546,10.000000327825546,False,True
TD3 Soft Target Update,2028,test_0007,very_long,AB-QMIX,6.948141972732515,694.8141972732515,0.021085190999997394,8,47.42665124542261,31.944612503051758,0.0,31.944612503051758,31.944612503051758,,,0.14798040688037872,0.0,0.14798040688037872,0.14798040688037872,6.511137902736664,5.511137902736664,False,True
TD3 Soft Target Update,2028,test_0007,very_long,ABPO,17.648318334237537,1764.8318334237538,0.11744515399993816,220,8.514612701691604,10.625,6.4347688381168755,5.0,18.75,,,0.25,0.052223293673958296,0.15000000596046448,0.3499999940395355,11.0,10.0,False,True
TD3 Soft Target Update,2028,test_0008,short,PSO / Metaheuristic,8.502381971617913,850.2381971617913,0.028374052999993182,12,35.243466980210414,18.15836238861084,4.87894260067717,10.686105728149414,24.294931411743164,,,0.25,0.092413126446986,0.15292777121067047,0.349750816822052,6.0,5.0,False,True
TD3 Soft Target Update,2028,test_0008,short,DDPG,3.349011656956289,334.9011656956289,0.01908599300008973,2,52.394444449146484,31.816335201263428,1.059818285592527,30.664918899536133,32.90508270263672,,,0.25,0.013460723453035716,0.2267620861530304,0.2593242824077606,6.0,5.0,False,True
TD3 Soft Target Update,2028,test_0008,short,PPO,3.3921220430426984,339.21220430426985,0.01583898700005193,2,63.135350764333694,31.554198265075684,0.8362277568923826,30.429529190063477,32.371498107910156,,,0.25,0.02370444719200869,0.2223646491765976,0.2780131995677948,6.0,5.0,False,True
TD3 Soft Target Update,2028,test_0008,short,SAC,3.342746928190271,334.27469281902705,0.021096469999974943,2,47.40129509824097,31.863300800323486,0.9482944469225297,30.7884578704834,33.092926025390625,,,0.25,0.010419032756305827,0.23947519063949585,0.2617713510990143,6.0,5.0,False,True
TD3 Soft Target Update,2028,test_0008,short,MADDPG,3.184766218516066,318.4766218516066,0.02215287400008492,8,45.14086975785474,33.213069438934326,1.3431113694075663,31.386144638061523,35.178985595703125,,,0.2500000074505806,0.02497353822381838,0.21074452996253967,0.27955397963523865,6.000000178813934,5.000000178813934,False,True
TD3 Soft Target Update,2028,test_0008,short,AB-QMIX,3.2921292974549377,329.2129297454938,0.010850688999994418,8,92.16004624227222,31.944612503051758,0.0,31.944612503051758,31.944612503051758,,,0.14798040688037872,0.0,0.14798040688037872,0.14798040688037872,3.5515297651290894,2.5515297651290894,False,True
TD3 Soft Target Update,2028,test_0008,short,ABPO,17.801220570621357,1780.1220570621358,0.059765568999978314,120,16.73204182161075,6.145833333333333,2.5621612242185092,5.0,11.875,,,0.25,0.0288675117388434,0.15000000596046448,0.3499999940395355,6.0,5.0,False,True
TD3 Soft Target Update,2028,test_0009,medium,PSO / Metaheuristic,13.150017248143694,1315.0017248143695,0.03848363299994162,12,25.98507266716521,17.31867027282715,3.445447981418122,13.6731538772583,22.005544662475586,,,0.24999999068677425,0.19397770802652997,0.05653928220272064,0.510901927947998,7.999999701976776,6.999999701976776,False,True
TD3 Soft Target Update,2028,test_0009,medium,DDPG,5.531345213100894,553.1345213100894,0.023543445999962387,2,42.474665773294085,31.313566207885742,1.4937499409550974,29.03480339050293,33.228271484375,,,0.2499999962747097,0.02181093537149012,0.2331385612487793,0.28749269247055054,7.9999998807907104,6.9999998807907104,False,True
TD3 Soft Target Update,2028,test_0009,medium,PPO,5.141759200946655,514.1759200946656,0.01850426900000457,2,54.041583593480674,32.7973051071167,2.4620521196317795,29.188953399658203,35.8066291809082,,,0.2499999962747097,0.04344611794286026,0.1950148642063141,0.3020528256893158,7.9999998807907104,6.9999998807907104,False,True
TD3 Soft Target Update,2028,test_0009,medium,SAC,5.537815276898707,553.7815276898707,0.028647759000023143,2,34.906744363466345,31.276794910430908,1.0543720673130652,29.64198875427246,32.51002502441406,,,0.2500000037252903,0.011964717233871068,0.23693068325519562,0.26888272166252136,8.00000011920929,7.0000001192092896,False,True
TD3 Soft Target Update,2028,test_0009,medium,MADDPG,5.25103196726251,525.103196726251,0.02494788100000278,8,40.08356461215638,32.39136743545532,0.7866759503250146,31.41919708251953,33.37312316894531,,,0.2500000111758709,0.010843006926114146,0.23665300011634827,0.2668474614620209,8.000000357627869,7.000000357627869,False,True
TD3 Soft Target Update,2028,test_0009,medium,AB-QMIX,5.287119670913148,528.7119670913148,0.012898020999955406,8,77.5312739840831,31.944612503051758,0.0,31.944612503051758,31.944612503051758,,,0.14798040688037872,0.0,0.14798040688037872,0.14798040688037872,4.735373020172119,3.735373020172119,False,True
TD3 Soft Target Update,2028,test_0009,medium,ABPO,18.104987232475867,1810.4987232475867,0.07878269599996202,160,12.693142666766343,8.4375,4.861359120657514,5.0,18.75,,,0.25,0.0433012676082651,0.15000000596046448,0.3499999940395355,8.0,7.0,False,True
TD3 Gradient Clipping,2026,test_0000,short,PSO / Metaheuristic,11.249910538823015,1124.9910538823015,0.02055057100005797,12,48.66044841270732,21.754722356796265,10.711433781748273,12.282073020935059,39.92277908325195,,,0.25000000186264515,0.31321929110204433,0.05697359889745712,0.792351484298706,4.000000029802322,3.0000000298023224,False,True
TD3 Gradient Clipping,2026,test_0000,short,DDPG,7.001276413408073,700.1276413408074,0.017536606000021493,2,57.023576853969026,32.77168130874634,0.6826771090361776,31.69364356994629,33.425445556640625,,,0.25,0.018477646245315955,0.22789603471755981,0.2768807113170624,4.0,3.0,False,True
TD3 Gradient Clipping,2026,test_0000,short,PPO,6.981460389291528,698.1460389291528,0.013822959999970408,2,72.34340546468634,32.89409637451172,1.566588187366364,30.48590850830078,34.861602783203125,,,0.25,0.030840570453883574,0.20742566883563995,0.2946047782897949,4.0,3.0,False,True
TD3 Gradient Clipping,2026,test_0000,short,SAC,6.852526802064583,685.2526802064583,0.018974923000087074,2,52.701136125580646,33.13744926452637,0.47372164696218444,32.57971954345703,33.8907470703125,,,0.2499999925494194,0.02156916628519887,0.21527430415153503,0.27364033460617065,3.9999998807907104,2.9999998807907104,False,True
TD3 Gradient Clipping,2026,test_0000,short,MADDPG,6.87291314001107,687.291314001107,0.020698968000033346,8,48.31158732157028,33.04176950454712,1.2032430989079175,31.771760940551758,34.38284683227539,,,0.2500000037252903,0.013024529159492102,0.24109092354774475,0.2724260985851288,4.000000059604645,3.0000000596046448,False,True
TD3 Gradient Clipping,2026,test_0000,short,AB-QMIX,7.204699017704986,720.4699017704985,0.009227334000001974,8,108.37366459258828,31.944612503051758,0.0,31.944612503051758,31.944612503051758,,,0.14798040688037872,0.0,0.14798040688037872,0.14798040688037872,2.3676865100860596,1.3676865100860596,False,True
TD3 Gradient Clipping,2026,test_0000,short,ABPO,17.097034760878792,1709.7034760878792,0.05171629600010874,80,19.336264917307638,13.59375,5.700448858423344,5.0,18.75,,,0.25,0.03535533695198495,0.15000000596046448,0.3499999940395355,4.0,3.0,False,True
TD3 Gradient Clipping,2026,test_0001,medium,PSO / Metaheuristic,15.113972883767564,1511.3972883767565,0.02881295300005604,12,34.70661268208278,22.856554985046387,7.500563515849654,13.821353912353516,32.61389923095703,,,0.2500000037252903,0.06253120992415225,0.16167180240154266,0.3259107768535614,6.000000089406967,5.000000089406967,False,True
TD3 Gradient Clipping,2026,test_0001,medium,DDPG,11.012221396153523,1101.2221396153523,0.01901400700000977,2,52.59280697642986,32.89968538284302,1.696202668226259,30.346208572387695,34.94822692871094,,,0.2500000037252903,0.019223278104583432,0.21880455315113068,0.2687993347644806,6.000000089406967,5.000000089406967,False,True
TD3 Gradient Clipping,2026,test_0001,medium,PPO,11.885882830853909,1188.588283085391,0.015917464999915865,2,62.824074059863534,31.289999961853027,1.044076941337067,30.246517181396484,32.83586883544922,,,0.2500000037252903,0.02599796363738014,0.21751251816749573,0.2902255356311798,6.000000089406967,5.000000089406967,False,True
TD3 Gradient Clipping,2026,test_0001,medium,SAC,11.290624685440564,1129.0624685440564,0.02108390299997609,2,47.429548504427004,32.56705284118652,0.26369797351302204,32.174461364746094,32.88581848144531,,,0.2499999962747097,0.01741536931420587,0.229311004281044,0.2767108976840973,5.999999910593033,4.999999910593033,False,True
TD3 Gradient Clipping,2026,test_0001,medium,MADDPG,11.455178481381877,1145.5178481381877,0.02562446500007809,8,39.025205013917464,32.2457799911499,0.12795722985416605,32.047996520996094,32.36773681640625,,,0.2499999962747097,0.012571407697847464,0.24228529632091522,0.2717544734477997,5.999999910593033,4.999999910593033,False,True
TD3 Gradient Clipping,2026,test_0001,medium,AB-QMIX,11.374331914921525,1137.4331914921524,0.011198393999961809,8,89.29851905580483,31.944612503051758,0.0,31.944612503051758,31.944612503051758,,,0.14798040688037872,0.0,0.14798040688037872,0.14798040688037872,3.5515297651290894,2.5515297651290894,False,True
TD3 Gradient Clipping,2026,test_0001,medium,ABPO,17.841093114933752,1784.1093114933753,0.0637527640000144,120,15.685594431635533,16.458333333333332,5.124322448437018,5.0,18.75,,,0.25,0.0577350234776868,0.15000000596046448,0.3499999940395355,6.0,5.0,False,True
TD3 Gradient Clipping,2026,test_0002,long,PSO / Metaheuristic,11.913151634670527,1191.3151634670528,0.04974286799995298,12,20.10338446912521,21.569433212280273,5.197354087758632,16.941360473632812,30.27364730834961,,,0.2500000037252903,0.2097295755276432,0.07982498407363892,0.6052707433700562,9.00000013411045,8.00000013411045,False,True
TD3 Gradient Clipping,2026,test_0002,long,DDPG,8.925843593856642,892.5843593856642,0.021918292000009387,2,45.623992964395754,31.426815032958984,1.774934683011504,30.14859962463379,34.47909927368164,,,0.2499999962747097,0.037473862439276515,0.20357272028923035,0.30764225125312805,8.99999986588955,7.999999865889549,False,True
TD3 Gradient Clipping,2026,test_0002,long,PPO,9.096425177607593,909.6425177607592,0.019037109000009877,2,52.52898431161376,30.95875835418701,1.161165684705542,29.224224090576172,32.08687973022461,,,0.2499999962747097,0.016844858325671747,0.232430562376976,0.2778172791004181,8.99999986588955,7.999999865889549,False,True
TD3 Gradient Clipping,2026,test_0002,long,SAC,8.409142394745821,840.9142394745821,0.02428049699994972,2,41.185318406047074,32.647403717041016,1.4096919006401476,31.07476806640625,34.65427780151367,,,0.2499999962747097,0.015166933551075342,0.23305004835128784,0.2669702172279358,8.99999986588955,7.999999865889549,False,True
TD3 Gradient Clipping,2026,test_0002,long,MADDPG,8.699464576999091,869.946457699909,0.02528389100007189,8,39.550874507296236,31.44944190979004,1.2843328605499036,29.919540405273438,33.26068878173828,,,0.2500000037252903,0.01128244781646958,0.23738466203212738,0.2679986357688904,9.00000013411045,8.00000013411045,False,True
TD3 Gradient Clipping,2026,test_0002,long,AB-QMIX,8.374258922172293,837.4258922172294,0.013938951999989513,8,71.74140494929263,31.944612503051758,0.0,31.944612503051758,31.944612503051758,,,0.14798040688037872,0.0,0.14798040688037872,0.14798040688037872,5.327294647693634,4.327294647693634,False,True
TD3 Gradient Clipping,2026,test_0002,long,ABPO,15.609093069832378,1560.9093069832377,0.08738261700000294,180,11.44392368106767,17.22222222222222,4.321208107251123,5.0,18.75,,,0.25,0.06666666269302368,0.15000000596046448,0.3499999940395355,9.0,8.0,False,True
TD3 Gradient Clipping,2026,test_0003,very_long,PSO / Metaheuristic,10.827213825846563,1082.7213825846563,0.06986845300002642,12,14.312611157994608,19.957764863967896,11.007634947209674,10.3344144821167,38.67189407348633,,,0.2499999962747097,0.18308935062250076,0.10012304782867432,0.5619706511497498,12.999999806284904,11.999999806284904,False,True
TD3 Gradient Clipping,2026,test_0003,very_long,DDPG,5.364038112823719,536.403811282372,0.02530116499997348,2,39.523871726896694,33.30553722381592,1.5429913137117564,30.914714813232422,35.13077926635742,,,0.2500000037252903,0.026947408566800814,0.22262528538703918,0.2870365381240845,13.000000193715096,12.000000193715096,False,True
TD3 Gradient Clipping,2026,test_0003,very_long,PPO,6.059477786830442,605.9477786830442,0.02310580799996842,2,43.279161672310565,31.1807861328125,2.030269874912079,28.320837020874023,33.11222457885742,,,0.2500000037252903,0.024323639896635302,0.21531204879283905,0.2821301519870758,13.000000193715096,12.000000193715096,False,True
TD3 Gradient Clipping,2026,test_0003,very_long,SAC,5.296255143828417,529.6255143828417,0.0278385359999902,2,35.92142920160572,33.50305891036987,1.7712699698969918,31.703916549682617,36.12440490722656,,,0.25,0.023279872056665703,0.21710608899593353,0.2737906873226166,13.0,12.0,False,True
TD3 Gradient Clipping,2026,test_0003,very_long,MADDPG,5.238896916922925,523.8896916922924,0.02949776799994197,8,33.900870059116585,33.80687141418457,0.6120211735934491,33.08359146118164,34.73838806152344,,,0.2500000074505806,0.01504448657076144,0.2322661578655243,0.27138641476631165,13.000000387430191,12.000000387430191,False,True
TD3 Gradient Clipping,2026,test_0003,very_long,AB-QMIX,5.631799077459348,563.1799077459349,0.018381953000016438,8,54.401183595622605,31.944612503051758,0.0,31.944612503051758,31.944612503051758,,,0.14798040688037872,0.0,0.14798040688037872,0.14798040688037872,7.694981157779694,6.694981157779694,False,True
TD3 Gradient Clipping,2026,test_0003,very_long,ABPO,17.057111967914036,1705.7111967914036,0.12523904600004698,260,7.984730257364184,10.817307692307692,6.520053272371033,5.0,18.75,,,0.25,0.019611612344875146,0.15000000596046448,0.3499999940395355,13.0,12.0,False,True
TD3 Gradient Clipping,2026,test_0004,short,PSO / Metaheuristic,16.439137701110955,1643.9137701110953,0.033254212999963784,12,30.07137772290955,24.87014079093933,9.27678903995074,14.477938652038574,39.22614669799805,,,0.2500000037252903,0.10870884770420343,0.1145978718996048,0.405396431684494,7.000000104308128,6.000000104308128,False,True
TD3 Gradient Clipping,2026,test_0004,short,DDPG,14.07539480629781,1407.539480629781,0.020268122999937077,2,49.3385598658102,31.972293853759766,0.5214571155640648,31.32567596435547,32.5189094543457,,,0.2500000037252903,0.027105940465642558,0.2106030285358429,0.2782605290412903,7.000000104308128,6.000000104308128,False,True
TD3 Gradient Clipping,2026,test_0004,short,PPO,14.505118765644216,1450.5118765644218,0.01731573999995817,2,57.750924881201485,30.756065368652344,1.1697833319924562,28.995302200317383,32.24200439453125,,,0.2500000037252903,0.02553219517859517,0.22062422335147858,0.2888125479221344,7.000000104308128,6.000000104308128,False,True
TD3 Gradient Clipping,2026,test_0004,short,SAC,14.082820053748213,1408.2820053748212,0.021742069000083575,2,45.993782836222074,31.698724269866943,0.4021684566065188,31.11226463317871,32.127376556396484,,,0.2499999962747097,0.01892507917542335,0.21866147220134735,0.26741379499435425,6.999999895691872,5.999999895691872,False,True
TD3 Gradient Clipping,2026,test_0004,short,MADDPG,13.83058470432574,1383.058470432574,0.022980983000024935,8,43.51423957795517,32.153616428375244,1.2555289204198459,30.36590003967285,33.80929183959961,,,0.2499999962747097,0.013591220125773637,0.2394256889820099,0.273013174533844,6.999999895691872,5.999999895691872,False,True
TD3 Gradient Clipping,2026,test_0004,short,AB-QMIX,13.755282133942842,1375.5282133942842,0.016999994000002516,8,58.823550173009004,31.944612503051758,0.0,31.944612503051758,31.944612503051758,,,0.14798040688037872,0.0,0.14798040688037872,0.14798040688037872,4.143451392650604,3.1434513926506042,False,True
TD3 Gradient Clipping,2026,test_0004,short,ABPO,19.29538874226959,1929.538874226959,0.08533720999992056,140,11.718217645045238,15.803571428571429,3.4022426577245803,11.875,18.75,,,0.25,0.0707106739039699,0.15000000596046448,0.3499999940395355,7.0,6.0,False,True
TD3 Gradient Clipping,2026,test_0005,medium,PSO / Metaheuristic,6.478983767337182,647.8983767337181,0.04280188999996426,12,23.363454277389035,20.207140922546387,5.493586149489784,14.097164154052734,29.11992073059082,,,0.2500000009313226,0.2193314747093811,0.05862897261977196,0.608139157295227,8.000000029802322,7.000000029802322,False,True
TD3 Gradient Clipping,2026,test_0005,medium,DDPG,3.623360133864022,362.3360133864022,0.022180098999911024,2,45.08546152133999,30.550314903259277,1.6227499916892827,29.195938110351562,33.31829071044922,,,0.25,0.013690196637484567,0.22683390974998474,0.26242178678512573,8.0,7.0,False,True
TD3 Gradient Clipping,2026,test_0005,medium,PPO,3.1332034789660157,313.32034789660156,0.01844838300007723,2,54.205292680437836,34.82771635055542,1.9553166498896666,31.528867721557617,36.476768493652344,,,0.2500000037252903,0.03610782658344058,0.2215670645236969,0.3116818368434906,8.00000011920929,7.0000001192092896,False,True
TD3 Gradient Clipping,2026,test_0005,medium,SAC,3.476218483201473,347.62184832014725,0.02355314500005079,2,42.457175039589984,31.484498977661133,0.435946681998078,31.07060432434082,32.21786880493164,,,0.25,0.01124285269891254,0.23326519131660461,0.2649085521697998,8.0,7.0,False,True
TD3 Gradient Clipping,2026,test_0005,medium,MADDPG,3.389789479491551,338.9789479491551,0.026775302000032752,8,37.34785138926824,32.340128898620605,2.0959669205799445,29.202816009521484,35.1036262512207,,,0.2500000037252903,0.02802139287279388,0.2161683440208435,0.29392918944358826,8.00000011920929,7.0000001192092896,False,True
TD3 Gradient Clipping,2026,test_0005,medium,AB-QMIX,3.3767343931875193,337.67343931875195,0.013131186999999045,8,76.15457764786022,31.944612503051758,0.0,31.944612503051758,31.944612503051758,,,0.14798040688037872,0.0,0.14798040688037872,0.14798040688037872,4.735373020172119,3.735373020172119,False,True
TD3 Gradient Clipping,2026,test_0005,medium,ABPO,18.55801587552647,1855.8015875526469,0.0795849650000946,160,12.565187406928072,5.0,0.0,5.0,5.0,,,0.25,0.0559016961054938,0.15000000596046448,0.3499999940395355,8.0,7.0,False,True
TD3 Gradient Clipping,2026,test_0006,long,PSO / Metaheuristic,6.253961368001928,625.3961368001928,0.05703745300002083,12,17.532339671612522,20.36170983314514,9.421892287232101,5.799057960510254,30.20545196533203,,,0.2500000037252903,0.32881646995048663,0.050073761492967606,0.8192787170410156,12.000000178813934,11.000000178813934,False,True
TD3 Gradient Clipping,2026,test_0006,long,DDPG,3.7661076260840836,376.6107626084083,0.024624347999974816,2,40.610212298860574,28.387519359588623,1.5000958039990975,26.522640228271484,30.321504592895508,,,0.2500000074505806,0.03789653852676876,0.2122090607881546,0.2941620945930481,12.000000357627869,11.000000357627869,False,True
TD3 Gradient Clipping,2026,test_0006,long,PPO,3.337548673720797,333.7548673720797,0.022355106000077285,2,44.73250987924382,31.77574920654297,2.173809783368395,29.586088180541992,35.25457000732422,,,0.2500000074505806,0.019795775780776778,0.21769055724143982,0.27027052640914917,12.000000357627869,11.000000357627869,False,True
TD3 Gradient Clipping,2026,test_0006,long,SAC,3.2403521050088124,324.03521050088125,0.02729031000001214,2,36.64304289689473,32.35737943649292,0.9416616177276479,31.079179763793945,33.53189468383789,,,0.2499999962747097,0.012211054056593246,0.23730233311653137,0.2675388753414154,11.999999821186066,10.999999821186066,False,True
TD3 Gradient Clipping,2026,test_0006,long,MADDPG,3.29055340472792,329.055340472792,0.028721681999968496,8,34.81690243632308,31.832465648651123,0.8564554499174228,31.19057846069336,33.306884765625,,,0.2500000149011612,0.012186236164177156,0.23414380848407745,0.26480817794799805,12.000000715255737,11.000000715255737,False,True
TD3 Gradient Clipping,2026,test_0006,long,AB-QMIX,3.239353790410526,323.93537904105256,0.017237978000025578,8,58.01144426559288,31.944612503051758,0.0,31.944612503051758,31.944612503051758,,,0.14798040688037872,0.0,0.14798040688037872,0.14798040688037872,7.103059530258179,6.103059530258179,False,True
TD3 Gradient Clipping,2026,test_0006,long,ABPO,17.806882807796345,1780.6882807796344,0.11648118800007978,240,8.585077274446368,6.145833333333333,3.8002992389488957,5.0,18.75,,,0.25,0.03535533695198495,0.15000000596046448,0.3499999940395355,12.0,11.0,False,True
TD3 Gradient Clipping,2026,test_0007,very_long,PSO / Metaheuristic,13.22586959119353,1322.5869591193527,0.07829973100001553,12,12.7714359580597,21.90073847770691,9.659817181443143,10.798834800720215,35.39094161987305,,,0.24999999813735485,0.30749023562683986,0.05085552856326103,0.7809173464775085,16.99999987334013,15.99999987334013,False,True
TD3 Gradient Clipping,2026,test_0007,very_long,DDPG,9.801173659755083,980.1173659755083,0.028651280999952178,2,34.902453401705465,32.23959827423096,0.9078457869027496,31.325658798217773,33.740455627441406,,,0.2500000037252903,0.009507199084355232,0.2348501831293106,0.2611311078071594,17.00000025331974,16.00000025331974,False,True
TD3 Gradient Clipping,2026,test_0007,very_long,PPO,9.595072488558726,959.5072488558726,0.028055851999965853,2,35.64318773855868,33.05886650085449,2.7118652388518947,29.714630126953125,37.05516815185547,,,0.25,0.015931247238449592,0.2296365350484848,0.26934224367141724,17.0,16.0,False,True
TD3 Gradient Clipping,2026,test_0007,very_long,SAC,9.654122616634425,965.4122616634425,0.03280405999998948,2,30.48403154976307,32.753403663635254,0.5752386569240797,32.2645378112793,33.674015045166016,,,0.25,0.009087287361676162,0.24074319005012512,0.2644971013069153,17.0,16.0,False,True
TD3 Gradient Clipping,2026,test_0007,very_long,MADDPG,9.525481687175029,952.5481687175029,0.03399722599999677,8,29.41416455566389,33.144100189208984,1.96721210453061,29.999229431152344,34.84840393066406,,,0.2499999888241291,0.017896852850300706,0.23649483919143677,0.28080686926841736,16.99999924004078,15.99999924004078,False,True
TD3 Gradient Clipping,2026,test_0007,very_long,AB-QMIX,9.748190757705743,974.8190757705744,0.022068551999950614,8,45.3133490589794,31.944612503051758,0.0,31.944612503051758,31.944612503051758,,,0.14798040688037872,0.0,0.14798040688037872,0.14798040688037872,10.062667667865753,9.062667667865753,False,True
TD3 Gradient Clipping,2026,test_0007,very_long,ABPO,18.99184863346754,1899.1848633467541,0.1834513709999328,340,5.451035849714998,11.875,6.669729688499157,5.0,18.75,,,0.25,0.06642111245650009,0.15000000596046448,0.3499999940395355,17.0,16.0,False,True
TD3 Gradient Clipping,2026,test_0008,short,PSO / Metaheuristic,7.910703373336966,791.0703373336966,0.033679280999990624,12,29.69184526238189,25.44430708885193,18.430455217109298,8.106416702270508,51.968929290771484,,,0.25000000186264515,0.16839071672391528,0.0711720883846283,0.42404767870903015,7.000000052154064,6.000000052154064,False,True
TD3 Gradient Clipping,2026,test_0008,short,DDPG,3.903882007448801,390.38820074488007,0.03465840199999093,2,28.853032520087385,32.02577781677246,4.071386127146167,26.8435115814209,36.8191032409668,,,0.25,0.02555986165166757,0.2147214412689209,0.27507203817367554,7.0,6.0,False,True
TD3 Gradient Clipping,2026,test_0008,short,PPO,3.9251085392839573,392.51085392839576,0.03689518099997713,2,27.10381065756582,31.41662311553955,1.8969871508333944,29.45579719543457,34.55543899536133,,,0.2499999962747097,0.04428575226809114,0.1914072185754776,0.3005943298339844,6.999999895691872,5.999999895691872,False,True
TD3 Gradient Clipping,2026,test_0008,short,SAC,3.7721490285780135,377.2149028578014,0.08893098099997587,2,11.24467523865807,32.45384454727173,2.412066695523186,29.56874656677246,34.985313415527344,,,0.25,0.019353267412286854,0.21677979826927185,0.2648243308067322,7.0,6.0,False,True
TD3 Gradient Clipping,2026,test_0008,short,MADDPG,3.6630595491082762,366.3059549108276,0.09577217499997914,8,10.441446067192457,33.06199359893799,2.092098260429432,30.541515350341797,35.82772445678711,,,0.2500000149011612,0.031581907046724284,0.19972611963748932,0.2817084491252899,7.000000417232513,6.000000417232513,False,True
TD3 Gradient Clipping,2026,test_0008,short,AB-QMIX,3.759060307383342,375.90603073833427,0.03565011900002446,8,28.050397251109143,31.944612503051758,0.0,31.944612503051758,31.944612503051758,,,0.14798040688037872,0.0,0.14798040688037872,0.14798040688037872,4.143451392650604,3.1434513926506042,False,True
TD3 Gradient Clipping,2026,test_0008,short,ABPO,18.38283867935164,1838.283867935164,0.1171261559999266,140,8.537802606623808,5.982142857142857,2.405748854519193,5.0,11.875,,,0.25,0.0,0.25,0.25,7.0,6.0,False,True
TD3 Gradient Clipping,2026,test_0009,medium,PSO / Metaheuristic,11.2270218310301,1122.70218310301,0.07064696800000547,12,14.154889138340977,22.899211406707764,21.05546462791822,8.163626670837402,59.118064880371094,,,0.2500000009313226,0.32826585255712026,0.05341256782412529,0.8184293508529663,9.000000033527613,8.000000033527613,False,True
TD3 Gradient Clipping,2026,test_0009,medium,DDPG,7.468892597593211,746.8892597593211,0.035755615999960355,2,27.967634510928544,32.52108573913574,0.9812636283082956,31.263168334960938,33.990028381347656,,,0.2499999962747097,0.034127265747249044,0.22662915289402008,0.30892130732536316,8.99999986588955,7.999999865889549,False,True
TD3 Gradient Clipping,2026,test_0009,medium,PPO,8.322926856949966,832.2926856949966,0.03959372399992844,2,25.256528029588914,30.673936367034912,1.4668788994696011,29.68723487854004,33.20643615722656,,,0.25,0.030660262643666086,0.19856324791908264,0.27848026156425476,9.0,8.0,False,True
TD3 Gradient Clipping,2026,test_0009,medium,SAC,7.463144631064365,746.3144631064365,0.04739061899999797,2,21.10122258584643,32.58130121231079,0.925192645823434,31.41108512878418,33.98881149291992,,,0.25,0.020422142876908855,0.22922839224338531,0.282950758934021,9.0,8.0,False,True
TD3 Gradient Clipping,2026,test_0009,medium,MADDPG,7.797848903531498,779.7848903531498,0.03808197199998631,8,26.259144353143256,31.84102153778076,1.1485045678359602,30.023469924926758,33.18086242675781,,,0.2499999962747097,0.00912085174229048,0.2384435385465622,0.25928622484207153,8.99999986588955,7.999999865889549,False,True
TD3 Gradient Clipping,2026,test_0009,medium,AB-QMIX,7.591958719753298,759.1958719753297,0.015704219999975066,8,63.67715174657434,31.944612503051758,0.0,31.944612503051758,31.944612503051758,,,0.14798040688037872,0.0,0.14798040688037872,0.14798040688037872,5.327294647693634,4.327294647693634,False,True
TD3 Gradient Clipping,2026,test_0009,medium,ABPO,18.291664218340156,1829.1664218340156,0.16195872000002964,180,6.174412838035624,14.166666666666666,4.583333333333333,5.0,18.75,,,0.25,0.06666666269302368,0.15000000596046448,0.3499999940395355,9.0,8.0,False,True
TD3 Gradient Clipping,2027,test_0000,short,PSO / Metaheuristic,13.147798369315538,1314.7798369315537,0.09645110700000714,12,10.367947358032147,20.385088682174683,7.742629761087681,15.603784561157227,33.7867317199707,,,0.2500000074505806,0.2527093501033486,0.07861872017383575,0.6859134435653687,8.000000238418579,7.000000238418579,False,True
TD3 Gradient Clipping,2027,test_0000,short,DDPG,6.927016293092461,692.7016293092461,0.08144066499994551,2,12.27887812557362,32.09897708892822,3.069766844569556,29.083181381225586,36.311824798583984,,,0.25,0.0650768569592624,0.16726534068584442,0.33018362522125244,8.0,7.0,False,True
TD3 Gradient Clipping,2027,test_0000,short,PPO,6.65420774319156,665.4207743191561,0.061083605000021635,2,16.371004952959897,32.9447546005249,3.795021134949226,28.233156204223633,38.23515701293945,,,0.2500000037252903,0.024245766485898167,0.21005158126354218,0.27489155530929565,8.00000011920929,7.0000001192092896,False,True
TD3 Gradient Clipping,2027,test_0000,short,SAC,6.659914074999012,665.9914074999011,0.04421476300001359,2,22.616880248791396,32.66143083572388,0.9217330315387319,31.546098709106445,34.036556243896484,,,0.2500000037252903,0.02558436414120852,0.2204369157552719,0.2906988859176636,8.00000011920929,7.0000001192092896,False,True
TD3 Gradient Clipping,2027,test_0000,short,MADDPG,6.603197403363768,660.3197403363768,0.0402134760000763,8,24.867285782460154,32.79074954986572,0.5442881873938404,32.176361083984375,33.58177947998047,,,0.2500000037252903,0.007107082240916983,0.23810945451259613,0.2569265365600586,8.00000011920929,7.0000001192092896,False,True
TD3 Gradient Clipping,2027,test_0000,short,AB-QMIX,6.824407787469441,682.440778746944,0.05526687899998706,8,18.094019747346945,31.944612503051758,0.0,31.944612503051758,31.944612503051758,,,0.14798040688037872,0.0,0.14798040688037872,0.14798040688037872,4.735373020172119,3.735373020172119,False,True
TD3 Gradient Clipping,2027,test_0000,short,ABPO,18.409547163019916,1840.9547163019915,0.13757708100001764,160,7.2686525454037785,11.875,4.861359120657514,5.0,18.75,,,0.25,0.0,0.25,0.25,8.0,7.0,False,True
TD3 Gradient Clipping,2027,test_0001,medium,PSO / Metaheuristic,17.252184965062586,1725.2184965062586,0.05550031500001751,12,18.01791575416616,18.121963024139404,1.8375693597509817,15.549571990966797,20.637367248535156,,,0.24999999441206455,0.11591102664654833,0.0695926770567894,0.3887113928794861,6.9999998435378075,5.9999998435378075,False,True
TD3 Gradient Clipping,2027,test_0001,medium,DDPG,12.000113844076326,1200.0113844076325,0.0682583859999113,2,14.6502145538762,30.490452766418457,3.2410856634439766,25.898944854736328,35.0656852722168,,,0.25,0.0747217095794307,0.19097009301185608,0.3773658871650696,7.0,6.0,False,True
TD3 Gradient Clipping,2027,test_0001,medium,PPO,10.994927180883053,1099.4927180883053,0.12016199000004235,2,8.32209919292821,32.52987051010132,2.5936731358690497,29.48714256286621,36.5345458984375,,,0.25,0.015191838549367785,0.22389888763427734,0.26126015186309814,7.0,6.0,False,True
TD3 Gradient Clipping,2027,test_0001,medium,SAC,11.461334833992245,1146.1334833992246,0.10296378999998979,2,9.712152204188474,31.951676845550537,1.3253384804045674,30.199064254760742,33.83586883544922,,,0.25,0.009022127167827252,0.24062593281269073,0.26389843225479126,7.0,6.0,False,True
TD3 Gradient Clipping,2027,test_0001,medium,MADDPG,12.10654004209537,1210.654004209537,0.09731209999995372,8,10.276214365947046,30.836692333221436,0.6914906047822106,29.67290496826172,31.383434295654297,,,0.2500000037252903,0.004552106806541684,0.24466916918754578,0.25715550780296326,7.000000104308128,6.000000104308128,False,True
TD3 Gradient Clipping,2027,test_0001,medium,AB-QMIX,11.212930046614877,1121.2930046614879,0.033048870000015995,8,30.2582206290114,31.944612503051758,0.0,31.944612503051758,31.944612503051758,,,0.14798040688037872,0.0,0.14798040688037872,0.14798040688037872,4.143451392650604,3.1434513926506042,False,True
TD3 Gradient Clipping,2027,test_0001,medium,ABPO,17.859294679519433,1785.9294679519435,0.13006465400007983,140,7.688483913541847,16.785714285714285,4.8114977090383855,5.0,18.75,,,0.25,0.0,0.25,0.25,7.0,6.0,False,True
TD3 Gradient Clipping,2027,test_0002,long,PSO / Metaheuristic,11.948835544174537,1194.8835544174538,0.11782708500004446,12,8.487012981774289,23.433441996574402,12.561332612634237,7.143834590911865,42.22732162475586,,,0.2499999962747097,0.1536267771752689,0.07221701741218567,0.48199737071990967,14.999999776482582,13.999999776482582,False,True
TD3 Gradient Clipping,2027,test_0002,long,DDPG,7.028861681519335,702.8861681519336,0.04475958700004412,2,22.341582374274683,33.13392734527588,2.4412978651372215,31.2183837890625,37.22010040283203,,,0.2500000074505806,0.011180640592374566,0.23596978187561035,0.2610930800437927,15.000000447034836,14.000000447034836,False,True
TD3 Gradient Clipping,2027,test_0002,long,PPO,6.823030710378839,682.3030710378839,0.031902584000022216,2,31.345423304874103,33.89381790161133,0.5730083909239302,32.998069763183594,34.42934799194336,,,0.25,0.02670343876251605,0.22111876308918,0.29087597131729126,15.0,14.0,False,True
TD3 Gradient Clipping,2027,test_0002,long,SAC,7.005090501786559,700.5090501786559,0.043584007999925234,2,22.944195494863976,33.22330093383789,2.0892005643836775,30.12226104736328,35.943756103515625,,,0.2499999925494194,0.006849813217348001,0.2388988435268402,0.25596004724502563,14.999999552965164,13.999999552965164,False,True
TD3 Gradient Clipping,2027,test_0002,long,MADDPG,6.727319944613852,672.7319944613852,0.09976381399997081,8,10.023674515895038,34.02758598327637,1.4195352894236535,32.945770263671875,36.453147888183594,,,0.2500000223517418,0.013623410152268894,0.23013637959957123,0.2684493958950043,15.000001341104507,14.000001341104507,False,True
TD3 Gradient Clipping,2027,test_0002,long,AB-QMIX,7.477678115516392,747.7678115516392,0.04937729499999932,8,20.25222321311878,31.944612503051758,0.0,31.944612503051758,31.944612503051758,,,0.14798040688037872,0.0,0.14798040688037872,0.14798040688037872,8.878824412822723,7.878824412822723,False,True
TD3 Gradient Clipping,2027,test_0002,long,ABPO,18.653740783453834,1865.3740783453834,0.2668608239999912,300,3.7472716489852136,10.958333333333334,3.429852604542779,5.0,18.75,,,0.25,0.06055300347270935,0.15000000596046448,0.3499999940395355,15.0,14.0,False,True
TD3 Gradient Clipping,2027,test_0003,very_long,PSO / Metaheuristic,15.408017098660236,1540.8017098660234,0.14320263900003738,12,6.983111533298901,10.922828555107117,4.582251449017183,6.465893268585205,18.244951248168945,,,0.2500000037252903,0.1073376911614248,0.11078085005283356,0.4092760384082794,13.000000193715096,12.000000193715096,False,True
TD3 Gradient Clipping,2027,test_0003,very_long,DDPG,4.623323664149259,462.33236641492596,0.055965581999998903,2,17.86812473423433,32.00244855880737,1.174860345781349,30.605083465576172,33.24810028076172,,,0.25,0.027984094910814016,0.22206567227840424,0.2903374433517456,13.0,12.0,False,True
TD3 Gradient Clipping,2027,test_0003,very_long,PPO,4.395024284605416,439.5024284605416,0.02336371300009432,2,42.80141602475441,33.151793003082275,3.534988758022173,27.488759994506836,37.09138870239258,,,0.25,0.0520868710309046,0.1734769195318222,0.3197563886642456,13.0,12.0,False,True
TD3 Gradient Clipping,2027,test_0003,very_long,SAC,4.435686283653956,443.5686283653956,0.02823317800005043,2,35.41932119714663,32.914395332336426,0.9270866095077515,31.989025115966797,34.24169921875,,,0.2499999962747097,0.015315207440125603,0.23038771748542786,0.2732071876525879,12.999999806284904,11.999999806284904,False,True
TD3 Gradient Clipping,2027,test_0003,very_long,MADDPG,4.631404611238092,463.14046112380925,0.029286489000014626,8,34.14543819163508,31.929370880126953,0.47895225329097896,31.14569091796875,32.447113037109375,,,0.2499999888241291,0.012930661300980499,0.23621360957622528,0.27029141783714294,12.999999418854713,11.999999418854713,False,True
TD3 Gradient Clipping,2027,test_0003,very_long,AB-QMIX,4.550469133897971,455.04691338979706,0.01792339400003584,8,55.79300438287527,31.944612503051758,0.0,31.944612503051758,31.944612503051758,,,0.14798040688037872,0.0,0.14798040688037872,0.14798040688037872,7.694981157779694,6.694981157779694,False,True
TD3 Gradient Clipping,2027,test_0003,very_long,ABPO,18.0305914911781,1803.05914911781,0.13088851400004842,260,7.64008979427813,8.701923076923077,5.127353695344193,5.0,18.75,,,0.25,0.02773500815812605,0.15000000596046448,0.3499999940395355,13.0,12.0,False,True
TD3 Gradient Clipping,2027,test_0004,short,PSO / Metaheuristic,13.622759225965234,1362.2759225965235,0.02456837399995493,12,40.702734336502466,23.536657333374023,5.924083998231791,13.702445983886719,28.562788009643555,,,0.2500000046566129,0.32817809171174267,0.05053367465734482,0.8182671070098877,5.0000000931322575,4.0000000931322575,False,True
TD3 Gradient Clipping,2027,test_0004,short,DDPG,11.300599115005934,1130.0599115005934,0.018114129000082357,2,55.205524924519054,31.822118759155273,1.0104794851949468,30.36682891845703,33.176815032958984,,,0.25,0.03700140576198858,0.22071440517902374,0.31243327260017395,5.0,4.0,False,True
TD3 Gradient Clipping,2027,test_0004,short,PPO,11.619847241970362,1161.9847241970363,0.015142960000048333,2,66.03728729368684,31.871652126312256,3.197289627399447,29.29676055908203,37.1280403137207,,,0.2500000074505806,0.05692239451245056,0.1854454129934311,0.3229087293148041,5.000000149011612,4.000000149011612,False,True
TD3 Gradient Clipping,2027,test_0004,short,SAC,10.74841181773392,1074.841181773392,0.020335338999984742,2,49.175477232061404,33.081501960754395,0.3653998507016743,32.66127014160156,33.44578552246094,,,0.25,0.016751740081773433,0.22828930616378784,0.2727758288383484,5.0,4.0,False,True
TD3 Gradient Clipping,2027,test_0004,short,MADDPG,10.840147584044916,1084.0147584044917,0.021272500999998556,8,47.00904703213167,33.10505771636963,0.5243557431631053,32.23695373535156,33.631187438964844,,,0.2500000149011612,0.008369675836245883,0.23703154921531677,0.2598651945590973,5.000000298023224,4.000000298023224,False,True
TD3 Gradient Clipping,2027,test_0004,short,AB-QMIX,10.98138368094384,1098.1383680943838,0.010193671999900289,8,98.10007620509877,31.944612503051758,0.0,31.944612503051758,31.944612503051758,,,0.14798040688037872,0.0,0.14798040688037872,0.14798040688037872,2.9596081376075745,1.9596081376075745,False,True
TD3 Gradient Clipping,2027,test_0004,short,ABPO,15.216821167995846,1521.6821167995847,0.0511575159999893,100,19.547469818515214,17.375,2.75,11.875,18.75,,,0.25,0.0707106739039699,0.15000000596046448,0.3499999940395355,5.0,4.0,False,True
TD3 Gradient Clipping,2027,test_0005,medium,PSO / Metaheuristic,4.0434085673765745,404.3408567376574,0.03342738699996062,12,29.915589872495215,33.27222990989685,19.746027042714314,6.205183982849121,56.633785247802734,,,0.25000000186264515,0.13323119322320745,0.10715845972299576,0.46839675307273865,7.000000052154064,6.000000052154064,False,True
TD3 Gradient Clipping,2027,test_0005,medium,DDPG,3.2131950665625437,321.31950665625436,0.019800797000016246,2,50.50301763101655,32.055283546447754,1.3346956921028488,30.763551712036133,34.04197692871094,,,0.25,0.021796824031241568,0.23315195739269257,0.28746286034584045,7.0,6.0,False,True
TD3 Gradient Clipping,2027,test_0005,medium,PPO,3.515481644232665,351.5481644232665,0.01704585999993924,2,58.66527121562447,29.970317840576172,4.055034588339326,26.481449127197266,36.760250091552734,,,0.25,0.007605259488021161,0.24268130958080292,0.2627124786376953,7.0,6.0,False,True
TD3 Gradient Clipping,2027,test_0005,medium,SAC,3.118838528755606,311.88385287556065,0.022727273999976205,2,43.9999975360462,32.93484687805176,0.9317299800479515,32.01005935668945,34.106998443603516,,,0.25,0.011314207063858925,0.23658397793769836,0.2652233839035034,7.0,6.0,False,True
TD3 Gradient Clipping,2027,test_0005,medium,MADDPG,3.1299857442796104,312.99857442796105,0.024017369000034705,8,41.636533960008485,32.8024525642395,1.2079259490108765,31.664323806762695,34.827945709228516,,,0.2500000074505806,0.01580286139199865,0.23256340622901917,0.2686719000339508,7.000000208616257,6.000000208616257,False,True
TD3 Gradient Clipping,2027,test_0005,medium,AB-QMIX,3.1673585250704117,316.73585250704116,0.012098612999920988,8,82.6541025823812,31.944612503051758,0.0,31.944612503051758,31.944612503051758,,,0.14798040688037872,0.0,0.14798040688037872,0.14798040688037872,4.143451392650604,3.1434513926506042,False,True
TD3 Gradient Clipping,2027,test_0005,medium,ABPO,12.766601164564127,1276.6601164564129,0.06888973699994949,140,14.515950322189983,10.892857142857142,6.804485315449161,5.0,18.75,,,0.25,0.046291002229468664,0.15000000596046448,0.3499999940395355,7.0,6.0,False,True
TD3 Gradient Clipping,2027,test_0006,long,PSO / Metaheuristic,7.615923297235728,761.5923297235729,0.060426881000012145,12,16.548926296556644,21.459619283676147,10.396252131436944,10.769158363342285,38.58332061767578,,,0.2499999925494194,0.12185383115150313,0.12308770418167114,0.4279820919036865,12.999999612569809,11.999999612569809,False,True
TD3 Gradient Clipping,2027,test_0006,long,DDPG,3.5269334175286864,352.69334175286866,0.02547293300006004,2,39.2573560334667,31.915395259857178,2.395876648210798,29.384037017822266,35.62342071533203,,,0.25,0.02832466917607571,0.20336687564849854,0.27355051040649414,13.0,12.0,False,True
TD3 Gradient Clipping,2027,test_0006,long,PPO,3.5585157112442483,355.8515711244248,0.026135976000091432,2,38.26143703210095,31.702163219451904,1.8438475858237886,29.752513885498047,34.08203887939453,,,0.2499999962747097,0.024373534464057607,0.21154563128948212,0.2791118025779724,12.999999806284904,11.999999806284904,False,True
TD3 Gradient Clipping,2027,test_0006,long,SAC,3.4126848941520738,341.2684894152074,0.03205190500000299,2,31.199393608582913,32.657986640930176,2.1043321879826244,29.408687591552734,35.20901870727539,,,0.25,0.04271743552172011,0.2208327353000641,0.32377439737319946,13.0,12.0,False,True
TD3 Gradient Clipping,2027,test_0006,long,MADDPG,3.4437348688172804,344.37348688172807,0.03154569999992418,8,31.70004152713059,32.3672308921814,1.8199140278442212,29.83022117614746,34.18097686767578,,,0.2499999962747097,0.011291061780353776,0.23324407637119293,0.26457878947257996,12.999999806284904,11.999999806284904,False,True
TD3 Gradient Clipping,2027,test_0006,long,AB-QMIX,3.4429675560759496,344.29675560759495,0.02102574600007756,8,47.56073815389529,31.944612503051758,0.0,31.944612503051758,31.944612503051758,,,0.14798040688037872,0.0,0.14798040688037872,0.14798040688037872,7.694981157779694,6.694981157779694,False,True
TD3 Gradient Clipping,2027,test_0006,long,ABPO,17.37498706701595,1737.498706701595,0.14819533200000023,260,6.747850870228479,8.173076923076923,4.360977104018679,5.0,18.75,,,0.25,0.019611612344875146,0.15000000596046448,0.3499999940395355,13.0,12.0,False,True
TD3 Gradient Clipping,2027,test_0007,very_long,PSO / Metaheuristic,12.021799445041642,1202.1799445041643,0.05166471500001535,12,19.35556985071345,17.39667057991028,6.381861236683062,8.750160217285156,24.471975326538086,,,0.25000000186264515,0.10261726975712915,0.07629335671663284,0.33654704689979553,11.000000081956387,10.000000081956387,False,True
TD3 Gradient Clipping,2027,test_0007,very_long,DDPG,7.488879101604235,748.8879101604235,0.023681455999962964,2,42.22713333173281,32.03360605239868,0.6948019017002287,31.325292587280273,32.83541488647461,,,0.25,0.010936974142977559,0.23406976461410522,0.2649555504322052,11.0,10.0,False,True
TD3 Gradient Clipping,2027,test_0007,very_long,PPO,7.860549021578635,786.0549021578635,0.021745449000036388,2,45.98663380086227,31.47198247909546,2.000111169908942,29.46717071533203,33.980438232421875,,,0.2499999925494194,0.018354945684844696,0.2286394238471985,0.27611374855041504,10.999999672174454,9.999999672174454,False,True
TD3 Gradient Clipping,2027,test_0007,very_long,SAC,7.49033041937254,749.0330419372541,0.026590441000053033,2,37.60749962732869,32.134536266326904,0.3271299890152651,31.584230422973633,32.43931579589844,,,0.25,0.01888501343901588,0.2374517172574997,0.28265130519866943,11.0,10.0,False,True
TD3 Gradient Clipping,2027,test_0007,very_long,MADDPG,7.611772537006785,761.1772537006784,0.027474750999999742,8,36.397054153466556,31.697440147399902,0.9893384687934392,30.43800926208496,33.184791564941406,,,0.2500000037252903,0.012364653106930619,0.23727479577064514,0.26589637994766235,11.000000163912773,10.000000163912773,False,True
TD3 Gradient Clipping,2027,test_0007,very_long,AB-QMIX,7.402479947740525,740.2479947740525,0.01591416299993398,8,62.837109309748094,31.944612503051758,0.0,31.944612503051758,31.944612503051758,,,0.14798040688037872,0.0,0.14798040688037872,0.14798040688037872,6.511137902736664,5.511137902736664,False,True
TD3 Gradient Clipping,2027,test_0007,very_long,ABPO,15.667672285222443,1566.7672285222443,0.11163744199996017,220,8.957568196522782,13.75,5.929270612815711,5.0,18.75,,,0.25,0.052223293673958296,0.15000000596046448,0.3499999940395355,11.0,10.0,False,True
TD3 Gradient Clipping,2027,test_0008,short,PSO / Metaheuristic,6.832836036681638,683.2836036681638,0.042428081000025486,12,23.569296004676698,17.23810636997223,8.398867449115622,6.993316173553467,30.102510452270508,,,0.2499999962747097,0.2676335357079231,0.08156146854162216,0.7132409811019897,8.99999986588955,7.999999865889549,False,True
TD3 Gradient Clipping,2027,test_0008,short,DDPG,3.2725537596593024,327.2553759659302,0.021706644000005326,2,46.06884417507168,32.24050760269165,2.4385169386677013,30.173141479492188,36.25236129760742,,,0.2500000037252903,0.03764190094281739,0.19181311130523682,0.29582342505455017,9.00000013411045,8.00000013411045,False,True
TD3 Gradient Clipping,2027,test_0008,short,PPO,3.28456287465648,328.456287465648,0.019256471000062447,2,51.93059517482497,32.16614866256714,1.664179760338148,30.226421356201172,34.513580322265625,,,0.2500000037252903,0.021908931138367435,0.22862869501113892,0.2796967029571533,9.00000013411045,8.00000013411045,False,True
TD3 Gradient Clipping,2027,test_0008,short,SAC,3.1272917748101605,312.72917748101605,0.0241583960000753,2,41.393476619759156,33.5860652923584,1.2645866547999047,32.72704315185547,35.770652770996094,,,0.2499999962747097,0.013820953266313728,0.22992409765720367,0.2681276500225067,8.99999986588955,7.999999865889549,False,True
TD3 Gradient Clipping,2027,test_0008,short,MADDPG,3.200307916792789,320.03079167927893,0.02569674100004704,8,38.91544067779527,32.75622510910034,1.5426090420728245,31.51471519470215,35.32595443725586,,,0.2500000074505806,0.011890574627861316,0.23593232035636902,0.26582884788513184,9.000000268220901,8.000000268220901,False,True
TD3 Gradient Clipping,2027,test_0008,short,AB-QMIX,3.239474150654139,323.9474150654139,0.0139812959999972,8,71.52412766314369,31.944612503051758,0.0,31.944612503051758,31.944612503051758,,,0.14798040688037872,0.0,0.14798040688037872,0.14798040688037872,5.327294647693634,4.327294647693634,False,True
TD3 Gradient Clipping,2027,test_0008,short,ABPO,11.257396347591433,1125.7396347591434,0.08766840600003434,180,11.40661779569265,12.63888888888889,6.832429931249358,5.0,18.75,,,0.25,0.05270462452803238,0.15000000596046448,0.3499999940395355,9.0,8.0,False,True
TD3 Gradient Clipping,2027,test_0009,medium,PSO / Metaheuristic,8.13401193009873,813.4011930098729,0.03373761599993941,12,29.640505719248093,25.879889965057373,15.648192515480401,10.532797813415527,48.552181243896484,,,0.2499999962747097,0.16824052323473204,0.1211857944726944,0.5391438007354736,6.999999895691872,5.999999895691872,False,True
TD3 Gradient Clipping,2027,test_0009,medium,DDPG,5.432677969773127,543.2677969773126,0.019915470999990248,2,50.21221943485492,31.10652446746826,2.1411975888176293,29.255884170532227,34.73310470581055,,,0.25,0.04776830937539295,0.21204502880573273,0.33189302682876587,7.0,6.0,False,True
TD3 Gradient Clipping,2027,test_0009,medium,PPO,4.869064787344642,486.90647873446414,0.01737758699994174,2,57.54538878173089,33.58832550048828,3.515067091877623,28.205554962158203,36.753074645996094,,,0.2499999925494194,0.04788149737951217,0.2096482366323471,0.33158358931541443,6.999999791383743,5.999999791383743,False,True
TD3 Gradient Clipping,2027,test_0009,medium,SAC,5.156071796782707,515.6071796782707,0.022214605000044685,2,45.01543016398394,32.33308792114258,2.397250489970743,29.33917808532715,35.88687515258789,,,0.25,0.012622709541861088,0.23589158058166504,0.2652958035469055,7.0,6.0,False,True
TD3 Gradient Clipping,2027,test_0009,medium,MADDPG,5.108219870745765,510.82198707457655,0.026187979000042105,8,38.18545906113611,32.357348918914795,0.6892006700184427,31.657577514648438,33.37744903564453,,,0.25,0.027740350550645977,0.21066251397132874,0.28726065158843994,7.0,6.0,False,True
TD3 Gradient Clipping,2027,test_0009,medium,AB-QMIX,5.146584480523258,514.6584480523259,0.011844655999993847,8,84.42625940344062,31.944612503051758,0.0,31.944612503051758,31.944612503051758,,,0.14798040688037872,0.0,0.14798040688037872,0.14798040688037872,4.143451392650604,3.1434513926506042,False,True
TD3 Gradient Clipping,2027,test_0009,medium,ABPO,16.267697032983943,1626.7697032983942,0.07211047099997359,140,13.867611542855771,12.857142857142858,4.392276384374586,5.0,18.75,,,0.25,0.046291002229468664,0.15000000596046448,0.3499999940395355,7.0,6.0,False,True
TD3 Gradient Clipping,2028,test_0000,short,PSO / Metaheuristic,14.741896225077626,1474.1896225077626,0.01951869300000908,12,51.23293859888748,13.100042819976807,5.628535606533376,5.392341613769531,21.250539779663086,,,0.24999999441206455,0.15390464225959552,0.08360365778207779,0.45522934198379517,3.999999910593033,2.999999910593033,False,True
TD3 Gradient Clipping,2028,test_0000,short,DDPG,7.10565479359048,710.565479359048,0.017543551000017032,2,57.001002818587246,32.60839557647705,1.620536378149718,30.04330062866211,34.10627746582031,,,0.25,0.00834120075171705,0.23942169547080994,0.26236018538475037,4.0,3.0,False,True
TD3 Gradient Clipping,2028,test_0000,short,PPO,7.091324421376553,709.1324421376554,0.014163516000053278,2,70.60393760957649,32.674771785736084,2.2612297335538147,29.648906707763672,35.073604583740234,,,0.2499999962747097,0.03047134482134522,0.202413871884346,0.2872004210948944,3.9999999403953552,2.9999999403953552,False,True
TD3 Gradient Clipping,2028,test_0000,short,SAC,6.730080318477586,673.0080318477585,0.02003718999992543,2,49.90719756631152,33.556031227111816,1.1449317895250473,32.075687408447266,34.927547454833984,,,0.25,0.012150059877465145,0.22983482480049133,0.2623104453086853,4.0,3.0,False,True
TD3 Gradient Clipping,2028,test_0000,short,MADDPG,6.997022091877279,699.7022091877279,0.020688223999968613,8,48.33667694247303,32.8365592956543,0.960466830151254,31.245800018310547,33.61139678955078,,,0.25,0.0043588234558525315,0.24404320120811462,0.2551616132259369,4.0,3.0,False,True
TD3 Gradient Clipping,2028,test_0000,short,AB-QMIX,7.205435883011988,720.5435883011987,0.016839354000012463,8,59.384700861996244,31.944612503051758,0.0,31.944612503051758,31.944612503051758,,,0.14798040688037872,0.0,0.14798040688037872,0.14798040688037872,2.3676865100860596,1.3676865100860596,False,True
TD3 Gradient Clipping,2028,test_0000,short,ABPO,17.09820187395233,1709.8201873952332,0.05445000700001401,80,18.36547054988887,13.59375,5.700448858423344,5.0,18.75,,,0.25,0.03535533695198495,0.15000000596046448,0.3499999940395355,4.0,3.0,False,True
TD3 Gradient Clipping,2028,test_0001,medium,PSO / Metaheuristic,13.529653790327297,1352.9653790327295,0.02851743999997325,12,35.066261207209976,28.017251014709473,5.7294483203748205,18.995559692382812,34.2673225402832,,,0.24999999813735485,0.12355793158752311,0.12327411025762558,0.39552268385887146,5.999999955296516,4.999999955296516,False,True
TD3 Gradient Clipping,2028,test_0001,medium,DDPG,11.646292605148526,1164.6292605148526,0.01940385000000333,2,51.53616421482481,31.71226215362549,1.1183515697340711,30.154996871948242,33.209007263183594,,,0.2500000037252903,0.03056788585703705,0.22579310834407806,0.3024625778198242,6.000000089406967,5.000000089406967,False,True
TD3 Gradient Clipping,2028,test_0001,medium,PPO,11.05987278613121,1105.9872786131211,0.01613617400005296,2,61.97255929421174,33.016531467437744,2.2229429016501903,30.5837345123291,35.285980224609375,,,0.2500000037252903,0.06097992868018794,0.19741520285606384,0.3500918447971344,6.000000089406967,5.000000089406967,False,True
TD3 Gradient Clipping,2028,test_0001,medium,SAC,11.564060648188274,1156.4060648188274,0.021246066999992763,2,47.06753489953414,31.840577125549316,1.3834106535010708,30.22408103942871,33.98263931274414,,,0.25,0.015414377648316066,0.22986602783203125,0.272896409034729,6.0,5.0,False,True
TD3 Gradient Clipping,2028,test_0001,medium,MADDPG,11.694639009044984,1169.4639009044984,0.021990339000012682,8,45.47451496766027,31.762873649597168,1.4590261408394114,29.259971618652344,32.803062438964844,,,0.2499999925494194,0.010706193616575259,0.23709487915039062,0.2652992904186249,5.999999821186066,4.999999821186066,False,True
TD3 Gradient Clipping,2028,test_0001,medium,AB-QMIX,11.369373239510457,1136.9373239510458,0.010882647000016732,8,91.88940889091252,31.944612503051758,0.0,31.944612503051758,31.944612503051758,,,0.14798040688037872,0.0,0.14798040688037872,0.14798040688037872,3.5515297651290894,2.5515297651290894,False,True
TD3 Gradient Clipping,2028,test_0001,medium,ABPO,17.83218022974272,1783.2180229742717,0.059772283999905085,120,16.730162093213437,16.458333333333332,5.124322448437018,5.0,18.75,,,0.25,0.0577350234776868,0.15000000596046448,0.3499999940395355,6.0,5.0,False,True
TD3 Gradient Clipping,2028,test_0002,long,PSO / Metaheuristic,11.954046857051877,1195.4046857051876,0.04191856199997801,12,23.855780167280656,20.952046155929565,7.121034592387174,9.32979679107666,28.3607234954834,,,0.24999999813735485,0.14305093992007822,0.07840161770582199,0.3969671130180359,8.999999932944775,7.999999932944775,False,True
TD3 Gradient Clipping,2028,test_0002,long,DDPG,8.503926630717613,850.3926630717614,0.02168148900000233,2,46.12229353804494,31.83048152923584,0.6078948946205194,30.781089782714844,32.260799407958984,,,0.25,0.03409014849327697,0.21109259128570557,0.2926724851131439,9.0,8.0,False,True
TD3 Gradient Clipping,2028,test_0002,long,PPO,8.852692470561944,885.2692470561944,0.018975928000031672,2,52.698344976769036,31.39786958694458,2.9033966647040303,27.858503341674805,35.84904479980469,,,0.2500000037252903,0.04752893144938843,0.21166983246803284,0.32947784662246704,9.00000013411045,8.00000013411045,False,True
TD3 Gradient Clipping,2028,test_0002,long,SAC,8.202006178039301,820.2006178039302,0.02446633900001416,2,40.87248198430592,32.56781768798828,1.4145808496580052,30.717975616455078,34.64950180053711,,,0.25,0.015319319730154043,0.226748526096344,0.2658597230911255,9.0,8.0,False,True
TD3 Gradient Clipping,2028,test_0002,long,MADDPG,8.139803682235083,813.9803682235083,0.02527596300001278,8,39.56327994306268,32.74408578872681,1.3146186936238025,30.875795364379883,34.149227142333984,,,0.2499999962747097,0.010618745629619845,0.23819290101528168,0.2654986083507538,8.99999986588955,7.999999865889549,False,True
TD3 Gradient Clipping,2028,test_0002,long,AB-QMIX,8.368778717121868,836.8778717121868,0.014139698000008138,8,70.72286833844856,31.944612503051758,0.0,31.944612503051758,31.944612503051758,,,0.14798040688037872,0.0,0.14798040688037872,0.14798040688037872,5.327294647693634,4.327294647693634,False,True
TD3 Gradient Clipping,2028,test_0002,long,ABPO,15.609857664919616,1560.9857664919616,0.08938179200004015,180,11.187960966362711,17.22222222222222,4.321208107251123,5.0,18.75,,,0.25,0.06666666269302368,0.15000000596046448,0.3499999940395355,9.0,8.0,False,True
TD3 Gradient Clipping,2028,test_0003,very_long,PSO / Metaheuristic,8.837512255585844,883.7512255585845,0.0602588099999366,12,16.595083772830098,21.378045916557312,15.372321806074313,5.953126430511475,46.97926712036133,,,0.25000000186264515,0.14788098881935408,0.09160614013671875,0.4283512830734253,13.000000096857548,12.000000096857548,False,True
TD3 Gradient Clipping,2028,test_0003,very_long,DDPG,5.799560708962539,579.9560708962539,0.025342998999917654,2,39.458629186042636,31.666354656219482,1.73694172086993,29.190248489379883,33.985107421875,,,0.25,0.0264214207754013,0.20693564414978027,0.2752207815647125,13.0,12.0,False,True
TD3 Gradient Clipping,2028,test_0003,very_long,PPO,5.964147435448926,596.4147435448926,0.02334640899994156,2,42.83313977762076,31.469874382019043,2.3469131455811905,28.517412185668945,35.08601760864258,,,0.25,0.01874426397564664,0.22522014379501343,0.274532675743103,13.0,12.0,False,True
TD3 Gradient Clipping,2028,test_0003,very_long,SAC,5.574938519160076,557.4938519160077,0.028187471000023834,2,35.47675490288414,32.59079694747925,0.7640099725195639,31.938631057739258,33.82914733886719,,,0.25,0.027335366291326883,0.2203468233346939,0.2946590483188629,13.0,12.0,False,True
TD3 Gradient Clipping,2028,test_0003,very_long,MADDPG,5.903736647882614,590.3736647882614,0.030708093000043846,8,32.56470533675185,31.50250244140625,1.4482159331398585,29.77137565612793,33.67931365966797,,,0.2499999925494194,0.00979321852276758,0.23788079619407654,0.25968703627586365,12.999999612569809,11.999999612569809,False,True
TD3 Gradient Clipping,2028,test_0003,very_long,AB-QMIX,5.629070795318105,562.9070795318105,0.020731515000079526,8,48.235741574900054,31.944612503051758,0.0,31.944612503051758,31.944612503051758,,,0.14798040688037872,0.0,0.14798040688037872,0.14798040688037872,7.694981157779694,6.694981157779694,False,True
TD3 Gradient Clipping,2028,test_0003,very_long,ABPO,17.05244408873099,1705.244408873099,0.15781580800000938,260,6.336500840270327,10.817307692307692,6.520053272371033,5.0,18.75,,,0.25,0.019611612344875146,0.15000000596046448,0.3499999940395355,13.0,12.0,False,True
TD3 Gradient Clipping,2028,test_0004,short,PSO / Metaheuristic,15.042189045864907,1504.2189045864907,0.0362689279999131,12,27.571810228369472,24.36652398109436,10.849737175018172,11.41184139251709,38.02608871459961,,,0.25000000186264515,0.12360993660786912,0.09168223291635513,0.37454769015312195,7.000000052154064,6.000000052154064,False,True
TD3 Gradient Clipping,2028,test_0004,short,DDPG,14.035487519880888,1403.548751988089,0.020365608000020075,2,49.10238869367486,31.75586748123169,0.6030015645526462,30.749969482421875,32.31395721435547,,,0.2500000074505806,0.032957096900193696,0.21329815685749054,0.28309547901153564,7.000000208616257,6.000000208616257,False,True
TD3 Gradient Clipping,2028,test_0004,short,PPO,13.869469393225007,1386.9469393225006,0.016948635000062495,2,59.00180161979491,31.76434898376465,2.831856717157562,26.98650360107422,34.36616516113281,,,0.25,0.02542510633638927,0.2142811417579651,0.28416261076927185,7.0,6.0,False,True
TD3 Gradient Clipping,2028,test_0004,short,SAC,14.455557712881271,1445.5557712881273,0.02850887900001453,2,35.07679133926979,30.946328163146973,0.34176667692449636,30.54257583618164,31.342296600341797,,,0.2499999962747097,0.025387560159671883,0.2251252681016922,0.2910376787185669,6.999999895691872,5.999999895691872,False,True
TD3 Gradient Clipping,2028,test_0004,short,MADDPG,14.544908091085444,1454.4908091085445,0.03433195599995997,8,29.127382081031616,30.900890350341797,1.1723254179175122,29.818008422851562,32.85783386230469,,,0.2500000149011612,0.005741079788016862,0.2417118102312088,0.257869154214859,7.000000417232513,6.000000417232513,False,True
TD3 Gradient Clipping,2028,test_0004,short,AB-QMIX,13.675976480095741,1367.5976480095742,0.016037185999948633,8,62.35507900221417,31.944612503051758,0.0,31.944612503051758,31.944612503051758,,,0.14798040688037872,0.0,0.14798040688037872,0.14798040688037872,4.143451392650604,3.1434513926506042,False,True
TD3 Gradient Clipping,2028,test_0004,short,ABPO,19.27274588796275,1927.2745887962749,0.06995423900002606,140,14.295059374452311,15.803571428571429,3.4022426577245803,11.875,18.75,,,0.25,0.0707106739039699,0.15000000596046448,0.3499999940395355,7.0,6.0,False,True
TD3 Gradient Clipping,2028,test_0005,medium,PSO / Metaheuristic,8.175649157749355,817.5649157749355,0.03735055699996792,12,26.77336244278389,23.17418646812439,17.243856884191892,12.354615211486816,53.01505661010742,,,0.2499999925494194,0.25566472957649,0.059713393449783325,0.6879738569259644,7.999999761581421,6.999999761581421,False,True
TD3 Gradient Clipping,2028,test_0005,medium,DDPG,3.6822750149316668,368.2275014931667,0.020774723000045014,2,48.13541918213943,30.338613510131836,3.580406554071042,26.839975357055664,36.202789306640625,,,0.25,0.0358586988514342,0.19194716215133667,0.2878228425979614,8.0,7.0,False,True
TD3 Gradient Clipping,2028,test_0005,medium,PPO,3.6615470962726557,366.15470962726556,0.018435406999969928,2,54.24344577809599,30.24898386001587,2.0961461648668425,26.89675521850586,32.65989685058594,,,0.25,0.03286896060126256,0.2141473889350891,0.3036366403102875,8.0,7.0,False,True
TD3 Gradient Clipping,2028,test_0005,medium,SAC,3.3095463439078037,330.95463439078037,0.023733165000066947,2,42.13513031225204,32.821306228637695,1.2825191328864611,30.86263656616211,34.278743743896484,,,0.25,0.0030096985838507033,0.24601376056671143,0.2544820308685303,8.0,7.0,False,True
TD3 Gradient Clipping,2028,test_0005,medium,MADDPG,3.1998498598905263,319.98498598905263,0.025089424000043437,8,39.85743156153241,33.79598379135132,1.4486691194578856,31.448843002319336,35.28706741333008,,,0.25,0.006756956639593162,0.23843657970428467,0.25476405024528503,8.0,7.0,False,True
TD3 Gradient Clipping,2028,test_0005,medium,AB-QMIX,3.3762231857024743,337.6223185702474,0.013301778000027298,8,75.17791982379707,31.944612503051758,0.0,31.944612503051758,31.944612503051758,,,0.14798040688037872,0.0,0.14798040688037872,0.14798040688037872,4.735373020172119,3.735373020172119,False,True
TD3 Gradient Clipping,2028,test_0005,medium,ABPO,18.55418351338684,1855.4183513386838,0.07786169099995277,160,12.843286437236594,5.0,0.0,5.0,5.0,,,0.25,0.0559016961054938,0.15000000596046448,0.3499999940395355,8.0,7.0,False,True
TD3 Gradient Clipping,2028,test_0006,long,PSO / Metaheuristic,6.575184224666888,657.5184224666888,0.055691877000072054,12,17.955939965871615,24.68957543373108,17.350170322410825,6.640681266784668,42.18241882324219,,,0.25,0.051447295325138774,0.16589882969856262,0.3056126832962036,12.0,11.0,False,True
TD3 Gradient Clipping,2028,test_0006,long,DDPG,3.1657562096081757,316.57562096081756,0.024300037999978485,2,41.15219902128899,32.99785137176514,1.1216290738273755,31.634601593017578,34.232383728027344,,,0.2500000037252903,0.016797108571094302,0.22881639003753662,0.27449679374694824,12.000000178813934,11.000000178813934,False,True
TD3 Gradient Clipping,2028,test_0006,long,PPO,3.301198196504124,330.11981965041235,0.02203288500004419,2,45.3867026491535,32.093857765197754,3.25654781779133,26.836345672607422,35.76742172241211,,,0.2500000037252903,0.018864141989869018,0.22819463908672333,0.2760239243507385,12.000000178813934,11.000000178813934,False,True
TD3 Gradient Clipping,2028,test_0006,long,SAC,3.1280638248793715,312.8063824879371,0.033879290000072615,2,29.516557165095747,33.365602016448975,1.0529592312395004,31.902544021606445,34.490379333496094,,,0.25,0.015459560138584965,0.22821061313152313,0.26909512281417847,12.0,11.0,False,True
TD3 Gradient Clipping,2028,test_0006,long,MADDPG,3.163914641663492,316.3914641663492,0.029196906000038325,8,34.25020445655055,33.003746032714844,0.555910925142311,32.30348205566406,33.858917236328125,,,0.2500000111758709,0.014819942568540091,0.23297224938869476,0.266582727432251,12.000000536441803,11.000000536441803,False,True
TD3 Gradient Clipping,2028,test_0006,long,AB-QMIX,3.239146442816715,323.91464428167154,0.017268810999894413,8,57.907866384438066,31.944612503051758,0.0,31.944612503051758,31.944612503051758,,,0.14798040688037872,0.0,0.14798040688037872,0.14798040688037872,7.103059530258179,6.103059530258179,False,True
TD3 Gradient Clipping,2028,test_0006,long,ABPO,17.805661774334915,1780.5661774334915,0.11751488599998083,240,8.509560227120188,6.145833333333333,3.8002992389488957,5.0,18.75,,,0.25,0.03535533695198495,0.15000000596046448,0.3499999940395355,12.0,11.0,False,True
TD3 Gradient Clipping,2028,test_0007,very_long,PSO / Metaheuristic,11.321708013716275,1132.1708013716275,0.08640181999999186,12,11.573830273483756,26.910762667655945,11.548175228429553,7.944858074188232,37.52198791503906,,,0.2500000037252903,0.1720258660897199,0.10510645061731339,0.5310482978820801,17.00000025331974,16.00000025331974,False,True
TD3 Gradient Clipping,2028,test_0007,very_long,DDPG,9.230965433579394,923.0965433579394,0.028924697999968885,2,34.572530368375006,33.847944259643555,1.6055773714591504,31.3983154296875,35.899593353271484,,,0.2500000074505806,0.02842392170525635,0.21140874922275543,0.28144749999046326,17.00000050663948,16.00000050663948,False,True
TD3 Gradient Clipping,2028,test_0007,very_long,PPO,10.101128798977422,1010.1128798977421,0.028817865000064558,2,34.70069694607008,31.29076862335205,1.236507280261257,29.463762283325195,32.702857971191406,,,0.25,0.02797333065696215,0.22039397060871124,0.2860015332698822,17.0,16.0,False,True
TD3 Gradient Clipping,2028,test_0007,very_long,SAC,9.65825886185458,965.8258861854581,0.032870559000002686,2,30.4223606297635,32.79852342605591,1.6269927718102128,30.25581169128418,34.4063606262207,,,0.2499999962747097,0.024133471021039212,0.2187456637620926,0.2787860035896301,16.99999974668026,15.99999974668026,False,True
TD3 Gradient Clipping,2028,test_0007,very_long,MADDPG,9.923476414499069,992.3476414499069,0.034083019000036074,8,29.340123889815676,31.86626672744751,1.1409231988074438,30.479642868041992,33.61589050292969,,,0.2500000037252903,0.016390570712046235,0.22406408190727234,0.26419031620025635,17.00000025331974,16.00000025331974,False,True
TD3 Gradient Clipping,2028,test_0007,very_long,AB-QMIX,9.678448192650237,967.8448192650237,0.02243550499997582,8,44.57220820307266,31.944612503051758,0.0,31.944612503051758,31.944612503051758,,,0.14798040688037872,0.0,0.14798040688037872,0.14798040688037872,10.062667667865753,9.062667667865753,False,True
TD3 Gradient Clipping,2028,test_0007,very_long,ABPO,19.048204907851282,1904.8204907851282,0.1797076369999786,340,5.56459378518298,11.470588235294118,6.445262939544172,5.0,18.75,,,0.25,0.06642111245650009,0.15000000596046448,0.3499999940395355,17.0,16.0,False,True
TD3 Gradient Clipping,2028,test_0008,short,PSO / Metaheuristic,10.003837505651004,1000.3837505651004,0.03322494700000789,12,30.09786591983917,18.15836238861084,4.87894260067717,10.686105728149414,24.294931411743164,,,0.25,0.092413126446986,0.15292777121067047,0.349750816822052,7.0,6.0,False,True
TD3 Gradient Clipping,2028,test_0008,short,DDPG,3.819700952298432,381.9700952298432,0.020041408999986743,2,49.896691395333605,31.8422532081604,1.0329290799067028,30.707530975341797,32.95464324951172,,,0.25,0.013029267958711012,0.22748610377311707,0.2589525282382965,7.0,6.0,False,True
TD3 Gradient Clipping,2028,test_0008,short,PPO,3.889420042733771,388.9420042733771,0.017076782999993156,2,58.55903890096869,32.01027727127075,3.9305795254955247,27.215673446655273,37.693172454833984,,,0.2499999962747097,0.0392139711644606,0.20498250424861908,0.3127039074897766,6.999999895691872,5.999999895691872,False,True
TD3 Gradient Clipping,2028,test_0008,short,SAC,3.812790259939902,381.2790259939902,0.02243120600007842,2,44.58075058454298,31.890700817108154,0.8887014055122712,30.79511260986328,32.986759185791016,,,0.25,0.01212299101300447,0.2362574338912964,0.26331716775894165,7.0,6.0,False,True
TD3 Gradient Clipping,2028,test_0008,short,MADDPG,3.6165982358317734,361.65982358317734,0.023652815999980703,8,42.27826403421968,33.18858623504639,1.3027599002920995,31.382122039794922,35.06547546386719,,,0.2500000149011612,0.024771600666013846,0.21099263429641724,0.27939125895500183,7.000000417232513,6.000000417232513,False,True
TD3 Gradient Clipping,2028,test_0008,short,AB-QMIX,3.75838643148942,375.83864314894197,0.012226780999981202,8,81.78767575877391,31.944612503051758,0.0,31.944612503051758,31.944612503051758,,,0.14798040688037872,0.0,0.14798040688037872,0.14798040688037872,4.143451392650604,3.1434513926506042,False,True
TD3 Gradient Clipping,2028,test_0008,short,ABPO,18.38195361125064,1838.1953611250642,0.07058930200003033,140,14.166452587951222,5.982142857142857,2.405748854519193,5.0,11.875,,,0.25,0.0,0.25,0.25,7.0,6.0,False,True
TD3 Gradient Clipping,2028,test_0009,medium,PSO / Metaheuristic,15.887018895855196,1588.7018895855194,0.04223582300005546,12,23.676583737901517,17.31867027282715,3.445447981418122,13.6731538772583,22.005544662475586,,,0.24999999068677425,0.19397770802652997,0.05653928220272064,0.510901927947998,8.999999664723873,7.999999664723873,False,True
TD3 Gradient Clipping,2028,test_0009,medium,DDPG,7.927321876958966,792.7321876958966,0.021558271000003515,2,46.38590914827246,31.32614803314209,1.4462219198787944,29.157468795776367,33.230716705322266,,,0.2499999962747097,0.021696126379141513,0.2321694791316986,0.2870546281337738,8.99999986588955,7.999999865889549,False,True
TD3 Gradient Clipping,2028,test_0009,medium,PPO,7.199054831151636,719.9054831151635,0.019102753000083794,2,52.34847563571667,33.09441041946411,2.1244092732508,29.5328426361084,35.04548645019531,,,0.2500000037252903,0.04167817691784562,0.2073005884885788,0.29785269498825073,9.00000013411045,8.00000013411045,False,True
TD3 Gradient Clipping,2028,test_0009,medium,SAC,7.92635584588308,792.635584588308,0.024285690000056093,2,41.176511764651956,31.31046962738037,1.002879898079856,29.816070556640625,32.523563385009766,,,0.2499999962747097,0.01169071256640523,0.23900265991687775,0.2683216631412506,8.99999986588955,7.999999865889549,False,True
TD3 Gradient Clipping,2028,test_0009,medium,MADDPG,7.517465886931948,751.7465886931948,0.02557678699997723,8,39.09795237380247,32.40710258483887,0.8136845035476739,31.433120727539062,33.37077331542969,,,0.25,0.009598758462729092,0.2383071482181549,0.2648676037788391,9.0,8.0,False,True
TD3 Gradient Clipping,2028,test_0009,medium,AB-QMIX,7.577931700890807,757.7931700890807,0.014229578000026777,8,70.27615295394693,31.944612503051758,0.0,31.944612503051758,31.944612503051758,,,0.14798040688037872,0.0,0.14798040688037872,0.14798040688037872,5.327294647693634,4.327294647693634,False,True
TD3 Gradient Clipping,2028,test_0009,medium,ABPO,18.284010759211853,1828.4010759211853,0.08822605800003203,180,11.33451978552229,14.166666666666666,4.583333333333333,5.0,18.75,,,0.25,0.06666666269302368,0.15000000596046448,0.3499999940395355,9.0,8.0,False,True
TD3 Adaptive Exploration Decay,2026,test_0000,short,PSO / Metaheuristic,11.249612599615393,1124.9612599615393,0.02207889199996771,12,45.29212788401984,21.754722356796265,10.711433781748273,12.282073020935059,39.92277908325195,,,0.25000000186264515,0.31321929110204433,0.05697359889745712,0.792351484298706,4.000000029802322,3.0000000298023224,False,True
TD3 Adaptive Exploration Decay,2026,test_0000,short,DDPG,7.001050940736386,700.1050940736386,0.017548588000067866,2,56.98464172707985,32.771695613861084,0.6826816906297575,31.69365119934082,33.42546081542969,,,0.25,0.018477583810820476,0.22789599001407623,0.27688056230545044,4.0,3.0,False,True
TD3 Adaptive Exploration Decay,2026,test_0000,short,PPO,6.9812338942985335,698.1233894298533,0.01574908499992489,2,63.49575229321381,32.89411401748657,1.56660677684523,30.485898971557617,34.86165237426758,,,0.25,0.03084097697796454,0.2074248194694519,0.2946051061153412,4.0,3.0,False,True
TD3 Adaptive Exploration Decay,2026,test_0000,short,SAC,6.852307301462055,685.2307301462056,0.02092181000000437,2,47.79701182640465,33.13746356964111,0.473724615105942,32.5797233581543,33.89076232910156,,,0.25,0.021569204196095496,0.21527427434921265,0.27364036440849304,4.0,3.0,False,True
TD3 Adaptive Exploration Decay,2026,test_0000,short,MADDPG,6.872698279881588,687.2698279881588,0.019962224999972022,8,50.09461620642997,33.04176998138428,1.2032436750459317,31.771757125854492,34.38286209106445,,,0.25,0.013024549100743495,0.2410910576581955,0.27242615818977356,4.0,3.0,False,True
TD3 Adaptive Exploration Decay,2026,test_0000,short,AB-QMIX,7.204467165972095,720.4467165972095,0.008973900999990292,8,111.4342580780735,31.944612503051758,0.0,31.944612503051758,31.944612503051758,,,0.14798040688037872,0.0,0.14798040688037872,0.14798040688037872,2.3676865100860596,1.3676865100860596,False,True
TD3 Adaptive Exploration Decay,2026,test_0000,short,ABPO,17.096738016350244,1709.6738016350243,0.04238221000002795,80,23.594805461993143,13.59375,5.700448858423344,5.0,18.75,,,0.25,0.03535533695198495,0.15000000596046448,0.3499999940395355,4.0,3.0,False,True
TD3 Adaptive Exploration Decay,2026,test_0001,medium,PSO / Metaheuristic,15.11321712199347,1511.321712199347,0.03467295399991599,12,28.840923101112843,22.856554985046387,7.500563515849654,13.821353912353516,32.61389923095703,,,0.2500000037252903,0.06253120992415225,0.16167180240154266,0.3259107768535614,6.000000089406967,5.000000089406967,False,True
TD3 Adaptive Exploration Decay,2026,test_0001,medium,DDPG,11.01157359379186,1101.1573593791861,0.023660522000000128,2,42.26449441817026,32.89968538284302,1.6962117220108262,30.346193313598633,34.9482421875,,,0.2499999925494194,0.019223264105508807,0.21880444884300232,0.26879894733428955,5.999999821186066,4.999999821186066,False,True
TD3 Adaptive Exploration Decay,2026,test_0001,medium,PPO,11.885184454278694,1188.5184454278692,0.020292283999992833,2,49.27981492868685,31.290037155151367,1.0440833056210492,30.246540069580078,32.83591842651367,,,0.2500000037252903,0.025998151479835335,0.21751220524311066,0.2902257740497589,6.000000089406967,5.000000089406967,False,True
TD3 Adaptive Exploration Decay,2026,test_0001,medium,SAC,11.289982192284674,1128.9982192284674,0.0226159879999841,2,44.216507366412785,32.56705284118652,0.2636862478613299,32.174476623535156,32.88580322265625,,,0.2500000037252903,0.017415470200064165,0.22931089997291565,0.2767111659049988,6.000000089406967,5.000000089406967,False,True
TD3 Adaptive Exploration Decay,2026,test_0001,medium,MADDPG,11.454525176964625,1145.4525176964623,0.023119910999980675,8,43.25276165642834,32.245781898498535,0.12795721870913143,32.048004150390625,32.36773681640625,,,0.2500000260770321,0.012571693700349731,0.24228541553020477,0.27175500988960266,6.00000062584877,5.00000062584877,False,True
TD3 Adaptive Exploration Decay,2026,test_0001,medium,AB-QMIX,11.373686815658045,1137.3686815658045,0.01233849499999451,8,81.04716174869341,31.944612503051758,0.0,31.944612503051758,31.944612503051758,,,0.14798040688037872,0.0,0.14798040688037872,0.14798040688037872,3.5515297651290894,2.5515297651290894,False,True
TD3 Adaptive Exploration Decay,2026,test_0001,medium,ABPO,17.840326983081766,1784.0326983081766,0.08881595399998332,120,11.259238402147746,16.458333333333332,5.124322448437018,5.0,18.75,,,0.25,0.0577350234776868,0.15000000596046448,0.3499999940395355,6.0,5.0,False,True
TD3 Adaptive Exploration Decay,2026,test_0002,long,PSO / Metaheuristic,11.913384024486408,1191.3384024486409,0.04741815299996688,12,21.08896987195386,21.569433212280273,5.197354087758632,16.941360473632812,30.27364730834961,,,0.2500000037252903,0.2097295755276432,0.07982498407363892,0.6052707433700562,9.00000013411045,8.00000013411045,False,True
TD3 Adaptive Exploration Decay,2026,test_0002,long,DDPG,8.926746548148419,892.6746548148419,0.023144396000020606,2,43.20700354414562,31.426819801330566,1.7749525614175654,30.14858627319336,34.47913360595703,,,0.25,0.03747376772246757,0.20357291400432587,0.3076421618461609,9.0,8.0,False,True
TD3 Adaptive Exploration Decay,2026,test_0002,long,PPO,9.097284753799196,909.7284753799195,0.020953795999957947,2,47.724049618599274,30.958757400512695,1.1611849675805501,29.224205017089844,32.08693313598633,,,0.25,0.016844759460075,0.2324303835630417,0.2778170108795166,9.0,8.0,False,True
TD3 Adaptive Exploration Decay,2026,test_0002,long,SAC,8.409996645988791,840.9996645988791,0.02661826700000347,2,37.56818578759728,32.647408962249756,1.409705091319287,31.074758529663086,34.65431594848633,,,0.2499999925494194,0.015166841734585487,0.23305003345012665,0.26697012782096863,8.999999731779099,7.9999997317790985,False,True
TD3 Adaptive Exploration Decay,2026,test_0002,long,MADDPG,8.700263815109103,870.0263815109104,0.027733158000046387,8,36.05792026996447,31.44944429397583,1.2843415499208592,29.919540405273438,33.260711669921875,,,0.25,0.011282459453453615,0.23738476634025574,0.26799869537353516,9.0,8.0,False,True
TD3 Adaptive Exploration Decay,2026,test_0002,long,AB-QMIX,8.375057846674414,837.5057846674414,0.016063560000020516,8,62.25270114462316,31.944612503051758,0.0,31.944612503051758,31.944612503051758,,,0.14798040688037872,0.0,0.14798040688037872,0.14798040688037872,5.327294647693634,4.327294647693634,False,True
TD3 Adaptive Exploration Decay,2026,test_0002,long,ABPO,15.609140926673895,1560.9140926673895,0.09907215200007613,180,10.093653764573839,17.22222222222222,4.321208107251123,5.0,18.75,,,0.25,0.06666666269302368,0.15000000596046448,0.3499999940395355,9.0,8.0,False,True
TD3 Adaptive Exploration Decay,2026,test_0003,very_long,PSO / Metaheuristic,10.82705752408484,1082.705752408484,0.06814292000001387,12,14.675038874174989,19.957764863967896,11.007634947209674,10.3344144821167,38.67189407348633,,,0.2499999962747097,0.18308935062250076,0.10012304782867432,0.5619706511497498,12.999999806284904,11.999999806284904,False,True
TD3 Adaptive Exploration Decay,2026,test_0003,very_long,DDPG,5.363860598020793,536.3860598020792,0.02730934700002763,2,36.617499495648445,33.305527687072754,1.543006125157077,30.914691925048828,35.13080978393555,,,0.2500000037252903,0.026947495652351116,0.222624734044075,0.28703656792640686,13.000000193715096,12.000000193715096,False,True
TD3 Adaptive Exploration Decay,2026,test_0003,very_long,PPO,6.059260811493504,605.9260811493504,0.025821276999977272,2,38.72775153610258,31.18077850341797,2.030288713188028,28.320812225341797,33.11220932006836,,,0.2499999962747097,0.02432347221358449,0.21531249582767487,0.28213033080101013,12.999999806284904,11.999999806284904,False,True
TD3 Adaptive Exploration Decay,2026,test_0003,very_long,SAC,5.2960809354404,529.60809354404,0.03160580300004767,2,31.63975931883432,33.503052711486816,1.7712891091548446,31.703895568847656,36.12443923950195,,,0.2499999962747097,0.023280068514126867,0.21710555255413055,0.2737906575202942,12.999999806284904,11.999999806284904,False,True
TD3 Adaptive Exploration Decay,2026,test_0003,very_long,MADDPG,5.23872088104991,523.872088104991,0.03230716400003075,8,30.952887105753017,33.80686283111572,0.6120177900353485,33.083587646484375,34.738380432128906,,,0.2500000111758709,0.015044476943035743,0.23226632177829742,0.2713865339756012,13.000000581145287,12.000000581145287,False,True
TD3 Adaptive Exploration Decay,2026,test_0003,very_long,AB-QMIX,5.631603765117704,563.1603765117704,0.020859338999912325,8,47.94015764373949,31.944612503051758,0.0,31.944612503051758,31.944612503051758,,,0.14798040688037872,0.0,0.14798040688037872,0.14798040688037872,7.694981157779694,6.694981157779694,False,True
TD3 Adaptive Exploration Decay,2026,test_0003,very_long,ABPO,17.056998641841076,1705.6998641841076,0.1544822230000591,260,6.473236729637283,10.817307692307692,6.520053272371033,5.0,18.75,,,0.25,0.019611612344875146,0.15000000596046448,0.3499999940395355,13.0,12.0,False,True
TD3 Adaptive Exploration Decay,2026,test_0004,short,PSO / Metaheuristic,16.437477923516713,1643.7477923516713,0.03859227999998893,12,25.911918134929753,24.87014079093933,9.27678903995074,14.477938652038574,39.22614669799805,,,0.2500000037252903,0.10870884770420343,0.1145978718996048,0.405396431684494,7.000000104308128,6.000000104308128,False,True
TD3 Adaptive Exploration Decay,2026,test_0004,short,DDPG,14.072665129686158,1407.2665129686159,0.022007112999972378,2,45.43985392364983,31.972217559814453,0.5214122529758958,31.325695037841797,32.518699645996094,,,0.2500000037252903,0.027106432153638716,0.21060174703598022,0.27825844287872314,7.000000104308128,6.000000104308128,False,True
TD3 Adaptive Exploration Decay,2026,test_0004,short,PPO,14.50240264062549,1450.2402640625492,0.01767852800003311,2,56.56579552314124,30.756099224090576,1.1698939302736144,28.995159149169922,32.24219512939453,,,0.2499999962747097,0.025533820167557352,0.22061996161937714,0.28881311416625977,6.999999895691872,5.999999895691872,False,True
TD3 Adaptive Exploration Decay,2026,test_0004,short,SAC,14.080101402313288,1408.0101402313287,0.023340142000051856,2,42.844640790864865,31.69864797592163,0.40210374661401793,31.11225128173828,32.12727737426758,,,0.25,0.018925997001915735,0.2186601459980011,0.26741674542427063,7.0,6.0,False,True
TD3 Adaptive Exploration Decay,2026,test_0004,short,MADDPG,13.827820164165164,1382.7820164165164,0.024389895000012984,8,41.00058651336825,32.1536340713501,1.255450864243313,30.36604881286621,33.809234619140625,,,0.25,0.01359110556454521,0.2394254505634308,0.27301284670829773,7.0,6.0,False,True
TD3 Adaptive Exploration Decay,2026,test_0004,short,AB-QMIX,13.752564865905859,1375.2564865905858,0.012609655999995084,8,79.30430457423977,31.944612503051758,0.0,31.944612503051758,31.944612503051758,,,0.14798040688037872,0.0,0.14798040688037872,0.14798040688037872,4.143451392650604,3.1434513926506042,False,True
TD3 Adaptive Exploration Decay,2026,test_0004,short,ABPO,19.294966309125535,1929.4966309125537,0.06933876900006908,140,14.421946256343313,15.803571428571429,3.4022426577245803,11.875,18.75,,,0.25,0.0707106739039699,0.15000000596046448,0.3499999940395355,7.0,6.0,False,True
TD3 Adaptive Exploration Decay,2026,test_0005,medium,PSO / Metaheuristic,6.4789803449949055,647.8980344994904,0.055812434000017674,12,17.91715444625983,20.207140922546387,5.493586149489784,14.097164154052734,29.11992073059082,,,0.2500000009313226,0.2193314747093811,0.05862897261977196,0.608139157295227,8.000000029802322,7.000000029802322,False,True
TD3 Adaptive Exploration Decay,2026,test_0005,medium,DDPG,3.623350698344642,362.3350698344642,0.021206213000027674,2,47.155991501108424,30.550312042236328,1.622747463675668,29.195913314819336,33.31827926635742,,,0.2499999925494194,0.013690194098141093,0.22683390974998474,0.26242178678512573,7.999999761581421,6.999999761581421,False,True
TD3 Adaptive Exploration Decay,2026,test_0005,medium,PPO,3.133194291819633,313.31942918196324,0.01878279699997165,2,53.24020698309785,34.82772350311279,1.9553005615741759,31.528900146484375,36.476749420166016,,,0.25,0.03610767427916529,0.22156721353530884,0.3116815686225891,8.0,7.0,False,True
TD3 Adaptive Exploration Decay,2026,test_0005,medium,SAC,3.476209737785126,347.6209737785126,0.029506523999998535,2,33.89081004594271,31.484495639801025,0.4359407404290835,31.070613861083984,32.217857360839844,,,0.2499999925494194,0.011242852690328764,0.23326519131660461,0.2649085521697998,7.999999761581421,6.999999761581421,False,True
TD3 Adaptive Exploration Decay,2026,test_0005,medium,MADDPG,3.389779994181354,338.9779994181354,0.024992364000013367,8,40.01222133286252,32.34012842178345,2.0959644633826544,29.20282554626465,35.10363006591797,,,0.2500000111758709,0.0280216354858558,0.21616819500923157,0.2939296364784241,8.000000357627869,7.000000357627869,False,True
TD3 Adaptive Exploration Decay,2026,test_0005,medium,AB-QMIX,3.3767251219377297,337.67251219377295,0.013337846000013087,8,74.97462483814994,31.944612503051758,0.0,31.944612503051758,31.944612503051758,,,0.14798040688037872,0.0,0.14798040688037872,0.14798040688037872,4.735373020172119,3.735373020172119,False,True
TD3 Adaptive Exploration Decay,2026,test_0005,medium,ABPO,18.558057606270026,1855.8057606270027,0.07912838499998998,160,12.637690002141793,5.0,0.0,5.0,5.0,,,0.25,0.0559016961054938,0.15000000596046448,0.3499999940395355,8.0,7.0,False,True
TD3 Adaptive Exploration Decay,2026,test_0006,long,PSO / Metaheuristic,6.253960355577224,625.3960355577224,0.056652195999959076,12,17.651566410606968,20.36170983314514,9.421892287232101,5.799057960510254,30.20545196533203,,,0.2500000037252903,0.32881646995048663,0.050073761492967606,0.8192787170410156,12.000000178813934,11.000000178813934,False,True
TD3 Adaptive Exploration Decay,2026,test_0006,long,DDPG,3.7661029504665993,376.6102950466599,0.024398882000014055,2,40.98548449881531,28.38752031326294,1.5000951821589499,26.522640228271484,30.321504592895508,,,0.25,0.03789654599172747,0.21220901608467102,0.2941620945930481,12.0,11.0,False,True
TD3 Adaptive Exploration Decay,2026,test_0006,long,PPO,3.337544337121091,333.75443371210906,0.022235861000012846,2,44.9723984153086,31.77575159072876,2.173808566626421,29.586091995239258,35.25457000732422,,,0.25,0.01979578058978138,0.21769052743911743,0.2702704668045044,12.0,11.0,False,True
TD3 Adaptive Exploration Decay,2026,test_0006,long,SAC,3.240347840917506,324.0347840917506,0.027211496000063562,2,36.749173951982065,32.357380390167236,0.941661149745087,31.079179763793945,33.53189468383789,,,0.2500000037252903,0.012211076485951534,0.2373022884130478,0.2675389051437378,12.000000178813934,11.000000178813934,False,True
TD3 Adaptive Exploration Decay,2026,test_0006,long,MADDPG,3.2905492090334527,329.0549209033453,0.028547050000042873,8,35.029889252952515,31.832464694976807,0.8564559447155673,31.19057846069336,33.306884765625,,,0.2500000037252903,0.012186250705746434,0.23414376378059387,0.26480817794799805,12.000000178813934,11.000000178813934,False,True
TD3 Adaptive Exploration Decay,2026,test_0006,long,AB-QMIX,3.239349551724692,323.9349551724692,0.017455075000043507,8,57.289928573638754,31.944612503051758,0.0,31.944612503051758,31.944612503051758,,,0.14798040688037872,0.0,0.14798040688037872,0.14798040688037872,7.103059530258179,6.103059530258179,False,True
TD3 Adaptive Exploration Decay,2026,test_0006,long,ABPO,17.80696319433794,1780.696319433794,0.11947495200001867,240,8.369955235469304,6.145833333333333,3.8002992389488957,5.0,18.75,,,0.25,0.03535533695198495,0.15000000596046448,0.3499999940395355,12.0,11.0,False,True
TD3 Adaptive Exploration Decay,2026,test_0007,very_long,PSO / Metaheuristic,13.225834912151676,1322.5834912151674,0.0848997570000165,12,11.778596727901183,21.90073847770691,9.659817181443143,10.798834800720215,35.39094161987305,,,0.24999999813735485,0.30749023562683986,0.05085552856326103,0.7809173464775085,16.99999987334013,15.99999987334013,False,True
TD3 Adaptive Exploration Decay,2026,test_0007,very_long,DDPG,9.801106536503843,980.1106536503843,0.02936566200003199,2,34.05337839817508,32.23959922790527,0.9078542091928739,31.325653076171875,33.74047088623047,,,0.25,0.009507218803895566,0.23485016822814941,0.2611311674118042,17.0,16.0,False,True
TD3 Adaptive Exploration Decay,2026,test_0007,very_long,PPO,9.594988970865726,959.4988970865727,0.028077911000082167,2,35.615185189420735,33.05886697769165,2.7118781091722286,29.714614868164062,37.05519485473633,,,0.25,0.015931215880425734,0.2296367734670639,0.26934245228767395,17.0,16.0,False,True
TD3 Adaptive Exploration Decay,2026,test_0007,very_long,SAC,9.65406260727285,965.406260727285,0.03304405900007623,2,30.262626029014566,32.753403663635254,0.5752422301900989,32.264530181884766,33.674015045166016,,,0.2500000037252903,0.0090872530208758,0.24074317514896393,0.2644970417022705,17.00000025331974,16.00000025331974,False,True
TD3 Adaptive Exploration Decay,2026,test_0007,very_long,MADDPG,9.525431450907439,952.5431450907439,0.033620380000002115,8,29.74386369219911,33.14409828186035,1.9672169876923167,29.999221801757812,34.848411560058594,,,0.2500000111758709,0.017896833962653114,0.23649495840072632,0.28080686926841736,17.00000075995922,16.00000075995922,False,True
TD3 Adaptive Exploration Decay,2026,test_0007,very_long,AB-QMIX,9.748128443126468,974.8128443126469,0.02193173300008766,8,45.5960320142509,31.944612503051758,0.0,31.944612503051758,31.944612503051758,,,0.14798040688037872,0.0,0.14798040688037872,0.14798040688037872,10.062667667865753,9.062667667865753,False,True
TD3 Adaptive Exploration Decay,2026,test_0007,very_long,ABPO,18.991862701374515,1899.1862701374514,0.1599828209999714,340,6.250671126746657,11.875,6.669729688499157,5.0,18.75,,,0.25,0.06642111245650009,0.15000000596046448,0.3499999940395355,17.0,16.0,False,True
TD3 Adaptive Exploration Decay,2026,test_0008,short,PSO / Metaheuristic,7.910594231597712,791.0594231597712,0.03353527000001577,12,29.81935138734621,25.44430708885193,18.430455217109298,8.106416702270508,51.968929290771484,,,0.25000000186264515,0.16839071672391528,0.0711720883846283,0.42404767870903015,7.000000052154064,6.000000052154064,False,True
TD3 Adaptive Exploration Decay,2026,test_0008,short,DDPG,3.9038378491868886,390.38378491868883,0.019994570999983807,2,50.01357618529599,32.025765895843506,4.07140091800686,26.843482971191406,36.819114685058594,,,0.2500000037252903,0.025559933894816728,0.2147212028503418,0.2750721573829651,7.000000104308128,6.000000104308128,False,True
TD3 Adaptive Exploration Decay,2026,test_0008,short,PPO,3.9250603771550905,392.5060377155091,0.017672680999908152,2,56.58451029615694,31.416618824005127,1.897008412519528,29.455717086791992,34.555450439453125,,,0.2500000037252903,0.04428599905267818,0.1914069652557373,0.3005945682525635,7.000000104308128,6.000000104308128,False,True
TD3 Adaptive Exploration Decay,2026,test_0008,short,SAC,3.7721053232996806,377.21053232996803,0.022680078000007597,2,44.09155912072547,32.45383358001709,2.4120819511095815,29.56871795654297,34.985328674316406,,,0.2499999962747097,0.019353416374560662,0.21677954494953156,0.2648245394229889,6.999999895691872,5.999999895691872,False,True
TD3 Adaptive Exploration Decay,2026,test_0008,short,MADDPG,3.6630154896711113,366.3015489671111,0.023546579000026213,8,42.46901428861011,33.06199550628662,2.0921021909628856,30.541521072387695,35.82774353027344,,,0.2500000074505806,0.03158204691142272,0.19972597062587738,0.28170856833457947,7.000000208616257,6.000000208616257,False,True
TD3 Adaptive Exploration Decay,2026,test_0008,short,AB-QMIX,3.759012512720108,375.9012512720108,0.012107801999945877,8,82.59137372782195,31.944612503051758,0.0,31.944612503051758,31.944612503051758,,,0.14798040688037872,0.0,0.14798040688037872,0.14798040688037872,4.143451392650604,3.1434513926506042,False,True
TD3 Adaptive Exploration Decay,2026,test_0008,short,ABPO,18.382711327522696,1838.2711327522695,0.0697411229999716,140,14.338742437520073,5.982142857142857,2.405748854519193,5.0,11.875,,,0.25,0.0,0.25,0.25,7.0,6.0,False,True
TD3 Adaptive Exploration Decay,2026,test_0009,medium,PSO / Metaheuristic,11.22684437364194,1122.6844373641939,0.042207610999980716,12,23.69240940929959,22.899211406707764,21.05546462791822,8.163626670837402,59.118064880371094,,,0.2500000009313226,0.32826585255712026,0.05341256782412529,0.8184293508529663,9.000000033527613,8.000000033527613,False,True
TD3 Adaptive Exploration Decay,2026,test_0009,medium,DDPG,7.468655173206595,746.8655173206595,0.021739840999998705,2,45.99849649314636,32.52107381820679,0.9812630420922414,31.263166427612305,33.990013122558594,,,0.25,0.03412752682393078,0.22662922739982605,0.30892178416252136,9.0,8.0,False,True
TD3 Adaptive Exploration Decay,2026,test_0009,medium,PPO,8.322672541795699,832.2672541795698,0.019211907999988398,2,52.05105083787638,30.6739182472229,1.4669120108208171,29.687129974365234,33.20647048950195,,,0.2499999962747097,0.03066013419305924,0.19856341183185577,0.27848020195961,8.99999986588955,7.999999865889549,False,True
TD3 Adaptive Exploration Decay,2026,test_0009,medium,SAC,7.462905998857484,746.2905998857484,0.024276295000049686,2,41.19244719995178,32.5812873840332,0.9252162977269605,31.411033630371094,33.98883056640625,,,0.25,0.020422296849558347,0.22922849655151367,0.28295114636421204,9.0,8.0,False,True
TD3 Adaptive Exploration Decay,2026,test_0009,medium,MADDPG,7.797601030342441,779.760103034244,0.02511998800002857,8,39.8089362144147,31.84100580215454,1.1485164010125468,30.023427963256836,33.18085479736328,,,0.2500000223517418,0.009121016188198345,0.23844340443611145,0.259286493062973,9.000000804662704,8.000000804662704,False,True
TD3 Adaptive Exploration Decay,2026,test_0009,medium,AB-QMIX,7.591712734562701,759.1712734562701,0.014125051000064559,8,70.79620455851305,31.944612503051758,0.0,31.944612503051758,31.944612503051758,,,0.14798040688037872,0.0,0.14798040688037872,0.14798040688037872,5.327294647693634,4.327294647693634,False,True
TD3 Adaptive Exploration Decay,2026,test_0009,medium,ABPO,18.291568028711577,1829.1568028711577,0.08970214799990117,180,11.14800506227679,14.166666666666666,4.583333333333333,5.0,18.75,,,0.25,0.06666666269302368,0.15000000596046448,0.3499999940395355,9.0,8.0,False,True
TD3 Adaptive Exploration Decay,2027,test_0000,short,PSO / Metaheuristic,11.330247709321773,1133.0247709321773,0.028491365999911977,12,35.09835225180461,20.385088682174683,7.742629761087682,15.603784561157227,33.7867317199707,,,0.2500000074505806,0.25270935010334866,0.07861872017383575,0.6859134435653687,6.000000178813934,5.000000178813934,False,True
TD3 Adaptive Exploration Decay,2027,test_0000,short,DDPG,6.840801398957517,684.0801398957517,0.023950509999963288,2,41.752764346209446,32.10773944854736,3.076026954651937,29.075164794921875,36.29801940917969,,,0.2500000037252903,0.06519326334875572,0.16734586656093597,0.33067062497138977,6.000000089406967,5.000000089406967,False,True
TD3 Adaptive Exploration Decay,2027,test_0000,short,PPO,6.832578815140502,683.2578815140502,0.017907702000002246,2,55.84189417491282,32.006980895996094,1.1782171828549017,30.81991195678711,33.41001510620117,,,0.25,0.02417137657809505,0.20843914151191711,0.2686029076576233,6.0,5.0,False,True
TD3 Adaptive Exploration Decay,2027,test_0000,short,SAC,6.567081057130757,656.7081057130756,0.025396322000005966,2,39.37578047717953,32.67006874084473,0.9456227774391798,31.54269027709961,34.09672927856445,,,0.2499999962747097,0.025415607202538458,0.22059251368045807,0.29045569896698,5.999999910593033,4.999999910593033,False,True
TD3 Adaptive Exploration Decay,2027,test_0000,short,MADDPG,6.492953591848349,649.2953591848349,0.022326028999941627,8,44.790768658529224,32.79073715209961,0.5483243635338256,32.17393493652344,33.58995056152344,,,0.2500000074505806,0.00707531606791072,0.23823413252830505,0.2570611834526062,6.000000178813934,5.000000178813934,False,True
TD3 Adaptive Exploration Decay,2027,test_0000,short,AB-QMIX,6.675124590706322,667.5124590706322,0.010983897999949477,8,91.04236037193715,31.944612503051758,0.0,31.944612503051758,31.944612503051758,,,0.14798040688037872,0.0,0.14798040688037872,0.14798040688037872,3.5515297651290894,2.5515297651290894,False,True
TD3 Adaptive Exploration Decay,2027,test_0000,short,ABPO,14.95962803139293,1495.9628031392929,0.061543927999991865,120,16.24855664071575,16.458333333333332,5.124322448437018,5.0,18.75,,,0.25,0.0577350234776868,0.15000000596046448,0.3499999940395355,6.0,5.0,False,True
TD3 Adaptive Exploration Decay,2027,test_0001,medium,PSO / Metaheuristic,15.421355320120185,1542.1355320120185,0.028692990999957146,12,34.85171692283644,18.121963024139404,1.8375693597509817,15.549571990966797,20.637367248535156,,,0.24999999441206455,0.11591102664654832,0.0695926770567894,0.3887113928794861,5.999999865889549,4.999999865889549,False,True
TD3 Adaptive Exploration Decay,2027,test_0001,medium,DDPG,10.50321368177331,1050.3213681773311,0.019258001000025615,2,51.92646941905704,30.495407104492188,3.240467628292429,25.86614990234375,35.03036880493164,,,0.2499999962747097,0.07469807951294764,0.19072028994560242,0.377311646938324,5.999999910593033,4.999999910593033,False,True
TD3 Adaptive Exploration Decay,2027,test_0001,medium,PPO,8.627248038576932,862.7248038576932,0.016428489000077207,2,60.86987062506481,34.745046615600586,1.0308307473755025,33.23954772949219,36.07964324951172,,,0.2500000037252903,0.026986556910184176,0.2269674390554428,0.29526275396347046,6.000000089406967,5.000000089406967,False,True
TD3 Adaptive Exploration Decay,2027,test_0001,medium,SAC,9.875465208830816,987.5465208830816,0.021436568000012812,2,46.64925840738137,31.965296745300293,1.3504472983647826,30.175413131713867,33.883544921875,,,0.2499999925494194,0.008971607077160831,0.2417898029088974,0.26369404792785645,5.999999821186066,4.999999821186066,False,True
TD3 Adaptive Exploration Decay,2027,test_0001,medium,MADDPG,10.428894229892338,1042.8894229892337,0.022660680000058164,8,44.12930238622289,30.82058095932007,0.6701543505014386,29.696163177490234,31.34515953063965,,,0.2500000260770321,0.005020466005910079,0.24427130818367004,0.2578778862953186,6.00000062584877,5.00000062584877,False,True
TD3 Adaptive Exploration Decay,2027,test_0001,medium,AB-QMIX,9.654083762381118,965.4083762381118,0.011117704000071171,8,89.9466292674817,31.944612503051758,0.0,31.944612503051758,31.944612503051758,,,0.14798040688037872,0.0,0.14798040688037872,0.14798040688037872,3.5515297651290894,2.5515297651290894,False,True
TD3 Adaptive Exploration Decay,2027,test_0001,medium,ABPO,16.374578083029956,1637.4578083029958,0.061160688999962076,120,16.35037172325871,16.458333333333332,5.124322448437018,5.0,18.75,,,0.25,0.0,0.25,0.25,6.0,5.0,False,True
TD3 Adaptive Exploration Decay,2027,test_0002,long,PSO / Metaheuristic,12.282666931901412,1228.2666931901413,0.05103951199998846,12,19.592663817009576,23.433441996574402,12.561332612634235,7.143834590911865,42.22732162475586,,,0.2499999962747097,0.1536267771752689,0.07221701741218567,0.48199737071990967,10.999999836087227,9.999999836087227,False,True
TD3 Adaptive Exploration Decay,2027,test_0002,long,DDPG,8.79687580551538,879.6875805515381,0.03525444100000641,2,28.365220710769975,33.14832925796509,2.3602758195059432,31.351604461669922,37.111572265625,,,0.2499999962747097,0.010573910393609226,0.23741967976093292,0.26116418838500977,10.999999836087227,9.999999836087227,False,True
TD3 Adaptive Exploration Decay,2027,test_0002,long,PPO,8.493018981595503,849.3018981595503,0.029640605000054165,2,33.737502996250335,34.11317825317383,1.2015568960787573,32.49074172973633,35.3487434387207,,,0.25,0.014592650337830108,0.23648247122764587,0.2739039361476898,11.0,10.0,False,True
TD3 Adaptive Exploration Decay,2027,test_0002,long,SAC,8.722264161299568,872.2264161299569,0.02699514099992939,2,37.043703531780615,33.249016761779785,2.0201846852203658,30.234725952148438,35.850006103515625,,,0.2500000074505806,0.005933229519829253,0.24040046334266663,0.25573042035102844,11.000000327825546,10.000000327825546,False,True
TD3 Adaptive Exploration Decay,2027,test_0002,long,MADDPG,8.481725315391747,848.1725315391747,0.028000641999938125,8,35.71346685558888,34.003939628601074,1.3878388639457373,32.891273498535156,36.3626594543457,,,0.2500000037252903,0.013164700698739016,0.23051461577415466,0.2674255967140198,11.000000163912773,10.000000163912773,False,True
TD3 Adaptive Exploration Decay,2027,test_0002,long,AB-QMIX,9.335905451948905,933.5905451948905,0.016198362999944038,8,61.73463330852968,31.944612503051758,0.0,31.944612503051758,31.944612503051758,,,0.14798040688037872,0.0,0.14798040688037872,0.14798040688037872,6.511137902736664,5.511137902736664,False,True
TD3 Adaptive Exploration Decay,2027,test_0002,long,ABPO,17.36804173492185,1736.8041734921849,0.10724518700010321,220,9.324427771281126,16.875,4.238956239453293,5.0,18.75,,,0.25,0.04767312662073967,0.15000000596046448,0.3499999940395355,11.0,10.0,False,True
TD3 Adaptive Exploration Decay,2027,test_0003,very_long,PSO / Metaheuristic,16.86383406285507,1686.383406285507,0.07458609000002525,12,13.40732568230432,10.922828555107117,4.582251449017183,6.465893268585205,18.244951248168945,,,0.2500000037252903,0.1073376911614248,0.11078085005283356,0.4092760384082794,16.00000023841858,15.000000238418579,False,True
TD3 Adaptive Exploration Decay,2027,test_0003,very_long,DDPG,5.586919707136705,558.6919707136705,0.02755883299994366,2,36.286006740635365,32.07986497879028,1.195766370084395,30.784643173217773,33.3484992980957,,,0.2500000037252903,0.026850740802162675,0.22099152207374573,0.28864964842796326,16.00000023841858,15.000000238418579,False,True
TD3 Adaptive Exploration Decay,2027,test_0003,very_long,PPO,5.240185564452003,524.0185564452003,0.02651006899998265,2,37.72151630388644,33.37031650543213,2.4376652661020257,30.4722900390625,37.173553466796875,,,0.25,0.0397830363587242,0.1865108609199524,0.28645533323287964,16.0,15.0,False,True
TD3 Adaptive Exploration Decay,2027,test_0003,very_long,SAC,5.313712098612478,531.3712098612477,0.03210270700003548,2,31.150021086972348,33.02085304260254,0.7928091069864454,32.21371841430664,34.24095916748047,,,0.25,0.014971548214011006,0.22914214432239532,0.2714364230632782,16.0,15.0,False,True
TD3 Adaptive Exploration Decay,2027,test_0003,very_long,MADDPG,5.586294764041499,558.6294764041498,0.03351103399995736,8,29.84091747217565,32.060715675354004,0.4881420996499754,31.324405670166016,32.692325592041016,,,0.2500000186264515,0.012473949912397643,0.23888106644153595,0.27016887068748474,16.000001192092896,15.000001192092896,False,True
TD3 Adaptive Exploration Decay,2027,test_0003,very_long,AB-QMIX,5.524751973688192,552.4751973688191,0.021606738000059522,8,46.2818589273978,31.944612503051758,0.0,31.944612503051758,31.944612503051758,,,0.14798040688037872,0.0,0.14798040688037872,0.14798040688037872,9.470746040344238,8.470746040344238,False,True
TD3 Adaptive Exploration Decay,2027,test_0003,very_long,ABPO,18.87977493656782,1887.977493656782,0.1875160809998988,320,5.332875957452095,8.4375,4.210060495408587,5.0,18.75,,,0.25,0.0,0.25,0.25,16.0,15.0,False,True
TD3 Adaptive Exploration Decay,2027,test_0004,short,PSO / Metaheuristic,13.858153194417781,1385.8153194417782,0.02431655899999896,12,41.12423965907523,23.536657333374023,5.924083998231791,13.702445983886719,28.562788009643555,,,0.2500000046566129,0.32817809171174267,0.05053367465734482,0.8182671070098877,5.0000000931322575,4.0000000931322575,False,True
TD3 Adaptive Exploration Decay,2027,test_0004,short,DDPG,12.091321229477467,1209.1321229477467,0.01827496099997461,2,54.71967901881647,31.80278491973877,1.0058937234432315,30.34543228149414,33.152671813964844,,,0.25,0.03729330205108831,0.22071032226085663,0.31287628412246704,5.0,4.0,False,True
TD3 Adaptive Exploration Decay,2027,test_0004,short,PPO,12.450658661604708,1245.0658661604707,0.015411290999963967,2,64.88749060687636,31.91622257232666,3.208998036200387,29.279930114746094,37.19654846191406,,,0.2500000037252903,0.05699924275593527,0.18576645851135254,0.3232208490371704,5.000000074505806,4.000000074505806,False,True
TD3 Adaptive Exploration Decay,2027,test_0004,short,SAC,11.468453349047682,1146.8453349047682,0.020291152999902806,2,49.28256171567924,33.06356143951416,0.3477332804734445,32.68130111694336,33.423240661621094,,,0.2499999962747097,0.016716868122571383,0.22856763005256653,0.27320700883865356,4.999999925494194,3.999999925494194,False,True
TD3 Adaptive Exploration Decay,2027,test_0004,short,MADDPG,11.573002826546375,1157.3002826546376,0.021163859000012053,8,47.25036204405966,33.13790321350098,0.5299413872195973,32.259395599365234,33.65105056762695,,,0.25,0.00830893852658807,0.23722878098487854,0.25997433066368103,5.0,4.0,False,True
TD3 Adaptive Exploration Decay,2027,test_0004,short,AB-QMIX,11.686961589028208,1168.6961589028208,0.010034540000106063,8,99.65578890406837,31.944612503051758,0.0,31.944612503051758,31.944612503051758,,,0.14798040688037872,0.0,0.14798040688037872,0.14798040688037872,2.9596081376075745,1.9596081376075745,False,True
TD3 Adaptive Exploration Decay,2027,test_0004,short,ABPO,15.596289039723398,1559.62890397234,0.051535003000026336,100,19.404287218135778,20.125,6.73609679265374,11.875,32.5,,,0.25,0.06324554943363885,0.15000000596046448,0.3499999940395355,5.0,4.0,False,True
TD3 Adaptive Exploration Decay,2027,test_0005,medium,PSO / Metaheuristic,4.185704310908743,418.57043109087425,0.028387599999973645,12,35.226648254904546,33.27222990989685,19.746027042714314,6.205183982849121,56.633785247802734,,,0.25000000186264515,0.13323119322320745,0.10715845972299576,0.46839675307273865,6.000000044703484,5.000000044703484,False,True
TD3 Adaptive Exploration Decay,2027,test_0005,medium,DDPG,3.44039105739752,344.039105739752,0.01907367000001159,2,52.42829513142423,32.05226802825928,1.3177885660760285,30.78031349182129,34.023582458496094,,,0.2499999962747097,0.021847089452202338,0.23283380270004272,0.2875078618526459,5.999999910593033,4.999999910593033,False,True
TD3 Adaptive Exploration Decay,2027,test_0005,medium,PPO,3.732223104158702,373.2223104158702,0.015992138000001432,2,62.530726035500095,30.64162302017212,4.688080057314163,25.507091522216797,38.27908706665039,,,0.25,0.007414004617567568,0.23951508104801178,0.2574407756328583,6.0,5.0,False,True
TD3 Adaptive Exploration Decay,2027,test_0005,medium,SAC,3.3307504920248285,333.0750492024829,0.021213043999978254,2,47.14080638313978,32.922306060791016,0.933778280505281,32.00181579589844,34.0804557800293,,,0.25,0.012479330462896366,0.23534180223941803,0.2673003375530243,6.0,5.0,False,True
TD3 Adaptive Exploration Decay,2027,test_0005,medium,MADDPG,3.3457965674062433,334.57965674062433,0.022480696000002354,8,44.48260854556706,32.80100679397583,1.218249424443395,31.641252517700195,34.841827392578125,,,0.2500000223517418,0.015603913037297143,0.2327297031879425,0.2682332992553711,6.000000536441803,5.000000536441803,False,True
TD3 Adaptive Exploration Decay,2027,test_0005,medium,AB-QMIX,3.397614950926562,339.7614950926562,0.021594965999952365,8,46.307088420616445,31.944612503051758,0.0,31.944612503051758,31.944612503051758,,,0.14798040688037872,0.0,0.14798040688037872,0.14798040688037872,3.5515297651290894,2.5515297651290894,False,True
TD3 Adaptive Exploration Decay,2027,test_0005,medium,ABPO,12.2996206272571,1229.9620627257102,0.08250336100002187,120,12.120718330490014,13.020833333333334,6.170501341508285,5.0,18.75,,,0.25,0.0577350234776868,0.15000000596046448,0.3499999940395355,6.0,5.0,False,True
TD3 Adaptive Exploration Decay,2027,test_0006,long,PSO / Metaheuristic,8.847207983850485,884.7207983850485,0.08480394800005797,12,11.79190383918584,21.459619283676147,10.396252131436944,10.769158363342285,38.58332061767578,,,0.2499999925494194,0.12185383115150314,0.12308770418167114,0.4279820919036865,17.999999463558197,16.999999463558197,False,True
TD3 Adaptive Exploration Decay,2027,test_0006,long,DDPG,3.9944637433851997,399.44637433852,0.029420464999930118,2,33.98994543432183,31.964327335357666,2.317522338042876,29.58978843688965,35.59177780151367,,,0.2500000037252903,0.027471144082886388,0.2049456387758255,0.2727154493331909,18.0000002682209,17.0000002682209,False,True
TD3 Adaptive Exploration Decay,2027,test_0006,long,PPO,4.218621832583235,421.8621832583235,0.02861859499989805,2,34.94231635073498,30.667098999023438,1.651814396265793,28.2845401763916,32.58135986328125,,,0.25,0.013146556206723515,0.23514731228351593,0.2664393484592438,18.0,17.0,False,True
TD3 Adaptive Exploration Decay,2027,test_0006,long,SAC,3.859704517784486,385.97045177844865,0.03359975299997586,2,29.762123548965327,32.6995325088501,1.994151535672941,29.660144805908203,35.141483306884766,,,0.25,0.04133966356133647,0.2200964093208313,0.32120639085769653,18.0,17.0,False,True
TD3 Adaptive Exploration Decay,2027,test_0006,long,MADDPG,3.9039813188311143,390.39813188311143,0.03447097000002941,8,29.00991762051218,32.39565849304199,1.7291215185785154,30.038055419921875,34.179969787597656,,,0.2500000037252903,0.010809552239539303,0.23429986834526062,0.26392558217048645,18.0000002682209,17.0000002682209,False,True
TD3 Adaptive Exploration Decay,2027,test_0006,long,AB-QMIX,3.9169114385195383,391.6911438519538,0.023294694000014715,8,42.928230780767855,31.944612503051758,0.0,31.944612503051758,31.944612503051758,,,0.14798040688037872,0.0,0.14798040688037872,0.14798040688037872,10.654589295387268,9.654589295387268,False,True
TD3 Adaptive Exploration Decay,2027,test_0006,long,ABPO,19.14209786994061,1914.209786994061,0.17896747099996446,360,5.5876075937855685,5.381944444444445,1.5747972875623009,5.0,11.875,,,0.25,0.04714044926931327,0.15000000596046448,0.3499999940395355,18.0,17.0,False,True
TD3 Adaptive Exploration Decay,2027,test_0007,very_long,PSO / Metaheuristic,12.876037162969322,1287.6037162969321,0.10439716999997017,12,9.578803716616894,17.39667057991028,6.381861236683063,8.750160217285156,24.471975326538086,,,0.25000000186264515,0.10261726975712913,0.07629335671663284,0.33654704689979553,15.000000111758709,14.000000111758709,False,True
TD3 Adaptive Exploration Decay,2027,test_0007,very_long,DDPG,7.685457986324007,768.5457986324006,0.0487107090000336,2,20.529366550573307,32.03051471710205,0.7697430875680916,31.259788513183594,32.91421890258789,,,0.25,0.010432255706425907,0.23487409949302673,0.2643543481826782,15.0,14.0,False,True
TD3 Adaptive Exploration Decay,2027,test_0007,very_long,PPO,7.840870391154769,784.0870391154768,0.03449219499998435,2,28.992066176143727,31.707281589508057,1.2687758067642592,29.85651206970215,33.34866714477539,,,0.2499999962747097,0.021862416756388118,0.23134540021419525,0.28498807549476624,14.999999776482582,13.999999776482582,False,True
TD3 Adaptive Exploration Decay,2027,test_0007,very_long,SAC,7.641505904881081,764.150590488108,0.04954338599998209,2,20.184328943531664,32.09941864013672,0.1861856723767675,31.79617691040039,32.28072738647461,,,0.2500000037252903,0.018696693909290383,0.23849016427993774,0.28237342834472656,15.000000223517418,14.000000223517418,False,True
TD3 Adaptive Exploration Decay,2027,test_0007,very_long,MADDPG,7.799602674082057,779.9602674082057,0.04136347299993304,8,24.175919657462487,31.75757598876953,0.9567657593783228,30.521333694458008,33.140281677246094,,,0.2500000037252903,0.012438983758923987,0.23659071326255798,0.26490113139152527,15.000000223517418,14.000000223517418,False,True
TD3 Adaptive Exploration Decay,2027,test_0007,very_long,AB-QMIX,7.566702158798153,756.6702158798153,0.03537269799994647,8,28.270390910003908,31.944612503051758,0.0,31.944612503051758,31.944612503051758,,,0.14798040688037872,0.0,0.14798040688037872,0.14798040688037872,8.878824412822723,7.878824412822723,False,True
TD3 Adaptive Exploration Decay,2027,test_0007,very_long,ABPO,17.8555456428337,1785.55456428337,0.2510934530000668,300,3.982580939693931,12.333333333333334,6.383844627042721,5.0,18.75,,,0.25,0.04830458627478692,0.15000000596046448,0.3499999940395355,15.0,14.0,False,True
TD3 Adaptive Exploration Decay,2027,test_0008,short,PSO / Metaheuristic,4.406314268572463,440.63142685724625,0.46545209599992177,12,2.148448806212204,17.76018536090851,7.533404018463092,5.547699451446533,25.849552154541016,,,0.25000000558793545,0.10228014871954641,0.07309671491384506,0.31633228063583374,60.00000134110451,59.00000134110451,False,True
TD3 Adaptive Exploration Decay,2027,test_0008,short,DDPG,3.3704169931710424,337.04169931710425,0.15134809599999244,2,6.6072849704039225,32.22733688354492,2.431161144910845,30.106273651123047,36.20749282836914,,,0.2499999962747097,0.03725246657412189,0.19237640500068665,0.29518458247184753,59.99999910593033,58.99999910593033,False,True
TD3 Adaptive Exploration Decay,2027,test_0008,short,PPO,3.286120693697563,328.6120693697563,0.19998027999997703,2,5.0004930486151675,33.05671787261963,0.44185028163657036,32.63062286376953,33.79671096801758,,,0.25,0.020045766051499388,0.22525610029697418,0.28011849522590637,60.0,59.0,False,True
TD3 Adaptive Exploration Decay,2027,test_0008,short,SAC,3.240011358490662,324.0011358490662,0.18785571499995513,2,5.323234376980434,33.58327770233154,1.2472049701957038,32.76097869873047,35.74043273925781,,,0.25,0.014157419824786292,0.2291039377450943,0.26835867762565613,60.0,59.0,False,True
TD3 Adaptive Exploration Decay,2027,test_0008,short,MADDPG,3.3602219898818495,336.0221989881849,0.21469972900001721,8,4.657667732780044,32.76940727233887,1.5255856936815428,31.557504653930664,35.31102752685547,,,0.2500000074505806,0.01212214166657562,0.235931396484375,0.2664499878883362,60.00000178813934,59.00000178813934,False,True
TD3 Adaptive Exploration Decay,2027,test_0008,short,AB-QMIX,3.3358356643424374,333.5835664342437,0.15278860800003713,8,6.5449905794007694,31.944612503051758,0.0,31.944612503051758,31.944612503051758,,,0.14798040688037872,0.0,0.14798040688037872,0.14798040688037872,35.515297651290894,34.515297651290894,False,True
TD3 Adaptive Exploration Decay,2027,test_0008,short,ABPO,6.3328030371100485,633.2803037110049,1.0336879259999705,1200,0.9674099646976321,18.0625,2.996743023684213,5.0,18.75,,,0.25,0.06892023965248446,0.15000000596046448,0.3499999940395355,60.0,59.0,False,True
TD3 Adaptive Exploration Decay,2027,test_0009,medium,PSO / Metaheuristic,8.818766519820427,881.8766519820426,0.037820636999981616,12,26.44059115134645,26.106076955795288,15.457505416542286,11.505084991455078,48.266536712646484,,,0.25000000931322575,0.16233283683911154,0.12257734686136246,0.5287775993347168,8.000000298023224,7.000000298023224,False,True
TD3 Adaptive Exploration Decay,2027,test_0009,medium,DDPG,6.5348010832464265,653.4801083246426,0.0206967409999379,2,48.31678572017693,31.129260063171387,2.1728464511502064,29.38671112060547,34.841156005859375,,,0.2499999962747097,0.04814097246454879,0.21236930787563324,0.33258700370788574,7.9999998807907104,6.9999998807907104,False,True
TD3 Adaptive Exploration Decay,2027,test_0009,medium,PPO,6.392784089246729,639.2784089246728,0.01825572900008865,2,54.77732496988447,31.474656581878662,3.662073967583516,25.166433334350586,33.90260696411133,,,0.2499999962747097,0.03667452279677275,0.2150341421365738,0.3116207420825958,7.9999998807907104,6.9999998807907104,False,True
TD3 Adaptive Exploration Decay,2027,test_0009,medium,SAC,6.1458668277457065,614.5866827745707,0.02318216499998016,2,43.136609544486284,32.3562068939209,2.2982884841341904,29.470096588134766,35.76607131958008,,,0.25,0.012125743793048609,0.2364426553249359,0.26396793127059937,8.0,7.0,False,True
TD3 Adaptive Exploration Decay,2027,test_0009,medium,MADDPG,6.123697596381957,612.3697596381958,0.025038100999950075,8,39.93913116661659,32.38989734649658,0.7017695210128275,31.635101318359375,33.38527297973633,,,0.25,0.026806745643291267,0.2124745100736618,0.2864823639392853,8.0,7.0,False,True
TD3 Adaptive Exploration Decay,2027,test_0009,medium,AB-QMIX,6.2018981871999905,620.189818719999,0.013800256999957128,8,72.46241863489257,31.944612503051758,0.0,31.944612503051758,31.944612503051758,,,0.14798040688037872,0.0,0.14798040688037872,0.14798040688037872,4.735373020172119,3.735373020172119,False,True
TD3 Adaptive Exploration Decay,2027,test_0009,medium,ABPO,15.506098996791355,1550.6098996791357,0.07793926299996201,160,12.830503670537498,16.171875,4.78479749930705,5.0,18.75,,,0.25,0.06614377883413809,0.15000000596046448,0.3499999940395355,8.0,7.0,False,True
TD3 Adaptive Exploration Decay,2028,test_0000,short,PSO / Metaheuristic,15.432239803020508,1543.223980302051,0.028810372999942047,12,34.709720696848024,13.100042819976807,5.628535606533376,5.392341613769531,21.250539779663086,,,0.24999999441206455,0.15390464225959552,0.08360365778207779,0.45522934198379517,5.999999865889549,4.999999865889549,False,True
TD3 Adaptive Exploration Decay,2028,test_0000,short,DDPG,6.7992695856037395,679.9269585603739,0.01909298900000067,2,52.37524622257756,32.62892436981201,1.5980579438095859,30.115440368652344,34.13468933105469,,,0.2499999925494194,0.007775318907271608,0.2393808513879776,0.26112738251686096,5.999999821186066,4.999999821186066,False,True
TD3 Adaptive Exploration Decay,2028,test_0000,short,PPO,6.7782435778762755,677.8243577876276,0.015867118000073788,2,63.02341735880137,32.79627466201782,2.95879293779096,29.698360443115234,36.39616012573242,,,0.25,0.01458905647599354,0.22519123554229736,0.2608185410499573,6.0,5.0,False,True
TD3 Adaptive Exploration Decay,2028,test_0000,short,SAC,6.433097133444872,643.3097133444871,0.020746606999978212,2,48.200652762210716,33.58803462982178,1.1411914137650847,32.14724349975586,34.96181106567383,,,0.2500000037252903,0.012054373570731252,0.22995133697986603,0.2621043622493744,6.000000089406967,5.000000089406967,False,True
TD3 Adaptive Exploration Decay,2028,test_0000,short,MADDPG,6.694366781907256,669.4366781907256,0.021796743000095375,8,45.87841403624497,32.85691165924072,0.9250296582269723,31.317615509033203,33.58540725708008,,,0.2500000074505806,0.004497320048011339,0.24390468001365662,0.25525328516960144,6.000000178813934,5.000000178813934,False,True
TD3 Adaptive Exploration Decay,2028,test_0000,short,AB-QMIX,6.91483961169333,691.4839611693329,0.010815567000008741,8,92.4593227520288,31.944612503051758,0.0,31.944612503051758,31.944612503051758,,,0.14798040688037872,0.0,0.14798040688037872,0.14798040688037872,3.5515297651290894,2.5515297651290894,False,True
TD3 Adaptive Exploration Decay,2028,test_0000,short,ABPO,16.501465980631476,1650.1465980631476,0.07899638599997161,120,12.658806948464193,15.3125,5.250867983803566,5.0,18.75,,,0.25,0.0288675117388434,0.15000000596046448,0.3499999940395355,6.0,5.0,False,True
TD3 Adaptive Exploration Decay,2028,test_0001,medium,PSO / Metaheuristic,13.771841526556601,1377.1841526556602,0.028872102999912386,12,34.635509578330144,28.017251014709473,5.7294483203748205,18.995559692382812,34.2673225402832,,,0.24999999813735485,0.12355793158752311,0.12327411025762558,0.39552268385887146,5.999999955296516,4.999999955296516,False,True
TD3 Adaptive Exploration Decay,2028,test_0001,medium,DDPG,12.545189825069086,1254.5189825069087,0.01880115799997384,2,53.1882131941762,31.733460426330566,1.1243653605980752,30.18263053894043,33.261451721191406,,,0.2499999962747097,0.031022210395529645,0.22595995664596558,0.3033192753791809,5.999999910593033,4.999999910593033,False,True
TD3 Adaptive Exploration Decay,2028,test_0001,medium,PPO,11.941036964713176,1194.1036964713176,0.015736152000044967,2,63.54793725919414,32.997437477111816,2.154958974244567,30.635778427124023,35.20774459838867,,,0.25,0.059844078427793074,0.196382075548172,0.34784218668937683,6.0,5.0,False,True
TD3 Adaptive Exploration Decay,2028,test_0001,medium,SAC,12.47457112768746,1247.457112768746,0.020882489000086935,2,47.887011935973575,31.858996868133545,1.3899200981368134,30.25009536743164,34.02620315551758,,,0.2500000037252903,0.01584212074764147,0.2295474112033844,0.2736283540725708,6.000000089406967,5.000000089406967,False,True
TD3 Adaptive Exploration Decay,2028,test_0001,medium,MADDPG,12.528368362690443,1252.8368362690444,0.024447807000001376,8,40.903464265729184,31.783236980438232,1.4544605574221587,29.279958724975586,32.82973098754883,,,0.2500000074505806,0.011010395209604427,0.23678657412528992,0.26549550890922546,6.000000178813934,5.000000178813934,False,True
TD3 Adaptive Exploration Decay,2028,test_0001,medium,AB-QMIX,12.219161307408848,1221.9161307408847,0.012235082000074726,8,81.73218618345938,31.944612503051758,0.0,31.944612503051758,31.944612503051758,,,0.14798040688037872,0.0,0.14798040688037872,0.14798040688037872,3.5515297651290894,2.5515297651290894,False,True
TD3 Adaptive Exploration Decay,2028,test_0001,medium,ABPO,17.854849929924338,1785.4849929924337,0.07786265699996875,120,12.843127097504537,16.458333333333332,5.124322448437018,5.0,18.75,,,0.25,0.0,0.25,0.25,6.0,5.0,False,True
TD3 Adaptive Exploration Decay,2028,test_0002,long,PSO / Metaheuristic,9.089746135842425,908.9746135842424,0.06347422099997857,12,15.754427297348597,26.85185694694519,15.200217691610229,10.201870918273926,49.66241455078125,,,0.25000000186264515,0.11336610583042575,0.1061304584145546,0.4088345170021057,12.000000089406967,11.000000089406967,False,True
TD3 Adaptive Exploration Decay,2028,test_0002,long,DDPG,6.35862624824664,635.862624824664,0.024187407999988864,2,41.343826506769986,31.859748363494873,0.5961701580029113,30.833276748657227,32.30537796020508,,,0.2500000037252903,0.0337549013839636,0.21125800907611847,0.2919686734676361,12.000000178813934,11.000000178813934,False,True
TD3 Adaptive Exploration Decay,2028,test_0002,long,PPO,6.507115234509019,650.7115234509018,0.021807782999985648,2,45.855188489387395,31.074974060058594,2.2871702111018912,27.371826171875,33.33659362792969,,,0.2499999962747097,0.05183849769681869,0.1938529759645462,0.3332735598087311,11.999999821186066,10.999999821186066,False,True
TD3 Adaptive Exploration Decay,2028,test_0002,long,SAC,6.170824877359387,617.0824877359387,0.02760296000008111,2,36.22799873626095,32.5942816734314,1.4177584494628945,30.772008895874023,34.69229507446289,,,0.2500000037252903,0.0158851347929998,0.22571703791618347,0.2666364908218384,12.000000178813934,11.000000178813934,False,True
TD3 Adaptive Exploration Decay,2028,test_0002,long,MADDPG,6.0637963510805974,606.3796351080598,0.028099367999971037,8,35.587989025270275,32.754443645477295,1.3553019634387613,30.862459182739258,34.19300079345703,,,0.2500000037252903,0.010578846218747048,0.23758430778980255,0.2654431164264679,12.000000178813934,11.000000178813934,False,True
TD3 Adaptive Exploration Decay,2028,test_0002,long,AB-QMIX,6.273549948215929,627.354994821593,0.01687315899994246,8,59.26572493054857,31.944612503051758,0.0,31.944612503051758,31.944612503051758,,,0.14798040688037872,0.0,0.14798040688037872,0.14798040688037872,7.103059530258179,6.103059530258179,False,True
TD3 Adaptive Exploration Decay,2028,test_0002,long,ABPO,16.865802465174433,1686.5802465174431,0.11609863500007123,240,8.61336569546564,13.020833333333334,3.8002992389488957,5.0,18.75,,,0.25,0.06770031600337947,0.15000000596046448,0.3499999940395355,12.0,11.0,False,True
TD3 Adaptive Exploration Decay,2028,test_0003,very_long,PSO / Metaheuristic,8.878542613830481,887.8542613830481,0.05079221000005418,12,19.68805846406237,21.378045916557312,15.372321806074313,5.953126430511475,46.97926712036133,,,0.25000000186264515,0.14788098881935408,0.09160614013671875,0.4283512830734253,11.000000081956387,10.000000081956387,False,True
TD3 Adaptive Exploration Decay,2028,test_0003,very_long,DDPG,5.616636777175604,561.6636777175604,0.023168531000010262,2,43.1619941721621,31.63062858581543,1.7655243052728014,29.0715389251709,33.983802795410156,,,0.2500000037252903,0.027119583011874632,0.20576460659503937,0.27577951550483704,11.000000163912773,10.000000163912773,False,True
TD3 Adaptive Exploration Decay,2028,test_0003,very_long,PPO,5.914390901017362,591.4390901017362,0.02079046999995171,2,48.098960725867315,31.00306749343872,3.814279505755704,26.886999130249023,37.212100982666016,,,0.2499999962747097,0.012940313885006783,0.22944532334804535,0.26389890909194946,10.999999836087227,9.999999836087227,False,True
TD3 Adaptive Exploration Decay,2028,test_0003,very_long,SAC,5.364939122184714,536.4939122184713,0.0259954650000509,2,38.46824821168008,32.55461883544922,0.8265293503018089,31.818174362182617,33.91630554199219,,,0.2500000037252903,0.027902552788112277,0.2190997153520584,0.29530081152915955,11.000000163912773,10.000000163912773,False,True
TD3 Adaptive Exploration Decay,2028,test_0003,very_long,MADDPG,5.668370829854416,566.8370829854416,0.0475585780000074,8,21.026701008592905,31.49532127380371,1.4486797994799179,29.80194091796875,33.720130920410156,,,0.2500000074505806,0.010522876339872192,0.23780640959739685,0.2609259784221649,11.000000327825546,10.000000327825546,False,True
TD3 Adaptive Exploration Decay,2028,test_0003,very_long,AB-QMIX,5.427847751326949,542.7847751326948,0.01644123899995975,8,60.822666710364594,31.944612503051758,0.0,31.944612503051758,31.944612503051758,,,0.14798040688037872,0.0,0.14798040688037872,0.14798040688037872,6.511137902736664,5.511137902736664,False,True
TD3 Adaptive Exploration Decay,2028,test_0003,very_long,ABPO,16.534919571800557,1653.4919571800558,0.10754412400001456,220,9.298508954332684,11.25,6.187184335382291,5.0,18.75,,,0.25,0.030151132660628705,0.15000000596046448,0.3499999940395355,11.0,10.0,False,True
TD3 Adaptive Exploration Decay,2028,test_0004,short,PSO / Metaheuristic,12.457998025743304,1245.7998025743304,0.024093429000004107,12,41.505092529578484,28.610783100128174,7.235714801012504,22.353940963745117,40.2121696472168,,,0.25000000186264515,0.08684295495873676,0.11383794993162155,0.33365827798843384,5.000000037252903,4.000000037252903,False,True
TD3 Adaptive Exploration Decay,2028,test_0004,short,DDPG,10.87883906243157,1087.8839062431568,0.02143031700006759,2,46.662865509495084,31.70902919769287,0.6148281570873563,30.693941116333008,32.3137321472168,,,0.25,0.03316746197733221,0.21336674690246582,0.28323954343795776,5.0,4.0,False,True
TD3 Adaptive Exploration Decay,2028,test_0004,short,PPO,10.248264752207152,1024.8264752207153,0.025672490000033577,2,38.95220136413305,32.74841833114624,1.5932197118886928,30.048059463500977,34.15830612182617,,,0.2499999962747097,0.019536754312983656,0.22839944064617157,0.2788010239601135,4.999999925494194,3.999999925494194,False,True
TD3 Adaptive Exploration Decay,2028,test_0004,short,SAC,11.132405097588947,1113.2405097588946,0.02593675599996459,2,38.555322801408366,30.897169589996338,0.3321142680900723,30.475282669067383,31.284778594970703,,,0.2500000037252903,0.02579166617018534,0.2245829701423645,0.2917144298553467,5.000000074505806,4.000000074505806,False,True
TD3 Adaptive Exploration Decay,2028,test_0004,short,MADDPG,11.191939005571033,1119.1939005571035,0.021536279000088143,8,46.43327661180036,30.850512981414795,1.1639564258892436,29.7719669342041,32.79138946533203,,,0.2500000074505806,0.0056173387816736906,0.24222330749034882,0.2579898238182068,5.000000149011612,4.000000149011612,False,True
TD3 Adaptive Exploration Decay,2028,test_0004,short,AB-QMIX,10.536650676132586,1053.6650676132585,0.010071759999959795,8,99.28751280848549,31.944612503051758,0.0,31.944612503051758,31.944612503051758,,,0.14798040688037872,0.0,0.14798040688037872,0.14798040688037872,2.9596081376075745,1.9596081376075745,False,True
TD3 Adaptive Exploration Decay,2028,test_0004,short,ABPO,14.540322341113992,1454.0322341113992,0.050632240000027195,100,19.750261888462035,17.375,2.75,11.875,18.75,,,0.25,0.0707106739039699,0.15000000596046448,0.3499999940395355,5.0,4.0,False,True
TD3 Adaptive Exploration Decay,2028,test_0005,medium,PSO / Metaheuristic,6.636481027323527,663.6481027323528,0.030462708999948518,12,32.827021392013755,23.17418646812439,17.243856884191892,12.354615211486816,53.01505661010742,,,0.2499999925494194,0.25566472957649,0.059713393449783325,0.6879738569259644,5.999999821186066,4.999999821186066,False,True
TD3 Adaptive Exploration Decay,2028,test_0005,medium,DDPG,3.3778989702476174,337.78989702476173,0.02546745600000122,2,39.26579867262565,30.326548099517822,3.592423856704818,26.871862411499023,36.21500778198242,,,0.2499999962747097,0.035631881972088546,0.19234947860240936,0.2876841723918915,5.999999910593033,4.999999910593033,False,True
TD3 Adaptive Exploration Decay,2028,test_0005,medium,PPO,3.3089558041826272,330.89558041826274,0.016882944000030875,2,59.23137575994869,30.717119216918945,2.1082029098640773,27.98350715637207,33.85725784301758,,,0.2500000074505806,0.02859012600432791,0.21285177767276764,0.28290802240371704,6.000000178813934,5.000000178813934,False,True
TD3 Adaptive Exploration Decay,2028,test_0005,medium,SAC,3.069845480692193,306.9845480692193,0.020905812000023616,2,47.83358809496949,32.80910062789917,1.3287455432635626,30.763368606567383,34.2911376953125,,,0.25,0.003044084363623111,0.24577607214450836,0.2543101906776428,6.0,5.0,False,True
TD3 Adaptive Exploration Decay,2028,test_0005,medium,MADDPG,2.977285089955848,297.7285089955848,0.021937202000003708,8,45.58466480820257,33.8090386390686,1.4635983180196848,31.42692756652832,35.28618621826172,,,0.25,0.0068786388380109335,0.2382097840309143,0.25502848625183105,6.0,5.0,False,True
TD3 Adaptive Exploration Decay,2028,test_0005,medium,AB-QMIX,3.1159101917754994,311.59101917755,0.011039638999932322,8,90.58267213322198,31.944612503051758,0.0,31.944612503051758,31.944612503051758,,,0.14798040688037872,0.0,0.14798040688037872,0.14798040688037872,3.5515297651290894,2.5515297651290894,False,True
TD3 Adaptive Exploration Decay,2028,test_0005,medium,ABPO,13.526352839635633,1352.635283963563,0.06137334999993982,120,16.293717061248582,9.583333333333334,6.481812160876686,5.0,18.75,,,0.25,0.040824826613036866,0.15000000596046448,0.3499999940395355,6.0,5.0,False,True
TD3 Adaptive Exploration Decay,2028,test_0006,long,PSO / Metaheuristic,6.204295179772972,620.4295179772972,0.0467612460000737,12,21.38522998293125,24.68957543373108,17.350170322410825,6.640681266784668,42.18241882324219,,,0.25,0.051447295325138774,0.16589882969856262,0.3056126832962036,10.0,9.0,False,True
TD3 Adaptive Exploration Decay,2028,test_0006,long,DDPG,3.272539739633072,327.2539739633072,0.022438760999989427,2,44.56574050592505,32.98841667175293,1.0862014817451808,31.630916595458984,34.23808288574219,,,0.2500000037252903,0.01784577511288421,0.22904379665851593,0.27730536460876465,10.000000149011612,9.000000149011612,False,True
TD3 Adaptive Exploration Decay,2028,test_0006,long,PPO,3.4523728685175357,345.2372868517536,0.01996588299994073,2,50.08543824497862,31.843050956726074,2.772605320161903,28.31643295288086,36.09076690673828,,,0.2499999962747097,0.018702081304339695,0.22822439670562744,0.27055999636650085,9.999999850988388,8.999999850988388,False,True
TD3 Adaptive Exploration Decay,2028,test_0006,long,SAC,3.230014917283872,323.00149172838724,0.025435344000015903,2,39.31537155539846,33.37316179275513,1.0419200949743663,31.897275924682617,34.498863220214844,,,0.2499999962747097,0.016338219238172077,0.2273368388414383,0.2717440128326416,9.999999850988388,8.999999850988388,False,True
TD3 Adaptive Exploration Decay,2028,test_0006,long,MADDPG,3.273784875644189,327.3784875644189,0.026438407999989977,8,37.82376003881849,32.97860813140869,0.6331492269598695,32.14208984375,33.926025390625,,,0.2500000074505806,0.014366079590534105,0.23308522999286652,0.2663300335407257,10.000000298023224,9.000000298023224,False,True
TD3 Adaptive Exploration Decay,2028,test_0006,long,AB-QMIX,3.3534109076415604,335.34109076415604,0.01505890399994314,8,66.40589514374857,31.944612503051758,0.0,31.944612503051758,31.944612503051758,,,0.14798040688037872,0.0,0.14798040688037872,0.14798040688037872,5.919216275215149,4.919216275215149,False,True
TD3 Adaptive Exploration Decay,2028,test_0006,long,ABPO,16.077617881235298,1607.7617881235299,0.09682642300003863,200,10.327759396829117,7.75,5.5,5.0,18.75,,,0.25,0.038729831153596204,0.15000000596046448,0.3499999940395355,10.0,9.0,False,True
TD3 Adaptive Exploration Decay,2028,test_0007,very_long,PSO / Metaheuristic,8.739514077823138,873.9514077823138,0.05170004900003278,12,19.342341435679607,26.910762667655945,11.548175228429553,7.944858074188232,37.52198791503906,,,0.2500000037252903,0.1720258660897199,0.10510645061731339,0.5310482978820801,11.000000163912773,10.000000163912773,False,True
TD3 Adaptive Exploration Decay,2028,test_0007,very_long,DDPG,7.104007161617772,710.4007161617772,0.02327597099997547,2,42.96276189728256,33.8808479309082,1.6767880630792358,31.336002349853516,36.04248046875,,,0.25,0.028628333552768274,0.21090130507946014,0.28127625584602356,11.0,10.0,False,True
TD3 Adaptive Exploration Decay,2028,test_0007,very_long,PPO,7.82656663552263,782.656663552263,0.02117640999995274,2,47.222357330738866,31.54349136352539,1.4293053093307346,29.546873092651367,33.55580520629883,,,0.2500000074505806,0.019509566344710228,0.2254454493522644,0.2765108644962311,11.000000327825546,10.000000327825546,False,True
TD3 Adaptive Exploration Decay,2028,test_0007,very_long,SAC,7.478473810413229,747.8473810413229,0.02678624000009222,2,37.33260061869666,32.84901237487793,1.6704107675078472,30.259990692138672,34.57731628417969,,,0.25,0.02432461329774824,0.21843308210372925,0.2792545258998871,11.0,10.0,False,True
TD3 Adaptive Exploration Decay,2028,test_0007,very_long,MADDPG,7.727517142300884,772.7517142300884,0.031829141999992316,8,31.417749180931153,31.83097553253174,1.207482150611827,30.422685623168945,33.727760314941406,,,0.25,0.016295283117201676,0.22430914640426636,0.2644606828689575,11.0,10.0,False,True
TD3 Adaptive Exploration Decay,2028,test_0007,very_long,AB-QMIX,7.493788872831663,749.3788872831663,0.01681211099992197,8,59.48093014640703,31.944612503051758,0.0,31.944612503051758,31.944612503051758,,,0.14798040688037872,0.0,0.14798040688037872,0.14798040688037872,6.511137902736664,5.511137902736664,False,True
TD3 Adaptive Exploration Decay,2028,test_0007,very_long,ABPO,16.065760529178135,1606.5760529178135,0.10710364700003083,220,9.336750222891217,12.5,6.187184335382291,5.0,18.75,,,0.25,0.06396021109435723,0.15000000596046448,0.3499999940395355,11.0,10.0,False,True
TD3 Adaptive Exploration Decay,2028,test_0008,short,PSO / Metaheuristic,8.26354686737037,826.3546867370369,0.028470273999914752,12,35.12435461643236,18.15836238861084,4.87894260067717,10.686105728149414,24.294931411743164,,,0.25,0.092413126446986,0.15292777121067047,0.349750816822052,6.0,5.0,False,True
TD3 Adaptive Exploration Decay,2028,test_0008,short,DDPG,3.371810413120436,337.1810413120436,0.019205582000040522,2,52.068195590109696,31.818289279937744,1.0507377888150056,30.667686462402344,32.89192581176758,,,0.2500000037252903,0.013534720860981257,0.22671233117580414,0.259546160697937,6.000000089406967,5.000000089406967,False,True
TD3 Adaptive Exploration Decay,2028,test_0008,short,PPO,3.4050399504159756,340.50399504159753,0.02530486299997392,2,39.51809579056131,31.591469287872314,0.8111689578718979,30.50844955444336,32.422183990478516,,,0.2500000037252903,0.022968199707858555,0.22371268272399902,0.27703097462654114,6.000000089406967,5.000000089406967,False,True
TD3 Adaptive Exploration Decay,2028,test_0008,short,SAC,3.3663767689408757,336.6376768940876,0.028888726999980463,2,34.615578595785,31.85957956314087,0.929932526358925,30.813108444213867,33.06062316894531,,,0.25,0.010404671001095945,0.23928150534629822,0.26221582293510437,6.0,5.0,False,True
TD3 Adaptive Exploration Decay,2028,test_0008,short,MADDPG,3.2141680522733282,321.4168052273328,0.02423978799993165,8,41.254486219220226,33.17566633224487,1.3268495023728786,31.349645614624023,35.09901428222656,,,0.2500000186264515,0.024796578905651862,0.2108355015516281,0.2791680097579956,6.000000447034836,5.000000447034836,False,True
TD3 Adaptive Exploration Decay,2028,test_0008,short,AB-QMIX,3.312403990682883,331.24039906828835,0.01134442099998978,8,88.14905582232015,31.944612503051758,0.0,31.944612503051758,31.944612503051758,,,0.14798040688037872,0.0,0.14798040688037872,0.14798040688037872,3.5515297651290894,2.5515297651290894,False,True
TD3 Adaptive Exploration Decay,2028,test_0008,short,ABPO,14.601715036485231,1460.1715036485232,0.0653016659999821,120,15.313544986743127,8.4375,5.250867983803566,5.0,18.75,,,0.25,0.040824826613036866,0.15000000596046448,0.3499999940395355,6.0,5.0,False,True
TD3 Adaptive Exploration Decay,2028,test_0009,medium,PSO / Metaheuristic,12.518407039754047,1251.8407039754047,0.03440190900005291,12,29.068154328251435,17.31867027282715,3.445447981418122,13.6731538772583,22.005544662475586,,,0.24999999068677425,0.19397770802653,0.05653928220272064,0.510901927947998,6.999999739229679,5.999999739229679,False,True
TD3 Adaptive Exploration Decay,2028,test_0009,medium,DDPG,5.58562289311254,558.5622893112541,0.020091732999958367,2,49.77171456549179,31.29368305206299,1.4546661249810346,29.086376190185547,33.1748161315918,,,0.2499999962747097,0.021841118637353676,0.232685849070549,0.287479043006897,6.999999895691872,5.999999895691872,False,True
TD3 Adaptive Exploration Decay,2028,test_0009,medium,PPO,5.141389927084968,514.1389927084969,0.017445886999894356,2,57.32010072093529,33.03430795669556,3.045661461157753,27.820249557495117,35.25884246826172,,,0.25,0.0405906144106915,0.1986721307039261,0.3009544014930725,7.0,6.0,False,True
TD3 Adaptive Exploration Decay,2028,test_0009,medium,SAC,5.5844835846873675,558.4483584687367,0.022901262999994287,2,43.665713982685126,31.290563583374023,1.0124651766481416,29.764755249023438,32.49419403076172,,,0.25,0.012408477673809504,0.23683086037635803,0.2687881886959076,7.0,6.0,False,True
TD3 Adaptive Exploration Decay,2028,test_0009,medium,MADDPG,5.31513964679916,531.5139646799161,0.02386993999994047,8,41.89369558543063,32.3910117149353,0.7747455072146703,31.405715942382812,33.325843811035156,,,0.2499999962747097,0.010386184272284537,0.2375509887933731,0.26632076501846313,6.999999895691872,5.999999895691872,False,True
TD3 Adaptive Exploration Decay,2028,test_0009,medium,AB-QMIX,5.345771023967578,534.5771023967578,0.01197035899997445,8,83.53968331293441,31.944612503051758,0.0,31.944612503051758,31.944612503051758,,,0.14798040688037872,0.0,0.14798040688037872,0.14798040688037872,4.143451392650604,3.1434513926506042,False,True
TD3 Adaptive Exploration Decay,2028,test_0009,medium,ABPO,16.351414164708128,1635.1414164708128,0.06895296000004691,140,14.502640640798012,10.892857142857142,5.72682775386592,5.0,18.75,,,0.25,0.053452245196482596,0.15000000596046448,0.3499999940395355,7.0,6.0,False,True
TD3 Dynamic Delay,2026,test_0000,short,PSO / Metaheuristic,11.387001952853796,1138.7001952853796,0.019525652999959675,12,51.21467640555044,21.754722356796265,10.711433781748273,12.282073020935059,39.92277908325195,,,0.25000000186264515,0.31321929110204433,0.05697359889745712,0.792351484298706,4.000000029802322,3.0000000298023224,False,True
TD3 Dynamic Delay,2026,test_0000,short,DDPG,6.982346002348578,698.2346002348578,0.017471684000042842,2,57.23546739956766,32.770987033843994,0.6829475315211465,31.692140579223633,33.42354965209961,,,0.2499999962747097,0.01849616179785065,0.22789987921714783,0.2768845558166504,3.9999999403953552,2.9999999403953552,False,True
TD3 Dynamic Delay,2026,test_0000,short,PPO,6.962883797770559,696.2883797770559,0.014311585999962517,2,69.87345777069146,32.88633060455322,1.5632535139863115,30.483619689941406,34.849300384521484,,,0.2500000037252903,0.030725580010101693,0.20765095949172974,0.2944980263710022,4.000000059604645,3.0000000596046448,False,True
TD3 Dynamic Delay,2026,test_0000,short,SAC,6.834989190344624,683.4989190344623,0.024405372000046555,2,40.97458543135882,33.1363639831543,0.473102422654493,32.578548431396484,33.88823699951172,,,0.2500000037252903,0.021577958527747524,0.21528051793575287,0.27371975779533386,4.000000059604645,3.0000000596046448,False,True
TD3 Dynamic Delay,2026,test_0000,short,MADDPG,6.858285149976181,685.8285149976181,0.020256039999935638,8,49.367990979637554,33.04198694229126,1.2045985241625943,31.77136993408203,34.38099670410156,,,0.2500000074505806,0.013031513921635433,0.24107272922992706,0.27242711186408997,4.0000001192092896,3.0000001192092896,False,True
TD3 Dynamic Delay,2026,test_0000,short,AB-QMIX,7.189548628133531,718.9548628133532,0.009088350000070022,8,110.03097371825417,31.944612503051758,0.0,31.944612503051758,31.944612503051758,,,0.14798040688037872,0.0,0.14798040688037872,0.14798040688037872,2.3676865100860596,1.3676865100860596,False,True
TD3 Dynamic Delay,2026,test_0000,short,ABPO,17.18589998053909,1718.589998053909,0.041704991999949925,80,23.977944894491305,13.59375,5.700448858423344,5.0,18.75,,,0.25,0.03535533695198495,0.15000000596046448,0.3499999940395355,4.0,3.0,False,True
TD3 Dynamic Delay,2026,test_0001,medium,PSO / Metaheuristic,14.877136295482897,1487.7136295482899,0.028513035000059972,12,35.07167861989777,22.856554985046387,7.500563515849654,13.821353912353516,32.61389923095703,,,0.2500000037252903,0.06253120992415225,0.16167180240154266,0.3259107768535614,6.000000089406967,5.000000089406967,False,True
TD3 Dynamic Delay,2026,test_0001,medium,DDPG,10.992304444638302,1099.2304444638303,0.01860714299994015,2,53.74280189082313,32.9127197265625,1.6947403703897619,30.356204986572266,34.957244873046875,,,0.2499999925494194,0.019151623738106652,0.21897932887077332,0.2689379155635834,5.999999821186066,4.999999821186066,False,True
TD3 Dynamic Delay,2026,test_0001,medium,PPO,11.855862774509818,1185.586277450982,0.015867248999938965,2,63.02289703803391,31.287856101989746,1.0446436802313646,30.256122589111328,32.833473205566406,,,0.2500000037252903,0.026072921746991627,0.21747660636901855,0.2903798222541809,6.000000089406967,5.000000089406967,False,True
TD3 Dynamic Delay,2026,test_0001,medium,SAC,11.259493148418066,1125.9493148418067,0.021188906000020324,2,47.19450829594698,32.57207012176514,0.26450667941991857,32.17738342285156,32.89326477050781,,,0.25,0.01743547603158763,0.2292921394109726,0.27674803137779236,6.0,5.0,False,True
TD3 Dynamic Delay,2026,test_0001,medium,MADDPG,11.424224790046493,1142.4224790046494,0.022512183999992885,8,44.42039030954598,32.25022029876709,0.12072159446401193,32.05661392211914,32.360652923583984,,,0.2500000074505806,0.012592610125980957,0.24221281707286835,0.27179035544395447,6.000000178813934,5.000000178813934,False,True
TD3 Dynamic Delay,2026,test_0001,medium,AB-QMIX,11.343215791921972,1134.3215791921973,0.011300845000050685,8,88.4889581261857,31.944612503051758,0.0,31.944612503051758,31.944612503051758,,,0.14798040688037872,0.0,0.14798040688037872,0.14798040688037872,3.5515297651290894,2.5515297651290894,False,True
TD3 Dynamic Delay,2026,test_0001,medium,ABPO,17.670539478270374,1767.0539478270373,0.06014572899994164,120,16.62628446985771,16.458333333333332,5.124322448437018,5.0,18.75,,,0.25,0.04999999701976776,0.15000000596046448,0.3499999940395355,6.0,5.0,False,True
TD3 Dynamic Delay,2026,test_0002,long,PSO / Metaheuristic,11.6526890898656,1165.26890898656,0.041530391000037525,12,24.078752352683036,21.569433212280273,5.197354087758632,16.941360473632812,30.27364730834961,,,0.2500000037252903,0.2097295755276432,0.07982498407363892,0.6052707433700562,9.00000013411045,8.00000013411045,False,True
TD3 Dynamic Delay,2026,test_0002,long,DDPG,8.479227160032277,847.9227160032277,0.021695811999961734,2,46.09184482248296,31.429333209991455,1.7695677118063888,30.15544319152832,34.47267532348633,,,0.2500000037252903,0.037479053392874086,0.20349359512329102,0.3075837790966034,9.00000013411045,8.00000013411045,False,True
TD3 Dynamic Delay,2026,test_0002,long,PPO,8.67624834742135,867.6248347421349,0.01919277100000727,2,52.10295063696749,30.94703197479248,1.1572433838636045,29.216794967651367,32.065040588378906,,,0.2500000037252903,0.016945279809674803,0.23225611448287964,0.2779565453529358,9.00000013411045,8.00000013411045,False,True
TD3 Dynamic Delay,2026,test_0002,long,SAC,7.988463809303146,798.8463809303146,0.023986433999994006,2,41.690232070354845,32.649943351745605,1.4056229752381564,31.08264923095703,34.64786148071289,,,0.25,0.015221203550585307,0.23301947116851807,0.2669200301170349,9.0,8.0,False,True
TD3 Dynamic Delay,2026,test_0002,long,MADDPG,8.304605001964504,830.4605001964503,0.025472358000001805,8,39.25824220906165,31.45028829574585,1.2824529541926133,29.914304733276367,33.25137710571289,,,0.2500000037252903,0.01133007541507492,0.2372250258922577,0.2680280804634094,9.00000013411045,8.00000013411045,False,True
TD3 Dynamic Delay,2026,test_0002,long,AB-QMIX,7.980608315911829,798.0608315911829,0.014043523999930585,8,71.207198421489,31.944612503051758,0.0,31.944612503051758,31.944612503051758,,,0.14798040688037872,0.0,0.14798040688037872,0.14798040688037872,5.327294647693634,4.327294647693634,False,True
TD3 Dynamic Delay,2026,test_0002,long,ABPO,15.911091164923347,1591.1091164923346,0.08824202100004186,180,11.332469368528239,16.458333333333332,4.583333333333333,5.0,18.75,,,0.25,0.06666666269302368,0.15000000596046448,0.3499999940395355,9.0,8.0,False,True
TD3 Dynamic Delay,2026,test_0003,very_long,PSO / Metaheuristic,11.03163239795809,1103.163239795809,0.06740080699989903,12,14.83661760906658,19.957764863967896,11.007634947209672,10.3344144821167,38.67189407348633,,,0.2499999962747097,0.18308935062250073,0.10012304782867432,0.5619706511497498,10.999999836087227,9.999999836087227,False,True
TD3 Dynamic Delay,2026,test_0003,very_long,DDPG,5.5214692555667595,552.1469255566759,0.025948825999989822,2,38.537388936223635,33.30718278884888,1.5260567836331733,30.927183151245117,35.0843620300293,,,0.25,0.02716529926948634,0.22214654088020325,0.28737208247184753,11.0,10.0,False,True
TD3 Dynamic Delay,2026,test_0003,very_long,PPO,6.134859224256237,613.4859224256238,0.029573714999969525,2,33.81381067617073,31.615871906280518,2.4566618162958758,29.216787338256836,34.77570343017578,,,0.25,0.018583466548064385,0.21804866194725037,0.26382824778556824,11.0,10.0,False,True
TD3 Dynamic Delay,2026,test_0003,very_long,SAC,5.45000527277,545.0005272770001,0.03657810499998959,2,27.338759074596254,33.54150915145874,1.7236626904988692,31.87574577331543,36.1977653503418,,,0.2500000037252903,0.0234501514511794,0.21707633137702942,0.2735818326473236,11.000000163912773,10.000000163912773,False,True
TD3 Dynamic Delay,2026,test_0003,very_long,MADDPG,5.40584668395288,540.584668395288,0.028744474999939484,8,34.789294290541235,33.76588726043701,0.6311690152483147,33.05705261230469,34.734771728515625,,,0.2500000074505806,0.014838312268651836,0.23211202025413513,0.27073022723197937,11.000000327825546,10.000000327825546,False,True
TD3 Dynamic Delay,2026,test_0003,very_long,AB-QMIX,5.810336941873128,581.0336941873128,0.01643356900001436,8,60.851054326611965,31.944612503051758,0.0,31.944612503051758,31.944612503051758,,,0.14798040688037872,0.0,0.14798040688037872,0.14798040688037872,6.511137902736664,5.511137902736664,False,True
TD3 Dynamic Delay,2026,test_0003,very_long,ABPO,16.499112072222754,1649.9112072222756,0.10663615500004653,220,9.377682456757407,11.25,6.187184335382291,5.0,18.75,,,0.25,0.021320070364785747,0.15000000596046448,0.3499999940395355,11.0,10.0,False,True
TD3 Dynamic Delay,2026,test_0004,short,PSO / Metaheuristic,15.5416907549244,1554.16907549244,0.023986880999927962,12,41.68945516522149,24.87014079093933,9.276789039950739,14.477938652038574,39.22614669799805,,,0.2500000037252903,0.10870884770420343,0.1145978718996048,0.405396431684494,5.000000074505806,4.000000074505806,False,True
TD3 Dynamic Delay,2026,test_0004,short,DDPG,13.033658084734705,1303.3658084734705,0.018055032000006577,2,55.38622141459709,31.97103261947632,0.5338210941319804,31.301136016845703,32.55519485473633,,,0.2500000037252903,0.02693998643135321,0.2107667624950409,0.27807146310806274,5.000000074505806,4.000000074505806,False,True
TD3 Dynamic Delay,2026,test_0004,short,PPO,13.767254379405856,1376.7254379405856,0.01507925900000373,2,66.31625599107706,30.22554302215576,1.3524398127531234,27.91558837890625,31.24393081665039,,,0.2499999962747097,0.031820500796518894,0.21758659183979034,0.30093324184417725,4.999999925494194,3.999999925494194,False,True
TD3 Dynamic Delay,2026,test_0004,short,SAC,13.028453486134591,1302.845348613459,0.02012566100006552,2,49.68780901142797,31.688188076019287,0.428886080075154,31.074844360351562,32.123046875,,,0.2499999962747097,0.01883964034753443,0.21873967349529266,0.26738035678863525,4.999999925494194,3.999999925494194,False,True
TD3 Dynamic Delay,2026,test_0004,short,MADDPG,12.824101980437863,1282.4101980437863,0.021367591000057473,8,46.79984748853113,32.12840986251831,1.2672009141819518,30.31923484802246,33.79277801513672,,,0.2499999962747097,0.013707764740064594,0.23908360302448273,0.2732231318950653,4.999999925494194,3.999999925494194,False,True
TD3 Dynamic Delay,2026,test_0004,short,AB-QMIX,12.71786649558896,1271.786649558896,0.009866083000019898,8,101.35734718611054,31.944612503051758,0.0,31.944612503051758,31.944612503051758,,,0.14798040688037872,0.0,0.14798040688037872,0.14798040688037872,2.9596081376075745,1.9596081376075745,False,True
TD3 Dynamic Delay,2026,test_0004,short,ABPO,17.6572773140284,1765.72773140284,0.0509853450000719,100,19.613479128141424,17.375,2.75,11.875,18.75,,,0.25,0.0707106739039699,0.15000000596046448,0.3499999940395355,5.0,4.0,False,True
TD3 Dynamic Delay,2026,test_0005,medium,PSO / Metaheuristic,5.925946429047297,592.5946429047298,0.028703110000037668,12,34.839430291654374,20.207140922546387,5.493586149489784,14.097164154052734,29.11992073059082,,,0.2500000009313226,0.2193314747093811,0.05862897261977196,0.608139157295227,6.000000022351742,5.000000022351742,False,True
TD3 Dynamic Delay,2026,test_0005,medium,DDPG,3.410899520448909,341.0899520448909,0.01954795100004958,2,51.15625673491118,30.571099281311035,1.625311033341952,29.198688507080078,33.34417724609375,,,0.2499999962747097,0.01372588019110236,0.22678451240062714,0.262378454208374,5.999999910593033,4.999999910593033,False,True
TD3 Dynamic Delay,2026,test_0005,medium,PPO,3.0554984208025573,305.54984208025576,0.016399299999989125,2,60.97821248471966,34.04090070724487,2.2960775159640856,30.18104362487793,35.981468200683594,,,0.25,0.04281644402079737,0.21897727251052856,0.3238384425640106,6.0,5.0,False,True
TD3 Dynamic Delay,2026,test_0005,medium,SAC,3.279423736696621,327.9423736696621,0.02123311200000444,2,47.09625230629363,31.473863124847412,0.4445292657053209,31.025039672851562,32.21327590942383,,,0.25,0.011226458648094144,0.23326846957206726,0.2648065984249115,6.0,5.0,False,True
TD3 Dynamic Delay,2026,test_0005,medium,MADDPG,3.2022970433658577,320.22970433658577,0.022629584000014802,8,44.18994180358534,32.341551780700684,2.1214052714865805,29.159961700439453,35.13190841674805,,,0.2500000149011612,0.028326879993992495,0.2157403528690338,0.2944006621837616,6.000000357627869,5.000000357627869,False,True
TD3 Dynamic Delay,2026,test_0005,medium,AB-QMIX,3.1865857610149404,318.658576101494,0.011385070000073938,8,87.8343303988035,31.944612503051758,0.0,31.944612503051758,31.944612503051758,,,0.14798040688037872,0.0,0.14798040688037872,0.14798040688037872,3.5515297651290894,2.5515297651290894,False,True
TD3 Dynamic Delay,2026,test_0005,medium,ABPO,17.738510688581645,1773.8510688581646,0.0602736549999463,120,16.590996514163457,6.145833333333333,2.5621612242185092,5.0,11.875,,,0.25,0.04999999701976776,0.15000000596046448,0.3499999940395355,6.0,5.0,False,True
TD3 Dynamic Delay,2026,test_0006,long,PSO / Metaheuristic,6.2761717490114,627.61717490114,0.04699364100008552,12,21.27947481230876,20.36170983314514,9.421892287232101,5.799057960510254,30.20545196533203,,,0.2500000037252903,0.32881646995048663,0.050073761492967606,0.8192787170410156,10.000000149011612,9.000000149011612,False,True
TD3 Dynamic Delay,2026,test_0006,long,DDPG,3.904374318211242,390.4374318211242,0.022109914999987268,2,45.22857731477375,28.421403408050537,1.4942039525651591,26.536544799804688,30.33205223083496,,,0.25,0.03827509979601814,0.21142414212226868,0.29493075609207153,10.0,9.0,False,True
TD3 Dynamic Delay,2026,test_0006,long,PPO,3.4305182705729806,343.05182705729806,0.020096857000112323,2,49.75902450788255,31.642478466033936,1.4909524464590656,30.329580307006836,34.173133850097656,,,0.2499999962747097,0.02006676427687238,0.21831856667995453,0.27005094289779663,9.999999850988388,8.999999850988388,False,True
TD3 Dynamic Delay,2026,test_0006,long,SAC,3.3325879084136796,333.25879084136795,0.02535919100000683,2,39.43343460758392,32.3947434425354,0.9248087146533438,31.119794845581055,33.54351043701172,,,0.2500000037252903,0.01237705068878426,0.2365424633026123,0.2673109471797943,10.000000149011612,9.000000149011612,False,True
TD3 Dynamic Delay,2026,test_0006,long,MADDPG,3.3902171231829348,339.02171231829345,0.02617108999993434,8,38.21010129889542,31.85428476333618,0.8795770898160553,31.209857940673828,33.369937896728516,,,0.2499999925494194,0.012201691761260864,0.2339099943637848,0.26517653465270996,9.999999701976776,8.999999701976776,False,True
TD3 Dynamic Delay,2026,test_0006,long,AB-QMIX,3.337128038594217,333.71280385942174,0.015464899999983572,8,64.66255843885588,31.944612503051758,0.0,31.944612503051758,31.944612503051758,,,0.14798040688037872,0.0,0.14798040688037872,0.14798040688037872,5.919216275215149,4.919216275215149,False,True
TD3 Dynamic Delay,2026,test_0006,long,ABPO,16.39074362239277,1639.074362239277,0.09779726600004324,200,10.225234721792303,7.0625,4.402147913235083,5.0,18.75,,,0.25,0.04472135688439504,0.15000000596046448,0.3499999940395355,10.0,9.0,False,True
TD3 Dynamic Delay,2026,test_0007,very_long,PSO / Metaheuristic,11.405434108808878,1140.5434108808877,0.07565429900000709,12,13.218019507389876,21.90073847770691,9.659817181443143,10.798834800720215,35.39094161987305,,,0.24999999813735485,0.30749023562683986,0.05085552856326103,0.7809173464775085,11.999999910593033,10.999999910593033,False,True
TD3 Dynamic Delay,2026,test_0007,very_long,DDPG,8.125140121860655,812.5140121860654,0.027448174000028303,2,36.43229600624686,32.26557111740112,0.9167432424466608,31.320091247558594,33.76803970336914,,,0.25,0.009489178592503774,0.2349572777748108,0.2611910402774811,12.0,11.0,False,True
TD3 Dynamic Delay,2026,test_0007,very_long,PPO,7.709178374494343,770.9178374494343,0.02207010499989792,2,45.31016050918766,33.31438398361206,2.1379421052792167,31.3233585357666,36.91992950439453,,,0.2500000037252903,0.013238536808585357,0.2291407436132431,0.2654785215854645,12.000000178813934,11.000000178813934,False,True
TD3 Dynamic Delay,2026,test_0007,very_long,SAC,7.997451625565528,799.7451625565527,0.02802646299994649,2,35.6805637586844,32.77700138092041,0.6039641528982945,32.25993728637695,33.740318298339844,,,0.2499999925494194,0.00942980858326103,0.24023236334323883,0.2649986147880554,11.999999642372131,10.999999642372131,False,True
TD3 Dynamic Delay,2026,test_0007,very_long,MADDPG,7.880757623342184,788.0757623342184,0.029500579999989895,8,33.89763862270988,33.135361194610596,1.995763711086286,29.939565658569336,34.870384216308594,,,0.2499999962747097,0.018439464878174317,0.23582500219345093,0.2817079722881317,11.999999821186066,10.999999821186066,False,True
TD3 Dynamic Delay,2026,test_0007,very_long,AB-QMIX,8.089495227486948,808.9495227486948,0.017486086000076284,8,57.18832676424201,31.944612503051758,0.0,31.944612503051758,31.944612503051758,,,0.14798040688037872,0.0,0.14798040688037872,0.14798040688037872,7.103059530258179,6.103059530258179,False,True
TD3 Dynamic Delay,2026,test_0007,very_long,ABPO,17.51039894125229,1751.039894125229,0.11567042000001493,240,8.64525260649932,11.302083333333334,6.557330966919561,5.0,18.75,,,0.25,0.06770031600337947,0.15000000596046448,0.3499999940395355,12.0,11.0,False,True
TD3 Dynamic Delay,2026,test_0008,short,PSO / Metaheuristic,7.7097266139736575,770.9726613973658,0.02868908699997519,12,34.85645953114035,25.44430708885193,18.430455217109298,8.106416702270508,51.968929290771484,,,0.25000000186264515,0.1683907167239153,0.0711720883846283,0.42404767870903015,6.000000044703484,5.000000044703484,False,True
TD3 Dynamic Delay,2026,test_0008,short,DDPG,3.7076454689972103,370.76454689972104,0.01956644899996718,2,51.10789392606075,32.03803014755249,4.074907216027158,26.84848403930664,36.82495880126953,,,0.2499999962747097,0.025615755483482265,0.21454916894435883,0.27494052052497864,5.999999910593033,4.999999910593033,False,True
TD3 Dynamic Delay,2026,test_0008,short,PPO,3.6519947836084756,365.19947836084754,0.01640266000003976,2,60.96572141333028,31.782864570617676,1.4070580659325178,29.422805786132812,33.141632080078125,,,0.2500000074505806,0.03895467162368421,0.1916961967945099,0.29140904545783997,6.000000178813934,5.000000178813934,False,True
TD3 Dynamic Delay,2026,test_0008,short,SAC,3.5839874517012684,358.39874517012686,0.02166560099999515,2,46.15611632468556,32.44348382949829,2.322862469829826,29.790983200073242,34.850059509277344,,,0.2500000074505806,0.01840258953729469,0.2182682454586029,0.26334452629089355,6.000000178813934,5.000000178813934,False,True
TD3 Dynamic Delay,2026,test_0008,short,MADDPG,3.4864097013905906,348.64097013905905,0.022615217999941706,8,44.21801284438548,33.06636714935303,2.1132722258099266,30.502487182617188,35.84830856323242,,,0.2500000074505806,0.03163939949043736,0.19953739643096924,0.28179630637168884,6.000000178813934,5.000000178813934,False,True
TD3 Dynamic Delay,2026,test_0008,short,AB-QMIX,3.567201035472278,356.7201035472278,0.01109902999996848,8,90.09796351598652,31.944612503051758,0.0,31.944612503051758,31.944612503051758,,,0.14798040688037872,0.0,0.14798040688037872,0.14798040688037872,3.5515297651290894,2.5515297651290894,False,True
TD3 Dynamic Delay,2026,test_0008,short,ABPO,18.253722847073888,1825.3722847073889,0.06000975400002062,120,16.663957662610255,6.145833333333333,2.5621612242185092,5.0,11.875,,,0.25,0.0288675117388434,0.15000000596046448,0.3499999940395355,6.0,5.0,False,True
TD3 Dynamic Delay,2026,test_0009,medium,PSO / Metaheuristic,10.73961343023036,1073.961343023036,0.03750725399993371,12,26.661509264361698,22.74023997783661,21.51343499791811,6.7305073738098145,59.62564468383789,,,0.2500000074505806,0.3293027846722852,0.053750038146972656,0.820268988609314,8.000000238418579,7.000000238418579,False,True
TD3 Dynamic Delay,2026,test_0009,medium,DDPG,6.531810801652425,653.1810801652424,0.02085295100005169,2,47.95484341748663,32.510472774505615,0.9738657955816508,31.2762508392334,33.965782165527344,,,0.25,0.034435263750658564,0.22660291194915771,0.3094536364078522,8.0,7.0,False,True
TD3 Dynamic Delay,2026,test_0009,medium,PPO,7.310382122865121,731.0382122865121,0.01801562399998602,2,55.50737515396503,30.19399070739746,1.4366947851258147,28.504066467285156,32.18347930908203,,,0.25,0.01217405155876054,0.23422501981258392,0.26254117488861084,8.0,7.0,False,True
TD3 Dynamic Delay,2026,test_0009,medium,SAC,6.528057709081305,652.8057709081305,0.023636458000055427,2,42.307523402941975,32.57195425033569,0.9562836472776074,31.348234176635742,34.02212142944336,,,0.25,0.02062622376334263,0.22929483652114868,0.28334882855415344,8.0,7.0,False,True
TD3 Dynamic Delay,2026,test_0009,medium,MADDPG,6.8076573317178015,680.7657331717801,0.024967873999912626,8,40.05146773824233,31.831446647644043,1.1769228755739536,29.974040985107422,33.21304702758789,,,0.2500000111758709,0.009273008477765342,0.2382105439901352,0.25950998067855835,8.000000357627869,7.000000357627869,False,True
TD3 Dynamic Delay,2026,test_0009,medium,AB-QMIX,6.631807670104254,663.1807670104255,0.013622883999914848,8,73.40589555091644,31.944612503051758,0.0,31.944612503051758,31.944612503051758,,,0.14798040688037872,0.0,0.14798040688037872,0.14798040688037872,4.735373020172119,3.735373020172119,False,True
TD3 Dynamic Delay,2026,test_0009,medium,ABPO,18.34061294361421,1834.061294361421,0.07982991300002595,160,12.526632717233136,11.875,3.4375,5.0,18.75,,,0.25,0.06614377883413809,0.15000000596046448,0.3499999940395355,8.0,7.0,False,True
TD3 Dynamic Delay,2027,test_0000,short,PSO / Metaheuristic,12.70836297146573,1270.836297146573,0.028577656999914325,12,34.9923718380061,20.385088682174683,7.742629761087682,15.603784561157227,33.7867317199707,,,0.2500000074505806,0.25270935010334866,0.07861872017383575,0.6859134435653687,6.000000178813934,5.000000178813934,False,True
TD3 Dynamic Delay,2027,test_0000,short,DDPG,6.545798125934007,654.5798125934007,0.019194477000041843,2,52.09831974050765,32.12236785888672,3.084796840008125,29.121580123901367,36.371551513671875,,,0.2499999962747097,0.06498329447749981,0.1670476645231247,0.3300456404685974,5.999999910593033,4.999999910593033,False,True
TD3 Dynamic Delay,2027,test_0000,short,PPO,6.563486189417269,656.348618941727,0.016053872999918894,2,62.29026478564095,31.983211994171143,1.2532437453827976,30.720094680786133,33.5000114440918,,,0.2499999925494194,0.02411152536985104,0.20855778455734253,0.26860326528549194,5.999999821186066,4.999999821186066,False,True
TD3 Dynamic Delay,2027,test_0000,short,SAC,6.295523590770184,629.5523590770184,0.02116539200005718,2,47.24693972109273,32.685222148895264,0.9272680941750258,31.53367805480957,34.044246673583984,,,0.2499999962747097,0.025594562676266534,0.22010233998298645,0.29048049449920654,5.999999910593033,4.999999910593033,False,True
TD3 Dynamic Delay,2027,test_0000,short,MADDPG,6.246758014670544,624.6758014670544,0.02216345999988789,8,45.1193089889872,32.7907657623291,0.5486779534376979,32.175235748291016,33.58400344848633,,,0.2500000037252903,0.007236921656749554,0.23774032294750214,0.256460964679718,6.000000089406967,5.000000089406967,False,True
TD3 Dynamic Delay,2027,test_0000,short,AB-QMIX,6.451619753610672,645.1619753610672,0.0113356950000707,8,88.21691126955719,31.944612503051758,0.0,31.944612503051758,31.944612503051758,,,0.14798040688037872,0.0,0.14798040688037872,0.14798040688037872,3.5515297651290894,2.5515297651290894,False,True
TD3 Dynamic Delay,2027,test_0000,short,ABPO,18.37066754872015,1837.066754872015,0.05974267299995972,120,16.738454270378465,9.583333333333334,5.1243224484370185,5.0,18.75,,,0.25,0.0288675117388434,0.15000000596046448,0.3499999940395355,6.0,5.0,False,True
TD3 Dynamic Delay,2027,test_0001,medium,PSO / Metaheuristic,17.863524375103275,1786.3524375103275,0.051582945000063773,12,19.386252568533333,18.121963024139404,1.8375693597509817,15.549571990966797,20.637367248535156,,,0.24999999441206455,0.11591102664654833,0.0695926770567894,0.3887113928794861,6.9999998435378075,5.9999998435378075,False,True
TD3 Dynamic Delay,2027,test_0001,medium,DDPG,11.887488577689622,1188.7488577689621,0.02123019199996179,2,47.10272992358241,30.498704433441162,3.235005650961821,25.89154815673828,35.040924072265625,,,0.25,0.07460468210171937,0.19091328978538513,0.37714463472366333,7.0,6.0,False,True
TD3 Dynamic Delay,2027,test_0001,medium,PPO,10.80794723059111,1080.794723059111,0.016984455000056187,2,58.87736756915025,32.54288101196289,2.59558607577513,29.49034309387207,36.53396224975586,,,0.2500000037252903,0.015256675894652004,0.22377167642116547,0.2614874243736267,7.000000104308128,6.000000104308128,False,True
TD3 Dynamic Delay,2027,test_0001,medium,SAC,11.304667976486854,1130.4667976486855,0.022909102000085113,2,43.65077251811462,31.960134029388428,1.339544728981924,30.192771911621094,33.8525276184082,,,0.2500000074505806,0.009009503303417734,0.2407631278038025,0.263949453830719,7.000000208616257,6.000000208616257,False,True
TD3 Dynamic Delay,2027,test_0001,medium,MADDPG,11.988005150026568,1198.800515002657,0.02394133099994633,8,41.76877217069685,30.82879877090454,0.6953198173451435,29.658477783203125,31.368310928344727,,,0.2500000037252903,0.004810512006232297,0.24426500499248505,0.25745889544487,7.000000104308128,6.000000104308128,False,True
TD3 Dynamic Delay,2027,test_0001,medium,AB-QMIX,11.068000680177294,1106.8000680177292,0.012202422999962437,8,81.95093712151089,31.944612503051758,0.0,31.944612503051758,31.944612503051758,,,0.14798040688037872,0.0,0.14798040688037872,0.14798040688037872,4.143451392650604,3.1434513926506042,False,True
TD3 Dynamic Delay,2027,test_0001,medium,ABPO,18.456001105641302,1845.6001105641303,0.07046648900006858,140,14.191142686263634,16.785714285714285,4.8114977090383855,5.0,18.75,,,0.25,0.0,0.25,0.25,7.0,6.0,False,True
TD3 Dynamic Delay,2027,test_0002,long,PSO / Metaheuristic,10.94266274661798,1094.266274661798,0.04640385300001526,12,21.54993465735854,23.433441996574402,12.561332612634237,7.143834590911865,42.22732162475586,,,0.2499999962747097,0.15362677717526887,0.07221701741218567,0.48199737071990967,9.999999850988388,8.999999850988388,False,True
TD3 Dynamic Delay,2027,test_0002,long,DDPG,6.079525823245504,607.9525823245503,0.02358753099997557,2,42.39528079479941,33.14574098587036,2.371663440017715,31.33390235900879,37.145240783691406,,,0.2499999925494194,0.011534825865704071,0.2358541041612625,0.26161298155784607,9.999999701976776,8.999999701976776,False,True
TD3 Dynamic Delay,2027,test_0002,long,PPO,6.052312910480059,605.2312910480059,0.020439596000073834,2,48.924646064256244,33.316378593444824,1.7371514523808533,31.036380767822266,35.13274383544922,,,0.2499999962747097,0.043192600329209026,0.19278836250305176,0.31448256969451904,9.999999850988388,8.999999850988388,False,True
TD3 Dynamic Delay,2027,test_0002,long,SAC,6.0620028277551485,606.2002827755149,0.025620545999913702,2,39.031174433338315,33.258201599121094,2.0494589467398576,30.238628387451172,35.88225173950195,,,0.25,0.006902175132311907,0.23879043757915497,0.2558862864971161,10.0,9.0,False,True
TD3 Dynamic Delay,2027,test_0002,long,MADDPG,5.846142300636097,584.6142300636097,0.026799237999966863,8,37.31449379274278,34.00439643859863,1.4135886643135178,32.883056640625,36.41088104248047,,,0.2500000037252903,0.013613822637178107,0.23065750300884247,0.2689688503742218,10.000000149011612,9.000000149011612,False,True
TD3 Dynamic Delay,2027,test_0002,long,AB-QMIX,6.454668386861381,645.4668386861382,0.01525806699999066,8,65.53910138162404,31.944612503051758,0.0,31.944612503051758,31.944612503051758,,,0.14798040688037872,0.0,0.14798040688037872,0.14798040688037872,5.919216275215149,4.919216275215149,False,True
TD3 Dynamic Delay,2027,test_0002,long,ABPO,17.965982813060993,1796.5982813060994,0.09613636500000666,200,10.401891105409808,11.875,3.074593469062211,5.0,18.75,,,0.25,0.0707106739039699,0.15000000596046448,0.3499999940395355,10.0,9.0,False,True
TD3 Dynamic Delay,2027,test_0003,very_long,PSO / Metaheuristic,13.807008444156782,1380.7008444156784,0.05127689799996915,12,19.501959732443286,10.922828555107117,4.582251449017183,6.465893268585205,18.244951248168945,,,0.2500000037252903,0.1073376911614248,0.11078085005283356,0.4092760384082794,11.000000163912773,10.000000163912773,False,True
TD3 Dynamic Delay,2027,test_0003,very_long,DDPG,4.95067904205399,495.067904205399,0.024187739000012698,2,41.343260732203,32.030216693878174,1.171223412466993,30.6755428314209,33.19379806518555,,,0.25,0.02754733719755272,0.2215176373720169,0.28953713178634644,11.0,10.0,False,True
TD3 Dynamic Delay,2027,test_0003,very_long,PPO,4.70511317460359,470.511317460359,0.02173997700003838,2,45.998208737674126,33.0398645401001,2.79768637160894,28.62607192993164,35.813167572021484,,,0.25,0.04988877305368911,0.17431125044822693,0.3108036518096924,11.0,10.0,False,True
TD3 Dynamic Delay,2027,test_0003,very_long,SAC,4.738112751004685,473.8112751004685,0.026808490999997048,2,37.301614626504346,32.94421100616455,0.867205721178267,32.0311164855957,34.1940803527832,,,0.2499999962747097,0.015547767189478994,0.22939108312129974,0.27317413687705994,10.999999836087227,9.999999836087227,False,True
TD3 Dynamic Delay,2027,test_0003,very_long,MADDPG,4.949172639576672,494.9172639576672,0.027444983000009415,8,36.43653195192932,31.991724014282227,0.4862026070074907,31.21579360961914,32.55717468261719,,,0.2500000037252903,0.012727254069198815,0.23719565570354462,0.2702328860759735,11.000000163912773,10.000000163912773,False,True
TD3 Dynamic Delay,2027,test_0003,very_long,AB-QMIX,4.869514236982237,486.9514236982237,0.01602945800004818,8,62.38514115679983,31.944612503051758,0.0,31.944612503051758,31.944612503051758,,,0.14798040688037872,0.0,0.14798040688037872,0.14798040688037872,6.511137902736664,5.511137902736664,False,True
TD3 Dynamic Delay,2027,test_0003,very_long,ABPO,16.321841764455762,1632.1841764455762,0.10584708400006093,220,9.447591395143435,10.625,5.7282196186948,5.0,18.75,,,0.25,0.03692744509275244,0.15000000596046448,0.3499999940395355,11.0,10.0,False,True
TD3 Dynamic Delay,2027,test_0004,short,PSO / Metaheuristic,13.798968926579985,1379.8968926579985,0.024661691999995128,12,40.548718230695506,23.536657333374023,5.924083998231791,13.702445983886719,28.562788009643555,,,0.2500000046566129,0.32817809171174267,0.05053367465734482,0.8182671070098877,5.0000000931322575,4.0000000931322575,False,True
TD3 Dynamic Delay,2027,test_0004,short,DDPG,11.25821264053651,1125.8212640536508,0.017970102999925075,2,55.647983765266645,31.82485818862915,1.0007983750106706,30.38344955444336,33.165985107421875,,,0.2499999962747097,0.03706317694284299,0.22052019834518433,0.3125385344028473,4.999999925494194,3.999999925494194,False,True
TD3 Dynamic Delay,2027,test_0004,short,PPO,11.526624756754847,1152.6624756754848,0.014851103999944826,2,67.33506142059979,31.87743043899536,3.201365647197222,29.28338623046875,37.13349533081055,,,0.25,0.056970817500221586,0.18524929881095886,0.32277923822402954,5.0,4.0,False,True
TD3 Dynamic Delay,2027,test_0004,short,SAC,10.713992786331158,1071.3992786331157,0.02029748700010714,2,49.26718268102458,33.08364963531494,0.3711742700351386,32.664424896240234,33.461185455322266,,,0.2500000037252903,0.016841863175262355,0.22825199365615845,0.27286213636398315,5.000000074505806,4.000000074505806,False,True
TD3 Dynamic Delay,2027,test_0004,short,MADDPG,10.794550989818022,1079.4550989818022,0.021583727000006547,8,46.33120127954253,33.10337162017822,0.5344031857336744,32.21796417236328,33.63431930541992,,,0.2499999850988388,0.00835759439392765,0.23706978559494019,0.25992196798324585,4.999999701976776,3.999999701976776,False,True
TD3 Dynamic Delay,2027,test_0004,short,AB-QMIX,10.955415711128332,1095.5415711128333,0.010168807999889395,8,98.33994308977776,31.944612503051758,0.0,31.944612503051758,31.944612503051758,,,0.14798040688037872,0.0,0.14798040688037872,0.14798040688037872,2.9596081376075745,1.9596081376075745,False,True
TD3 Dynamic Delay,2027,test_0004,short,ABPO,15.533973797086404,1553.3973797086403,0.06920931800004837,100,14.448921458802717,17.375,2.75,11.875,18.75,,,0.25,0.0707106739039699,0.15000000596046448,0.3499999940395355,5.0,4.0,False,True
TD3 Dynamic Delay,2027,test_0005,medium,PSO / Metaheuristic,3.9558749214367603,395.58749214367606,0.03378237700007958,12,29.601232618937512,33.27222990989685,19.746027042714314,6.205183982849121,56.633785247802734,,,0.25000000186264515,0.13323119322320745,0.10715845972299576,0.46839675307273865,7.000000052154064,6.000000052154064,False,True
TD3 Dynamic Delay,2027,test_0005,medium,DDPG,3.1708249213023705,317.08249213023703,0.020243898999979137,2,49.39759875313696,32.052181243896484,1.3479778955221862,30.739269256591797,34.05251693725586,,,0.2499999962747097,0.021947280140415786,0.23304149508476257,0.2877233624458313,6.999999895691872,5.999999895691872,False,True
TD3 Dynamic Delay,2027,test_0005,medium,PPO,3.4642800339608804,346.42800339608806,0.017184058999987428,2,58.19346872591229,29.959726333618164,4.053991490228307,26.461328506469727,36.746517181396484,,,0.2499999962747097,0.007578144476589791,0.24261891841888428,0.2626439034938812,6.999999895691872,5.999999895691872,False,True
TD3 Dynamic Delay,2027,test_0005,medium,SAC,3.0789010598183615,307.89010598183614,0.023141133999956764,2,43.21309405156499,32.931397914886475,0.9463573630130163,31.998472213745117,34.118980407714844,,,0.25,0.01188766538726998,0.23614543676376343,0.2665346562862396,7.0,6.0,False,True
TD3 Dynamic Delay,2027,test_0005,medium,MADDPG,3.0904477624209323,309.0447762420932,0.023936576999972203,8,41.777067790484885,32.80004549026489,1.2160027929039383,31.65812110900879,34.83975601196289,,,0.25,0.015896031292774126,0.23228158056735992,0.26882606744766235,7.0,6.0,False,True
TD3 Dynamic Delay,2027,test_0005,medium,AB-QMIX,3.124305192592002,312.4305192592002,0.012593798000011702,8,79.404163858994,31.944612503051758,0.0,31.944612503051758,31.944612503051758,,,0.14798040688037872,0.0,0.14798040688037872,0.14798040688037872,4.143451392650604,3.1434513926506042,False,True
TD3 Dynamic Delay,2027,test_0005,medium,ABPO,12.7723784848533,1277.23784848533,0.07008212200003072,140,14.268974332705874,10.892857142857142,6.804485315449161,5.0,18.75,,,0.25,0.046291002229468664,0.15000000596046448,0.3499999940395355,7.0,6.0,False,True
TD3 Dynamic Delay,2027,test_0006,long,PSO / Metaheuristic,7.36016430075526,736.016430075526,0.04679984200004128,12,21.367593505959228,21.459619283676147,10.396252131436944,10.769158363342285,38.58332061767578,,,0.2499999925494194,0.12185383115150314,0.12308770418167114,0.4279820919036865,9.999999701976776,8.999999701976776,False,True
TD3 Dynamic Delay,2027,test_0006,long,DDPG,3.428705899808404,342.8705899808404,0.022435500000028696,2,44.57221813637855,31.971839427947998,2.4004434244653328,29.437149047851562,35.720481872558594,,,0.2500000037252903,0.027922334757205267,0.20438633859157562,0.2729668915271759,10.000000149011612,9.000000149011612,False,True
TD3 Dynamic Delay,2027,test_0006,long,PPO,3.5288184426074083,352.8818442607408,0.02044422799997392,2,48.91356132407033,31.332695484161377,2.349313726071609,27.877452850341797,34.131622314453125,,,0.25,0.0510074050715659,0.17660461366176605,0.31975826621055603,10.0,9.0,False,True
TD3 Dynamic Delay,2027,test_0006,long,SAC,3.32015179252287,332.01517925228706,0.02593549499999881,2,38.557197385283985,32.69569253921509,2.0894262395236414,29.50734519958496,35.265342712402344,,,0.25,0.04174183743756237,0.21933527290821075,0.3219003677368164,10.0,9.0,False,True
TD3 Dynamic Delay,2027,test_0006,long,MADDPG,3.3528181368675254,335.28181368675257,0.027172440999947867,8,36.80199360822675,32.39134454727173,1.8066849142358357,29.883886337280273,34.252506256103516,,,0.2499999962747097,0.011061512799086393,0.2336733043193817,0.2640555799007416,9.999999850988388,8.999999850988388,False,True
TD3 Dynamic Delay,2027,test_0006,long,AB-QMIX,3.352185685306967,335.2185685306967,0.015570066999998744,8,64.22579941371355,31.944612503051758,0.0,31.944612503051758,31.944612503051758,,,0.14798040688037872,0.0,0.14798040688037872,0.14798040688037872,5.919216275215149,4.919216275215149,False,True
TD3 Dynamic Delay,2027,test_0006,long,ABPO,16.990673735341346,1699.0673735341347,0.09741766100000859,200,10.265079142065542,7.0625,4.402147913235083,5.0,18.75,,,0.25,0.02236067844219752,0.15000000596046448,0.3499999940395355,10.0,9.0,False,True
TD3 Dynamic Delay,2027,test_0007,very_long,PSO / Metaheuristic,12.229829812164798,1222.9829812164799,0.051541892000045664,12,19.401693674712487,17.39667057991028,6.381861236683062,8.750160217285156,24.471975326538086,,,0.25000000186264515,0.10261726975712915,0.07629335671663284,0.33654704689979553,11.000000081956387,10.000000081956387,False,True
TD3 Dynamic Delay,2027,test_0007,very_long,DDPG,7.20870536019465,720.870536019465,0.023454141000001982,2,42.63639414463806,32.05658006668091,0.7209404905205749,31.326580047607422,32.911163330078125,,,0.25,0.011202966295382782,0.23321911692619324,0.26477643847465515,11.0,10.0,False,True
TD3 Dynamic Delay,2027,test_0007,very_long,PPO,7.61924413873223,761.9244138732231,0.02102757800003019,2,47.556594487418586,31.506093978881836,1.9876791706439383,29.531707763671875,34.02290344238281,,,0.2499999925494194,0.018312110006525738,0.23030005395412445,0.276723712682724,10.999999672174454,9.999999672174454,False,True
TD3 Dynamic Delay,2027,test_0007,very_long,SAC,7.239219368772479,723.9219368772478,0.02673366999999871,2,37.406012717298005,32.14552402496338,0.37507450739118775,31.51470184326172,32.49873352050781,,,0.25,0.019090512281860435,0.23702768981456757,0.2829837203025818,11.0,10.0,False,True
TD3 Dynamic Delay,2027,test_0007,very_long,MADDPG,7.337375582771283,733.7375582771283,0.02808446099993489,8,35.60687883603386,31.673516273498535,1.003522149598188,30.39792823791504,33.193294525146484,,,0.2500000149011612,0.012364375150474012,0.2376376986503601,0.2662627696990967,11.000000655651093,10.000000655651093,False,True
TD3 Dynamic Delay,2027,test_0007,very_long,AB-QMIX,7.154780960904825,715.4780960904825,0.01633508800000527,8,61.217913242933086,31.944612503051758,0.0,31.944612503051758,31.944612503051758,,,0.14798040688037872,0.0,0.14798040688037872,0.14798040688037872,6.511137902736664,5.511137902736664,False,True
TD3 Dynamic Delay,2027,test_0007,very_long,ABPO,15.910256706544509,1591.025670654451,0.10710321700003078,220,9.336787708250748,13.125,6.4347688381168755,5.0,18.75,,,0.25,0.052223293673958296,0.15000000596046448,0.3499999940395355,11.0,10.0,False,True
TD3 Dynamic Delay,2027,test_0008,short,PSO / Metaheuristic,8.228190964548643,822.8190964548644,0.02396895099991525,12,41.720641007757735,17.23810636997223,8.398867449115622,6.993316173553467,30.102510452270508,,,0.2499999962747097,0.26763353570792314,0.08156146854162216,0.7132409811019897,4.999999925494194,3.999999925494194,False,True
TD3 Dynamic Delay,2027,test_0008,short,DDPG,3.281983654309778,328.1983654309778,0.018430711999940286,2,54.25726363708792,32.26022911071777,2.453945659179844,30.222341537475586,36.30751037597656,,,0.2499999962747097,0.038034737705115305,0.19112449884414673,0.2964167594909668,4.999999925494194,3.999999925494194,False,True
TD3 Dynamic Delay,2027,test_0008,short,PPO,3.28695767982173,328.69576798217304,0.018815614000004643,2,53.14734879232499,32.494271755218506,3.682106232427629,29.28799057006836,38.331207275390625,,,0.2499999962747097,0.041080506064145046,0.2080436646938324,0.3025617301464081,4.999999925494194,3.999999925494194,False,True
TD3 Dynamic Delay,2027,test_0008,short,SAC,3.1177807326855413,311.7780732685541,0.02229835900004673,2,44.84634945548703,33.578030586242676,1.3005705075377167,32.73319625854492,35.82695770263672,,,0.2500000037252903,0.014068487972297993,0.22956706583499908,0.26830047369003296,5.000000074505806,4.000000074505806,False,True
TD3 Dynamic Delay,2027,test_0008,short,MADDPG,3.18857313439625,318.85731343962505,0.024974802999963686,8,40.040355873936385,32.74787521362305,1.5241904006612714,31.504650115966797,35.286827087402344,,,0.2500000037252903,0.01171246198767445,0.23585042357444763,0.2653008699417114,5.000000074505806,4.000000074505806,False,True
TD3 Dynamic Delay,2027,test_0008,short,AB-QMIX,3.235783791297942,323.5783791297942,0.010162922999938928,8,98.39688837611082,31.944612503051758,0.0,31.944612503051758,31.944612503051758,,,0.14798040688037872,0.0,0.14798040688037872,0.14798040688037872,2.9596081376075745,1.9596081376075745,False,True
TD3 Dynamic Delay,2027,test_0008,short,ABPO,15.417121431686912,1541.7121431686912,0.07177196899999672,100,13.933016105494413,9.125,5.5,5.0,18.75,,,0.25,0.04472135688439504,0.15000000596046448,0.3499999940395355,5.0,4.0,False,True
TD3 Dynamic Delay,2027,test_0009,medium,PSO / Metaheuristic,8.22711656184108,822.7116561841082,0.05404408399999738,12,18.50341288049305,25.879889965057373,15.648192515480401,10.532797813415527,48.552181243896484,,,0.2499999962747097,0.16824052323473204,0.1211857944726944,0.5391438007354736,6.999999895691872,5.999999895691872,False,True
TD3 Dynamic Delay,2027,test_0009,medium,DDPG,5.395506321735994,539.5506321735995,0.025486194999984946,2,39.236928070298084,31.102067470550537,2.139257167984248,29.243019104003906,34.72300720214844,,,0.25,0.04772426025682072,0.2119135558605194,0.33179768919944763,7.0,6.0,False,True
TD3 Dynamic Delay,2027,test_0009,medium,PPO,4.840294855234876,484.02948552348755,0.020978353000032257,2,47.668184437475254,33.59263372421265,3.5174564528324836,28.20012855529785,36.74946212768555,,,0.25,0.047944920001932755,0.2098235785961151,0.3317294418811798,7.0,6.0,False,True
TD3 Dynamic Delay,2027,test_0009,medium,SAC,5.124985650376826,512.4985650376826,0.02265947600005802,2,44.13164717478195,32.328612327575684,2.40381836319707,29.326303482055664,35.89048767089844,,,0.25,0.012696477209904635,0.23581784963607788,0.2655692398548126,7.0,6.0,False,True
TD3 Dynamic Delay,2027,test_0009,medium,MADDPG,5.074380053263374,507.4380053263374,0.02365615799999432,8,42.272291214838866,32.35368061065674,0.6845300428691442,31.659927368164062,33.369476318359375,,,0.2499999850988388,0.027814577677602034,0.2105114758014679,0.2872757911682129,6.999999582767487,5.999999582767487,False,True
TD3 Dynamic Delay,2027,test_0009,medium,AB-QMIX,5.110948050168836,511.0948050168835,0.012232484000037402,8,81.74954490003358,31.944612503051758,0.0,31.944612503051758,31.944612503051758,,,0.14798040688037872,0.0,0.14798040688037872,0.14798040688037872,4.143451392650604,3.1434513926506042,False,True
TD3 Dynamic Delay,2027,test_0009,medium,ABPO,16.400011849004112,1640.001184900411,0.07046510600002875,140,14.191421212076115,12.857142857142858,4.392276384374586,5.0,18.75,,,0.25,0.03779644504807891,0.15000000596046448,0.3499999940395355,7.0,6.0,False,True
TD3 Dynamic Delay,2028,test_0000,short,PSO / Metaheuristic,14.757732236649183,1475.773223664918,0.01970307800002047,12,50.75349140875152,13.100042819976807,5.628535606533376,5.392341613769531,21.250539779663086,,,0.24999999441206455,0.15390464225959552,0.08360365778207779,0.45522934198379517,3.999999910593033,2.999999910593033,False,True
TD3 Dynamic Delay,2028,test_0000,short,DDPG,7.105748121381617,710.5748121381616,0.01746785800003181,2,57.24800373338156,32.60847759246826,1.6205082555038446,30.043437957763672,34.106407165527344,,,0.2500000037252903,0.008337616398493074,0.23942378163337708,0.2623535990715027,4.000000059604645,3.0000000596046448,False,True
TD3 Dynamic Delay,2028,test_0000,short,PPO,7.091951772835149,709.1951772835149,0.014019568999970033,2,71.32886895468309,32.67456769943237,2.261219605967393,29.648603439331055,35.073486328125,,,0.25,0.030472873678876296,0.20241013169288635,0.28719907999038696,4.0,3.0,False,True
TD3 Dynamic Delay,2028,test_0000,short,SAC,6.730162093337146,673.0162093337146,0.019413225999983297,2,51.51127380894141,33.55611324310303,1.1448957302387675,32.075828552246094,34.92753982543945,,,0.2499999962747097,0.012148878021371047,0.22983671724796295,0.2623101770877838,3.9999999403953552,2.9999999403953552,False,True
TD3 Dynamic Delay,2028,test_0000,short,MADDPG,6.997211499277002,699.7211499277001,0.020253803000059634,8,49.37344359462051,32.83653116226196,0.9603274353775043,31.24592399597168,33.61103820800781,,,0.2499999925494194,0.004359381288006778,0.24404378235340118,0.2551625669002533,3.9999998807907104,2.9999998807907104,False,True
TD3 Dynamic Delay,2028,test_0000,short,AB-QMIX,7.205849070387942,720.5849070387943,0.009353950999980043,8,106.90669643256989,31.944612503051758,0.0,31.944612503051758,31.944612503051758,,,0.14798040688037872,0.0,0.14798040688037872,0.14798040688037872,2.3676865100860596,1.3676865100860596,False,True
TD3 Dynamic Delay,2028,test_0000,short,ABPO,17.103895878791448,1710.389587879145,0.04231729900004666,80,23.63099781011301,13.59375,5.700448858423344,5.0,18.75,,,0.25,0.03535533695198495,0.15000000596046448,0.3499999940395355,4.0,3.0,False,True
TD3 Dynamic Delay,2028,test_0001,medium,PSO / Metaheuristic,13.493503077151088,1349.3503077151088,0.02870059399992897,12,34.84248444483326,28.017251014709473,5.7294483203748205,18.995559692382812,34.2673225402832,,,0.24999999813735485,0.12355793158752311,0.12327411025762558,0.39552268385887146,5.999999955296516,4.999999955296516,False,True
TD3 Dynamic Delay,2028,test_0001,medium,DDPG,11.61596303170778,1161.5963031707781,0.019177345999992212,2,52.14485883502368,31.71219253540039,1.1184606160726667,30.155384063720703,33.20948028564453,,,0.2500000037252903,0.03057604221431631,0.22579631209373474,0.3024780750274658,6.000000089406967,5.000000089406967,False,True
TD3 Dynamic Delay,2028,test_0001,medium,PPO,11.034294254271757,1103.4294254271758,0.016069244999926013,2,62.23067729719749,33.01574373245239,2.222849004821955,30.582576751708984,35.28525924682617,,,0.25,0.06095417320815693,0.19740116596221924,0.35003966093063354,6.0,5.0,False,True
TD3 Dynamic Delay,2028,test_0001,medium,SAC,11.534411416446675,1153.4411416446674,0.02165494899998066,2,46.178820370387065,31.84050464630127,1.3836093177320201,30.224464416503906,33.98311233520508,,,0.2500000037252903,0.015421839999382955,0.22986294329166412,0.27291062474250793,6.000000089406967,5.000000089406967,False,True
TD3 Dynamic Delay,2028,test_0001,medium,MADDPG,11.666582221936336,1166.6582221936335,0.02246784999999818,8,44.50804149039988,31.762953758239746,1.45956360297368,29.258968353271484,32.803138732910156,,,0.2500000111758709,0.010709333556852434,0.23708830773830414,0.2652983069419861,6.0000002682209015,5.0000002682209015,False,True
TD3 Dynamic Delay,2028,test_0001,medium,AB-QMIX,11.3413578627163,1134.13578627163,0.010887950999972418,8,91.84464551709806,31.944612503051758,0.0,31.944612503051758,31.944612503051758,,,0.14798040688037872,0.0,0.14798040688037872,0.14798040688037872,3.5515297651290894,2.5515297651290894,False,True
TD3 Dynamic Delay,2028,test_0001,medium,ABPO,17.785311421006647,1778.5311421006645,0.06043845799990777,120,16.545756346092187,16.458333333333332,5.124322448437018,5.0,18.75,,,0.25,0.04999999701976776,0.15000000596046448,0.3499999940395355,6.0,5.0,False,True
TD3 Dynamic Delay,2028,test_0002,long,PSO / Metaheuristic,11.94941881916857,1194.941881916857,0.04209340699992481,12,23.75668949775879,20.952046155929565,7.121034592387174,9.32979679107666,28.3607234954834,,,0.24999999813735485,0.14305093992007822,0.07840161770582199,0.3969671130180359,8.999999932944775,7.999999932944775,False,True
TD3 Dynamic Delay,2028,test_0002,long,DDPG,8.482723118163008,848.2723118163009,0.021762349999903563,2,45.95091982274117,31.830389976501465,0.6076626324076608,30.78140640258789,32.26062774658203,,,0.2500000074505806,0.03408401424378301,0.21109771728515625,0.2926621437072754,9.000000268220901,8.000000268220901,False,True
TD3 Dynamic Delay,2028,test_0002,long,PPO,8.83102066044548,883.102066044548,0.019299533999969753,2,51.81472257317546,31.397358894348145,2.9034704240175557,27.858169555664062,35.84893035888672,,,0.2500000037252903,0.047534211864664604,0.21165591478347778,0.3294869661331177,9.00000013411045,8.00000013411045,False,True
TD3 Dynamic Delay,2028,test_0002,long,SAC,8.18170719309784,818.170719309784,0.024197460000095816,2,41.32665164013249,32.56772232055664,1.414378247164233,30.71828842163086,34.6491813659668,,,0.2500000037252903,0.015325877664670837,0.22673876583576202,0.26586589217185974,9.00000013411045,8.00000013411045,False,True
TD3 Dynamic Delay,2028,test_0002,long,MADDPG,8.1181650453398,811.81650453398,0.025402622999990854,8,39.366013501848215,32.74400615692139,1.3146974337836248,30.875885009765625,34.14906311035156,,,0.2499999888241291,0.010617531230699744,0.23818951845169067,0.26549431681632996,8.999999597668648,7.999999597668648,False,True
TD3 Dynamic Delay,2028,test_0002,long,AB-QMIX,8.348198392743349,834.8198392743349,0.014050466000071538,8,71.17201664307137,31.944612503051758,0.0,31.944612503051758,31.944612503051758,,,0.14798040688037872,0.0,0.14798040688037872,0.14798040688037872,5.327294647693634,4.327294647693634,False,True
TD3 Dynamic Delay,2028,test_0002,long,ABPO,15.611607724770677,1561.1607724770677,0.09933095600001707,180,10.067355034817426,17.22222222222222,4.321208107251123,5.0,18.75,,,0.25,0.06666666269302368,0.15000000596046448,0.3499999940395355,9.0,8.0,False,True
TD3 Dynamic Delay,2028,test_0003,very_long,PSO / Metaheuristic,8.818306967434753,881.8306967434752,0.0827705970000352,12,12.08158496186242,21.378045916557312,15.372321806074313,5.953126430511475,46.97926712036133,,,0.25000000186264515,0.14788098881935408,0.09160614013671875,0.4283512830734253,13.000000096857548,12.000000096857548,False,True
TD3 Dynamic Delay,2028,test_0003,very_long,DDPG,5.771529971520967,577.1529971520968,0.02606541099999049,2,38.36501945050338,31.664982795715332,1.7360243236170616,29.188621520996094,33.981414794921875,,,0.2500000037252903,0.026462382123649857,0.20688755810260773,0.27529263496398926,13.000000193715096,12.000000193715096,False,True
TD3 Dynamic Delay,2028,test_0003,very_long,PPO,5.93270505126777,593.2705051267769,0.024094603999969877,2,41.50306848791747,31.47484016418457,2.3489522890658385,28.51652717590332,35.09196090698242,,,0.25,0.01875949685204855,0.22515664994716644,0.2745343744754791,13.0,12.0,False,True
TD3 Dynamic Delay,2028,test_0003,very_long,SAC,5.547690582947704,554.7690582947704,0.029896491999920727,2,33.44874040749168,32.589415073394775,0.765763509284942,31.936979293823242,33.830810546875,,,0.2499999962747097,0.027383769808580833,0.22029432654380798,0.2947366237640381,12.999999806284904,11.999999806284904,False,True
TD3 Dynamic Delay,2028,test_0003,very_long,MADDPG,5.87449675693198,587.449675693198,0.02968268999995871,8,33.68966896199068,31.50178098678589,1.4487737955613824,29.770679473876953,33.68010330200195,,,0.2500000186264515,0.009842260334911104,0.23782137036323547,0.25970885157585144,13.000000968575478,12.000000968575478,False,True
TD3 Dynamic Delay,2028,test_0003,very_long,AB-QMIX,5.601396057684805,560.1396057684805,0.018346115999975154,8,54.50744996932072,31.944612503051758,0.0,31.944612503051758,31.944612503051758,,,0.14798040688037872,0.0,0.14798040688037872,0.14798040688037872,7.694981157779694,6.694981157779694,False,True
TD3 Dynamic Delay,2028,test_0003,very_long,ABPO,17.01239077792208,1701.239077792208,0.1233848100000614,260,8.104725370971535,10.817307692307692,6.520053272371033,5.0,18.75,,,0.25,0.019611612344875146,0.15000000596046448,0.3499999940395355,13.0,12.0,False,True
TD3 Dynamic Delay,2028,test_0004,short,PSO / Metaheuristic,15.837742138414578,1583.7742138414578,0.028606362999994417,12,34.957257586369685,28.610783100128174,7.235714801012504,22.353940963745117,40.2121696472168,,,0.25000000186264515,0.08684295495873676,0.11383794993162155,0.33365827798843384,6.000000044703484,5.000000044703484,False,True
TD3 Dynamic Delay,2028,test_0004,short,DDPG,14.432804088109352,1443.2804088109353,0.019541238999977395,2,51.173827821314546,31.771800994873047,0.5997447913254853,30.77460289001465,32.33240509033203,,,0.25,0.033035981513922084,0.21321146190166473,0.2834714651107788,6.0,5.0,False,True
TD3 Dynamic Delay,2028,test_0004,short,PPO,14.065848140009669,1406.5848140009668,0.01643135100005111,2,60.85926835820679,31.122721672058105,3.88002402889141,28.302608489990234,37.733219146728516,,,0.2499999962747097,0.040659226883873245,0.20095095038414001,0.31188175082206726,5.999999910593033,4.999999910593033,False,True
TD3 Dynamic Delay,2028,test_0004,short,SAC,14.848433624591172,1484.843362459117,0.02228640800001358,2,44.870398136810145,30.962507247924805,0.3400756421928135,30.560373306274414,31.366771697998047,,,0.25,0.025333393073507817,0.22505515813827515,0.29081782698631287,6.0,5.0,False,True
TD3 Dynamic Delay,2028,test_0004,short,MADDPG,14.939613079104182,1493.9613079104183,0.02502134600001682,8,39.96587553680477,30.916197299957275,1.1673984950248526,29.8309383392334,32.863739013671875,,,0.2499999962747097,0.005746540165129289,0.24175485968589783,0.257930725812912,5.999999910593033,4.999999910593033,False,True
TD3 Dynamic Delay,2028,test_0004,short,AB-QMIX,14.069966133826368,1406.9966133826367,0.011732688000051894,8,85.23196048472242,31.944612503051758,0.0,31.944612503051758,31.944612503051758,,,0.14798040688037872,0.0,0.14798040688037872,0.14798040688037872,3.5515297651290894,2.5515297651290894,False,True
TD3 Dynamic Delay,2028,test_0004,short,ABPO,19.130780703281058,1913.0780703281057,0.060312081999995826,120,16.58042579263089,16.458333333333332,3.2409060804383425,11.875,18.75,,,0.25,0.0707106739039699,0.15000000596046448,0.3499999940395355,6.0,5.0,False,True
TD3 Dynamic Delay,2028,test_0005,medium,PSO / Metaheuristic,8.15983451632643,815.9834516326431,0.037221530000010716,12,26.86617127237145,23.17418646812439,17.243856884191892,12.354615211486816,53.01505661010742,,,0.2499999925494194,0.25566472957649,0.059713393449783325,0.6879738569259644,7.999999761581421,6.999999761581421,False,True
TD3 Dynamic Delay,2028,test_0005,medium,DDPG,3.675593056181783,367.5593056181783,0.02118650299996716,2,47.19986115696158,30.338149547576904,3.580359796993241,26.840641021728516,36.20223617553711,,,0.2499999962747097,0.0358496039852734,0.1919637769460678,0.2878006398677826,7.9999998807907104,6.9999998807907104,False,True
TD3 Dynamic Delay,2028,test_0005,medium,PPO,3.6555294089227317,365.55294089227317,0.01852727599998616,2,53.97447525479445,30.24820327758789,2.0982748966274065,26.89376449584961,32.663692474365234,,,0.2500000037252903,0.03289272940719259,0.2141517698764801,0.3036890923976898,8.00000011920929,7.0000001192092896,False,True
TD3 Dynamic Delay,2028,test_0005,medium,SAC,3.3044689025881193,330.44689025881195,0.024001479000048676,2,41.66409911647411,32.82083559036255,1.283349408270748,30.860265731811523,34.27818298339844,,,0.2500000037252903,0.0029948900774027865,0.24603840708732605,0.2544611394405365,8.00000011920929,7.0000001192092896,False,True
TD3 Dynamic Delay,2028,test_0005,medium,MADDPG,3.1950497072943844,319.5049707294384,0.02491630199995143,8,40.134366648869054,33.79626512527466,1.448263618139202,31.449438095092773,35.28580856323242,,,0.2500000149011612,0.006747519491734345,0.23845097422599792,0.25477364659309387,8.000000476837158,7.000000476837158,False,True
TD3 Dynamic Delay,2028,test_0005,medium,AB-QMIX,3.370792630467596,337.0792630467596,0.013289705000033791,8,75.24621502113533,31.944612503051758,0.0,31.944612503051758,31.944612503051758,,,0.14798040688037872,0.0,0.14798040688037872,0.14798040688037872,4.735373020172119,3.735373020172119,False,True
TD3 Dynamic Delay,2028,test_0005,medium,ABPO,18.544166931695358,1854.4166931695358,0.07751157099994543,160,12.9012996008132,5.859375,2.2736925329461326,5.0,11.875,,,0.25,0.0559016961054938,0.15000000596046448,0.3499999940395355,8.0,7.0,False,True
TD3 Dynamic Delay,2028,test_0006,long,PSO / Metaheuristic,6.567060570844057,656.7060570844056,0.06348607500001435,12,15.751485660434575,24.68957543373108,17.350170322410825,6.640681266784668,42.18241882324219,,,0.25,0.051447295325138774,0.16589882969856262,0.3056126832962036,12.0,11.0,False,True
TD3 Dynamic Delay,2028,test_0006,long,DDPG,3.1626714251424706,316.26714251424704,0.026158143999964523,2,38.22901196665009,33.00223159790039,1.1191186798343469,31.645450592041016,34.23679733276367,,,0.25,0.016840953610102027,0.22888235747814178,0.2746773660182953,12.0,11.0,False,True
TD3 Dynamic Delay,2028,test_0006,long,PPO,3.2971249703274044,329.71249703274043,0.022103376000018216,2,45.24195760861037,32.103848934173584,3.2584481515703154,26.84098243713379,35.774269104003906,,,0.25,0.018926341705552418,0.22811809182167053,0.2759637236595154,12.0,11.0,False,True
TD3 Dynamic Delay,2028,test_0006,long,SAC,3.125009167676866,312.5009167676866,0.02869933099998434,2,34.84401779262888,33.36943340301514,1.051121043642768,31.910884857177734,34.49478530883789,,,0.25,0.015518667334743498,0.22813299298286438,0.26930034160614014,12.0,11.0,False,True
TD3 Dynamic Delay,2028,test_0006,long,MADDPG,3.1611334974287804,316.11334974287803,0.03185947700001179,8,31.387834772040666,33.006821632385254,0.5596088393506622,32.296653747558594,33.86457443237305,,,0.2500000149011612,0.014823823756466436,0.23300115764141083,0.2665805518627167,12.000000715255737,11.000000715255737,False,True
TD3 Dynamic Delay,2028,test_0006,long,AB-QMIX,3.236559587843214,323.65595878432134,0.01820096400001603,8,54.94214482261046,31.944612503051758,0.0,31.944612503051758,31.944612503051758,,,0.14798040688037872,0.0,0.14798040688037872,0.14798040688037872,7.103059530258179,6.103059530258179,False,True
TD3 Dynamic Delay,2028,test_0006,long,ABPO,17.763046550514265,1776.3046550514264,0.13424847099997805,240,7.448874408410681,6.145833333333333,3.8002992389488957,5.0,18.75,,,0.25,0.03535533695198495,0.15000000596046448,0.3499999940395355,12.0,11.0,False,True
TD3 Dynamic Delay,2028,test_0007,very_long,PSO / Metaheuristic,11.21556703645458,1121.556703645458,0.1357581659999596,12,7.366039402744271,26.910762667655945,11.548175228429553,7.944858074188232,37.52198791503906,,,0.2500000037252903,0.1720258660897199,0.10510645061731339,0.5310482978820801,16.00000023841858,15.000000238418579,False,True
TD3 Dynamic Delay,2028,test_0007,very_long,DDPG,9.131799442008582,913.1799442008581,0.09107620099996439,2,10.979816780021281,33.850083351135254,1.6071656127572616,31.39893341064453,35.9051513671875,,,0.25,0.02840603564322336,0.21141627430915833,0.2814055383205414,16.0,15.0,False,True
TD3 Dynamic Delay,2028,test_0007,very_long,PPO,9.76242938103975,976.242938103975,0.06530400500002997,2,15.312996499977926,31.920140266418457,1.017245631329709,30.312286376953125,33.00918960571289,,,0.2499999962747097,0.02164941530658951,0.22926178574562073,0.2829383611679077,15.999999761581421,14.999999761581421,False,True
TD3 Dynamic Delay,2028,test_0007,very_long,SAC,9.564970581161976,956.4970581161975,0.04333685999995396,2,23.075045123275252,32.80066728591919,1.6284908475985114,30.256406784057617,34.411956787109375,,,0.25,0.024119689736246272,0.21875299513339996,0.2787882089614868,16.0,15.0,False,True
TD3 Dynamic Delay,2028,test_0007,very_long,MADDPG,9.83308893415331,983.3088934153309,0.04487828800006355,8,22.282489920261305,31.86556053161621,1.1435215310775193,30.48028564453125,33.62214279174805,,,0.2500000074505806,0.016402336296845416,0.224060520529747,0.2642758786678314,16.000000476837158,15.000000476837158,False,True
TD3 Dynamic Delay,2028,test_0007,very_long,AB-QMIX,9.586832657936576,958.6832657936576,0.06982184600008168,8,14.322165014067807,31.944612503051758,0.0,31.944612503051758,31.944612503051758,,,0.14798040688037872,0.0,0.14798040688037872,0.14798040688037872,9.470746040344238,8.470746040344238,False,True
TD3 Dynamic Delay,2028,test_0007,very_long,ABPO,18.934309076438133,1893.4309076438133,0.2678392849999227,320,3.7335822487738817,11.875,6.430973633517712,5.0,18.75,,,0.25,0.06614377883413809,0.15000000596046448,0.3499999940395355,16.0,15.0,False,True
TD3 Dynamic Delay,2028,test_0008,short,PSO / Metaheuristic,9.983299580906627,998.3299580906626,0.059613087999991876,12,16.77483978015258,18.15836238861084,4.87894260067717,10.686105728149414,24.294931411743164,,,0.25,0.092413126446986,0.15292777121067047,0.349750816822052,7.0,6.0,False,True
TD3 Dynamic Delay,2028,test_0008,short,DDPG,3.8126372931562105,381.263729315621,0.06121919600002457,2,16.334745722560594,31.842112064361572,1.0335123054919122,30.706998825073242,32.9549560546875,,,0.25,0.013042624273711348,0.22746339440345764,0.25896474719047546,7.0,6.0,False,True
TD3 Dynamic Delay,2028,test_0008,short,PPO,3.882714777765063,388.2714777765063,0.0795399459999544,2,12.572299206747932,32.00859069824219,3.9313572243762964,27.21291160583496,37.6927490234375,,,0.2499999962747097,0.03919594765015982,0.20501266419887543,0.31267890334129333,6.999999895691872,5.999999895691872,False,True
TD3 Dynamic Delay,2028,test_0008,short,SAC,3.805732247650153,380.5732247650153,0.03779010000005201,2,26.46195696752916,31.89056158065796,0.889328501033644,30.794137954711914,32.98736572265625,,,0.2499999962747097,0.012129012670395097,0.23626787960529327,0.26333555579185486,6.999999895691872,5.999999895691872,False,True
TD3 Dynamic Delay,2028,test_0008,short,MADDPG,3.6102245391135592,361.0224539113559,0.037338764999958585,8,26.781817770381778,33.188148498535156,1.30323458523374,31.38138198852539,35.066062927246094,,,0.2500000074505806,0.02477516419923633,0.21098610758781433,0.27939340472221375,7.000000208616257,6.000000208616257,False,True
TD3 Dynamic Delay,2028,test_0008,short,AB-QMIX,3.751393778983739,375.1393778983739,0.017253998000001047,8,57.95758177321797,31.944612503051758,0.0,31.944612503051758,31.944612503051758,,,0.14798040688037872,0.0,0.14798040688037872,0.14798040688037872,4.143451392650604,3.1434513926506042,False,True
TD3 Dynamic Delay,2028,test_0008,short,ABPO,18.373396753234818,1837.3396753234817,0.12468206199991982,140,8.020399919281436,5.982142857142857,2.405748854519193,5.0,11.875,,,0.25,0.0,0.25,0.25,7.0,6.0,False,True
TD3 Dynamic Delay,2028,test_0009,medium,PSO / Metaheuristic,15.818440830142704,1581.8440830142704,0.07063525900002787,12,14.15723555285053,17.31867027282715,3.445447981418122,13.6731538772583,22.005544662475586,,,0.24999999068677425,0.19397770802652997,0.05653928220272064,0.510901927947998,8.999999664723873,7.999999664723873,False,True
TD3 Dynamic Delay,2028,test_0009,medium,DDPG,7.8415849309480405,784.158493094804,0.07002291000003424,2,14.28104030523026,31.32589101791382,1.447105773349266,29.154626846313477,33.23002624511719,,,0.2499999962747097,0.021685257560196316,0.23217977583408356,0.28703951835632324,8.99999986588955,7.999999865889549,False,True
TD3 Dynamic Delay,2028,test_0009,medium,PPO,7.123721807107568,712.3721807107568,0.12413453500005289,2,8.055775936966887,33.095017433166504,2.126094848320362,29.530250549316406,35.04682159423828,,,0.2500000037252903,0.04167265934685653,0.20733807981014252,0.29780545830726624,9.00000013411045,8.00000013411045,False,True
TD3 Dynamic Delay,2028,test_0009,medium,SAC,7.8410431492816315,784.1043149281631,0.10998509700004888,2,9.092140910686796,31.31035804748535,1.0047761222016618,29.813390731811523,32.526771545410156,,,0.2499999962747097,0.01169465889322524,0.23896360397338867,0.26830539107322693,8.99999986588955,7.999999865889549,False,True
TD3 Dynamic Delay,2028,test_0009,medium,MADDPG,7.436909101699042,743.6909101699042,0.1078400710000551,8,9.27299092745858,32.405221939086914,0.8121547041385163,31.431669235229492,33.36650466918945,,,0.25,0.009591024350693781,0.23831811547279358,0.2648642361164093,9.0,8.0,False,True
TD3 Dynamic Delay,2028,test_0009,medium,AB-QMIX,7.496543558377811,749.654355837781,0.02256062699996164,8,44.32500922965041,31.944612503051758,0.0,31.944612503051758,31.944612503051758,,,0.14798040688037872,0.0,0.14798040688037872,0.14798040688037872,5.327294647693634,4.327294647693634,False,True
TD3 Dynamic Delay,2028,test_0009,medium,ABPO,18.240268002335487,1824.0268002335486,0.14974713999993128,180,6.677923865527307,14.166666666666666,4.583333333333333,5.0,18.75,,,0.25,0.06666666269302368,0.15000000596046448,0.3499999940395355,9.0,8.0,False,True
TD3 Uncertainty-Aware Delay + Adaptive Actor LR,2026,test_0000,short,PSO / Metaheuristic,8.908971513678177,890.8971513678176,0.06258146100003614,12,15.97917312923427,21.754722356796265,10.711433781748273,12.282073020935059,39.92277908325195,,,0.25000000186264515,0.31321929110204433,0.05697359889745712,0.792351484298706,8.000000059604645,7.000000059604645,False,True
TD3 Uncertainty-Aware Delay + Adaptive Actor LR,2026,test_0000,short,DDPG,5.870419978723584,587.0419978723585,0.057028841000033026,2,17.534987253193886,32.78672552108765,0.6467961163474422,31.778703689575195,33.43846893310547,,,0.2499999962747097,0.01754593157161969,0.22853830456733704,0.2758747935295105,7.9999998807907104,6.9999998807907104,False,True
TD3 Uncertainty-Aware Delay + Adaptive Actor LR,2026,test_0000,short,PPO,5.825708377602346,582.5708377602346,0.03568539499997314,2,28.022668657604957,33.15228319168091,2.6132365367080395,29.06913948059082,36.198814392089844,,,0.2500000074505806,0.021185366220543175,0.21824273467063904,0.2770441770553589,8.000000238418579,7.000000238418579,False,True
TD3 Uncertainty-Aware Delay + Adaptive Actor LR,2026,test_0000,short,SAC,5.766173113425286,576.6173113425286,0.09940768800004207,2,10.059584123911792,33.13158416748047,0.46657437932617085,32.5881233215332,33.87649154663086,,,0.2500000074505806,0.021246606861579143,0.21608492732048035,0.272266685962677,8.000000238418579,7.000000238418579,False,True
TD3 Uncertainty-Aware Delay + Adaptive Actor LR,2026,test_0000,short,MADDPG,5.783198431605221,578.319843160522,0.08489022699995985,8,11.779919024135404,33.02422904968262,1.193278228670499,31.756572723388672,34.39424133300781,,,0.2500000186264515,0.012837989529748028,0.24140611290931702,0.27212637662887573,8.000000596046448,7.000000596046448,False,True
TD3 Uncertainty-Aware Delay + Adaptive Actor LR,2026,test_0000,short,AB-QMIX,6.01132652312071,601.132652312071,0.022911582000006092,8,43.646047662694535,31.944612503051758,0.0,31.944612503051758,31.944612503051758,,,0.14798040688037872,0.0,0.14798040688037872,0.14798040688037872,4.735373020172119,3.735373020172119,False,True
TD3 Uncertainty-Aware Delay + Adaptive Actor LR,2026,test_0000,short,ABPO,13.277755011896147,1327.7755011896147,0.1414316200000485,160,7.070554660970843,16.171875,4.78479749930705,5.0,18.75,,,0.25,0.061237239919555306,0.15000000596046448,0.3499999940395355,8.0,7.0,False,True
TD3 Uncertainty-Aware Delay + Adaptive Actor LR,2026,test_0001,medium,PSO / Metaheuristic,14.601785479346177,1460.1785479346177,0.06724395399999139,12,14.871225448761209,22.856554985046387,7.500563515849654,13.821353912353516,32.61389923095703,,,0.2500000037252903,0.06253120992415225,0.16167180240154266,0.3259107768535614,6.000000089406967,5.000000089406967,False,True
TD3 Uncertainty-Aware Delay + Adaptive Actor LR,2026,test_0001,medium,DDPG,9.563833982291579,956.3833982291578,0.05899769600000582,2,16.949814446989613,32.888150215148926,1.7085737043177214,30.315692901611328,35.00735092163086,,,0.25,0.01928175573218059,0.21838906407356262,0.26773110032081604,6.0,5.0,False,True
TD3 Uncertainty-Aware Delay + Adaptive Actor LR,2026,test_0001,medium,PPO,10.38599882862326,1038.599882862326,0.02977044500005377,2,33.59036117861839,31.423083782196045,1.0428281499580407,30.327667236328125,32.9948844909668,,,0.25,0.026920987987385004,0.2165406346321106,0.2917385697364807,6.0,5.0,False,True
TD3 Uncertainty-Aware Delay + Adaptive Actor LR,2026,test_0001,medium,SAC,9.81063575284672,981.063575284672,0.038855481999917174,2,25.736394159314035,32.56795310974121,0.22455862649656932,32.227874755859375,32.84584045410156,,,0.25,0.017901897848241245,0.22882166504859924,0.2777424156665802,6.0,5.0,False,True
TD3 Uncertainty-Aware Delay + Adaptive Actor LR,2026,test_0001,medium,MADDPG,9.965245446446076,996.5245446446075,0.04371031900006983,8,22.877892975304125,32.27174472808838,0.15366381197250592,32.08351135253906,32.44064712524414,,,0.2500000149011612,0.013745752595485626,0.24106545746326447,0.27376753091812134,6.000000357627869,5.000000357627869,False,True
TD3 Uncertainty-Aware Delay + Adaptive Actor LR,2026,test_0001,medium,AB-QMIX,9.950836554471808,995.0836554471807,0.022732218999976794,8,43.99042609967029,31.944612503051758,0.0,31.944612503051758,31.944612503051758,,,0.14798040688037872,0.0,0.14798040688037872,0.14798040688037872,3.5515297651290894,2.5515297651290894,False,True
TD3 Uncertainty-Aware Delay + Adaptive Actor LR,2026,test_0001,medium,ABPO,17.961554068327796,1796.1554068327796,0.1044683250000844,120,9.572279444503318,16.458333333333332,5.124322448437018,5.0,18.75,,,0.25,0.0288675117388434,0.15000000596046448,0.3499999940395355,6.0,5.0,False,True
TD3 Uncertainty-Aware Delay + Adaptive Actor LR,2026,test_0002,long,PSO / Metaheuristic,11.195941340328991,1119.594134032899,0.060931326999934754,12,16.411918946079588,21.569433212280273,5.197354087758632,16.941360473632812,30.27364730834961,,,0.2500000037252903,0.2097295755276432,0.07982498407363892,0.6052707433700562,9.00000013411045,8.00000013411045,False,True
TD3 Uncertainty-Aware Delay + Adaptive Actor LR,2026,test_0002,long,DDPG,8.268900788049862,826.8900788049863,0.022275055000022803,2,44.893267379091824,31.48127841949463,1.8109677706309295,30.1695499420166,34.594757080078125,,,0.2500000037252903,0.03720842359250239,0.2033214569091797,0.306671142578125,9.00000013411045,8.00000013411045,False,True
TD3 Uncertainty-Aware Delay + Adaptive Actor LR,2026,test_0002,long,PPO,8.509541688203868,850.9541688203867,0.019161599999961254,2,52.18770875094053,30.850812911987305,1.2187337743983055,29.07828712463379,32.16889953613281,,,0.2499999925494194,0.017188903551766218,0.23000168800354004,0.27740246057510376,8.999999731779099,7.9999997317790985,False,True
TD3 Uncertainty-Aware Delay + Adaptive Actor LR,2026,test_0002,long,SAC,7.757518139132859,775.751813913286,0.02419493600007172,2,41.330962809615855,32.70193815231323,1.434825058145104,31.11144256591797,34.76982116699219,,,0.2499999925494194,0.015404311733891436,0.2328132688999176,0.2661001980304718,8.999999731779099,7.9999997317790985,False,True
TD3 Uncertainty-Aware Delay + Adaptive Actor LR,2026,test_0002,long,MADDPG,8.070768599527458,807.0768599527458,0.025407920000020567,8,39.35780654218018,31.47954273223877,1.3012142067127257,29.90723419189453,33.295875549316406,,,0.2500000037252903,0.011977462396784964,0.23644590377807617,0.26902657747268677,9.00000013411045,8.00000013411045,False,True
TD3 Uncertainty-Aware Delay + Adaptive Actor LR,2026,test_0002,long,AB-QMIX,7.763182819505301,776.3182819505301,0.013974523999991106,8,71.5587879773677,31.944612503051758,0.0,31.944612503051758,31.944612503051758,,,0.14798040688037872,0.0,0.14798040688037872,0.14798040688037872,5.327294647693634,4.327294647693634,False,True
TD3 Uncertainty-Aware Delay + Adaptive Actor LR,2026,test_0002,long,ABPO,15.333845813368365,1533.3845813368366,0.08945868699993298,180,11.178344256279429,17.98611111111111,6.832429931249358,5.0,32.5,,,0.25,0.0707106739039699,0.15000000596046448,0.3499999940395355,9.0,8.0,False,True
TD3 Uncertainty-Aware Delay + Adaptive Actor LR,2026,test_0003,very_long,PSO / Metaheuristic,10.806800506091191,1080.6800506091192,0.053592696999999134,12,18.659258741914336,19.957764863967896,11.007634947209672,10.3344144821167,38.67189407348633,,,0.2499999962747097,0.18308935062250073,0.10012304782867432,0.5619706511497498,10.999999836087227,9.999999836087227,False,True
TD3 Uncertainty-Aware Delay + Adaptive Actor LR,2026,test_0003,very_long,DDPG,5.139537260623387,513.9537260623387,0.023851898000089022,2,41.925384721847614,33.28210163116455,1.5536661641932348,30.910675048828125,35.23829650878906,,,0.2500000037252903,0.027620076909021157,0.219827800989151,0.2867595851421356,11.000000163912773,10.000000163912773,False,True
TD3 Uncertainty-Aware Delay + Adaptive Actor LR,2026,test_0003,very_long,PPO,5.641657978319682,564.1657978319682,0.02104826499999035,2,47.509854137643096,31.593528747558594,2.5581345033140033,29.03400993347168,34.75951385498047,,,0.25,0.017531617988391868,0.22058624029159546,0.2667703628540039,11.0,10.0,False,True
TD3 Uncertainty-Aware Delay + Adaptive Actor LR,2026,test_0003,very_long,SAC,5.082524959857291,508.2524959857291,0.026432163999970726,2,37.83269504536623,33.48590278625488,1.778686420755396,31.76508331298828,36.27472686767578,,,0.2500000037252903,0.024623653070143935,0.2141844928264618,0.27342158555984497,11.000000163912773,10.000000163912773,False,True
TD3 Uncertainty-Aware Delay + Adaptive Actor LR,2026,test_0003,very_long,MADDPG,5.024819484975544,502.4819484975544,0.02818531399998392,8,35.47946991119455,33.71632385253906,0.5926865069081092,33.03547668457031,34.645606994628906,,,0.2500000037252903,0.014670793069092905,0.23325541615486145,0.2711469829082489,11.000000163912773,10.000000163912773,False,True
TD3 Uncertainty-Aware Delay + Adaptive Actor LR,2026,test_0003,very_long,AB-QMIX,5.37798357323265,537.7983573232651,0.016407218000040302,8,60.9487848578317,31.944612503051758,0.0,31.944612503051758,31.944612503051758,,,0.14798040688037872,0.0,0.14798040688037872,0.14798040688037872,6.511137902736664,5.511137902736664,False,True
TD3 Uncertainty-Aware Delay + Adaptive Actor LR,2026,test_0003,very_long,ABPO,16.81315514354784,1681.3155143547838,0.11093663999997716,220,9.014154385784588,11.25,6.187184335382291,5.0,18.75,,,0.25,0.030151132660628705,0.15000000596046448,0.3499999940395355,11.0,10.0,False,True
TD3 Uncertainty-Aware Delay + Adaptive Actor LR,2026,test_0004,short,PSO / Metaheuristic,15.250077516954379,1525.007751695438,0.02892140599999493,12,34.576465611671,24.87014079093933,9.27678903995074,14.477938652038574,39.22614669799805,,,0.2500000037252903,0.10870884770420344,0.1145978718996048,0.405396431684494,6.000000089406967,5.000000089406967,False,True
TD3 Uncertainty-Aware Delay + Adaptive Actor LR,2026,test_0004,short,DDPG,12.774701231348802,1277.4701231348802,0.019312005999950088,2,51.78125980297357,31.912357330322266,0.4786303679001721,31.297426223754883,32.39921569824219,,,0.25,0.02731504088613956,0.20967353880405426,0.27649012207984924,6.0,5.0,False,True
TD3 Uncertainty-Aware Delay + Adaptive Actor LR,2026,test_0004,short,PPO,13.092799654279586,1309.2799654279588,0.01735515200005011,2,57.61977768890256,31.39026641845703,3.105983105004599,27.545663833618164,36.125064849853516,,,0.2499999925494194,0.015467565608668738,0.22588585317134857,0.2675653398036957,5.999999821186066,4.999999821186066,False,True
TD3 Uncertainty-Aware Delay + Adaptive Actor LR,2026,test_0004,short,SAC,12.793819418726144,1279.3819418726143,0.022137407000059284,2,45.172408855170886,31.636418342590332,0.3981752571692689,31.042325973510742,32.07192611694336,,,0.2500000037252903,0.01970081938665824,0.2175666242837906,0.26959317922592163,6.000000089406967,5.000000089406967,False,True
TD3 Uncertainty-Aware Delay + Adaptive Actor LR,2026,test_0004,short,MADDPG,12.485451266217419,1248.545126621742,0.022252615000070364,8,44.93853868396312,32.158362865448,1.2065262121771523,30.451250076293945,33.744171142578125,,,0.2499999925494194,0.013872806464542557,0.23896434903144836,0.27342477440834045,5.999999821186066,4.999999821186066,False,True
TD3 Uncertainty-Aware Delay + Adaptive Actor LR,2026,test_0004,short,AB-QMIX,12.453779411606533,1245.3779411606533,0.013420911000025626,8,74.51059022730205,31.944612503051758,0.0,31.944612503051758,31.944612503051758,,,0.14798040688037872,0.0,0.14798040688037872,0.14798040688037872,3.5515297651290894,2.5515297651290894,False,True
TD3 Uncertainty-Aware Delay + Adaptive Actor LR,2026,test_0004,short,ABPO,18.28201530975709,1828.201530975709,0.06402266600002804,120,15.61946826768448,17.604166666666668,2.562161224218509,11.875,18.75,,,0.25,0.04999999701976776,0.15000000596046448,0.3499999940395355,6.0,5.0,False,True
TD3 Uncertainty-Aware Delay + Adaptive Actor LR,2026,test_0005,medium,PSO / Metaheuristic,6.456893364485743,645.6893364485743,0.03371289100005015,12,29.662244035924196,20.207140922546387,5.493586149489784,14.097164154052734,29.11992073059082,,,0.2500000009313226,0.2193314747093811,0.05862897261977196,0.608139157295227,7.000000026077032,6.000000026077032,False,True
TD3 Uncertainty-Aware Delay + Adaptive Actor LR,2026,test_0005,medium,DDPG,3.5658786666398017,356.5878666639802,0.020173772000021017,2,49.56931207505261,30.513482570648193,1.6084221950430106,29.021862030029297,33.228660583496094,,,0.2499999962747097,0.01392514370347435,0.2262144535779953,0.2616622745990753,6.999999895691872,5.999999895691872,False,True
TD3 Uncertainty-Aware Delay + Adaptive Actor LR,2026,test_0005,medium,PPO,3.229351263116486,322.9351263116486,0.016909367999915048,2,59.13881583303551,33.32190179824829,1.8185561971198816,30.533296585083008,35.374351501464844,,,0.2500000037252903,0.03469538601966979,0.21876510977745056,0.30858832597732544,7.000000104308128,6.000000104308128,False,True
TD3 Uncertainty-Aware Delay + Adaptive Actor LR,2026,test_0005,medium,SAC,3.4249753435701065,342.49753435701064,0.021917116000054193,2,45.62644099695997,31.41157341003418,0.5184930007354707,30.743608474731445,32.189334869384766,,,0.25,0.012384178728051297,0.23021084070205688,0.26434001326560974,7.0,6.0,False,True
TD3 Uncertainty-Aware Delay + Adaptive Actor LR,2026,test_0005,medium,MADDPG,3.3302840199282966,333.0284019928297,0.023312719999921683,8,42.89503755903899,32.31735181808472,2.1118990247941425,29.17352867126465,35.12366485595703,,,0.2500000074505806,0.028855593439218518,0.21603189408779144,0.29554483294487,7.000000208616257,6.000000208616257,False,True
TD3 Uncertainty-Aware Delay + Adaptive Actor LR,2026,test_0005,medium,AB-QMIX,3.315294351115746,331.52943511157457,0.012370787000008931,8,80.83560083924151,31.944612503051758,0.0,31.944612503051758,31.944612503051758,,,0.14798040688037872,0.0,0.14798040688037872,0.14798040688037872,4.143451392650604,3.1434513926506042,False,True
TD3 Uncertainty-Aware Delay + Adaptive Actor LR,2026,test_0005,medium,ABPO,17.791683047436866,1779.1683047436866,0.07562920099996973,140,13.22240598575675,5.982142857142857,2.405748854519193,5.0,11.875,,,0.25,0.026726122598241298,0.15000000596046448,0.3499999940395355,7.0,6.0,False,True
TD3 Uncertainty-Aware Delay + Adaptive Actor LR,2026,test_0006,long,PSO / Metaheuristic,6.127383959250422,612.7383959250423,0.07356404200004363,12,13.593597806920492,24.05558156967163,14.781233162090475,5.368106842041016,42.41098403930664,,,0.24999999441206455,0.3143660349549727,0.05021550506353378,0.7940910458564758,15.999999642372131,14.999999642372131,False,True
TD3 Uncertainty-Aware Delay + Adaptive Actor LR,2026,test_0006,long,DDPG,3.578053778903949,357.80537789039494,0.027809663000084583,2,35.95872413113954,28.426750659942627,1.4987744664954772,26.49010467529297,30.318172454833984,,,0.2500000037252903,0.038558143901656176,0.21008022129535675,0.29546141624450684,16.00000023841858,15.000000238418579,False,True
TD3 Uncertainty-Aware Delay + Adaptive Actor LR,2026,test_0006,long,PPO,3.16190695246785,316.19069524678497,0.026531262999924365,2,37.69138318077246,31.92836046218872,2.1752622522955924,29.07500457763672,35.02861785888672,,,0.2499999962747097,0.009350403587642575,0.23693355917930603,0.2630309760570526,15.999999761581421,14.999999761581421,False,True
TD3 Uncertainty-Aware Delay + Adaptive Actor LR,2026,test_0006,long,SAC,3.0755908415428097,307.559084154281,0.03197097899999335,2,31.278366546116967,32.40461778640747,0.927823219451237,31.07709312438965,33.60594177246094,,,0.2499999925494194,0.013392973114183873,0.2338189035654068,0.2689870595932007,15.999999523162842,14.999999523162842,False,True
TD3 Uncertainty-Aware Delay + Adaptive Actor LR,2026,test_0006,long,MADDPG,3.1243156856645258,312.43156856645254,0.032369588999927146,8,30.893194226292174,31.861780166625977,0.978117170797186,31.118206024169922,33.543739318847656,,,0.2500000074505806,0.011988168590531093,0.23358938097953796,0.26486462354660034,16.000000476837158,15.000000476837158,False,True
TD3 Uncertainty-Aware Delay + Adaptive Actor LR,2026,test_0006,long,AB-QMIX,3.0768428406539896,307.6842840653989,0.021244390999981988,8,47.0712481238388,31.944612503051758,0.0,31.944612503051758,31.944612503051758,,,0.14798040688037872,0.0,0.14798040688037872,0.14798040688037872,9.470746040344238,8.470746040344238,False,True
TD3 Uncertainty-Aware Delay + Adaptive Actor LR,2026,test_0006,long,ABPO,18.45191925746714,1845.1919257467139,0.1548456379999834,320,6.458044365448042,5.859375,3.328345063146999,5.0,18.75,,,0.25,0.017677668475992475,0.15000000596046448,0.3499999940395355,16.0,15.0,False,True
TD3 Uncertainty-Aware Delay + Adaptive Actor LR,2026,test_0007,very_long,PSO / Metaheuristic,12.482177212159304,1248.2177212159304,0.08886652099999992,12,11.252831648489996,21.90073847770691,9.659817181443143,10.798834800720215,35.39094161987305,,,0.24999999813735485,0.30749023562683986,0.05085552856326103,0.7809173464775085,18.99999985843897,17.99999985843897,False,True
TD3 Uncertainty-Aware Delay + Adaptive Actor LR,2026,test_0007,very_long,DDPG,7.923792409843634,792.3792409843635,0.03016982700000881,2,33.14569884672219,32.21905851364136,1.0202783665251984,31.214189529418945,33.89655685424805,,,0.25,0.008678739175548584,0.2357867956161499,0.2592959702014923,19.0,18.0,False,True
TD3 Uncertainty-Aware Delay + Adaptive Actor LR,2026,test_0007,very_long,PPO,7.605017672506,760.5017672506,0.02984341499995935,2,33.50822953744945,33.2688775062561,2.68454749389529,29.877775192260742,37.353172302246094,,,0.25,0.011198155207107355,0.2310887575149536,0.2603650689125061,19.0,18.0,False,True
TD3 Uncertainty-Aware Delay + Adaptive Actor LR,2026,test_0007,very_long,SAC,7.728827803983089,772.8827803983089,0.03628713299997344,2,27.557977644602897,32.733975410461426,0.6986649580988981,32.06887435913086,33.77806091308594,,,0.25,0.009225128274691678,0.2421606332063675,0.26473498344421387,19.0,18.0,False,True
TD3 Uncertainty-Aware Delay + Adaptive Actor LR,2026,test_0007,very_long,MADDPG,7.611038498305025,761.1038498305026,0.036228026999992835,8,27.602938465299193,33.064303398132324,2.022045663222298,29.87874984741211,34.93058776855469,,,0.2499999925494194,0.01818599765638063,0.238065704703331,0.2814464271068573,18.999999433755875,17.999999433755875,False,True
TD3 Uncertainty-Aware Delay + Adaptive Actor LR,2026,test_0007,very_long,AB-QMIX,7.90335096881638,790.3350968816379,0.026562628000078803,8,37.64687740975906,31.944612503051758,0.0,31.944612503051758,31.944612503051758,,,0.14798040688037872,0.0,0.14798040688037872,0.14798040688037872,11.246510922908783,10.246510922908783,False,True
TD3 Uncertainty-Aware Delay + Adaptive Actor LR,2026,test_0007,very_long,ABPO,19.18398540465553,1918.398540465553,0.18605560899993634,380,5.374737184087485,10.427631578947368,6.533229307169264,5.0,18.75,,,0.25,0.03244428229232247,0.15000000596046448,0.3499999940395355,19.0,18.0,False,True
TD3 Uncertainty-Aware Delay + Adaptive Actor LR,2026,test_0008,short,PSO / Metaheuristic,7.284974647765731,728.4974647765731,0.0333488109999962,12,29.986076565071954,25.44430708885193,18.430455217109298,8.106416702270508,51.968929290771484,,,0.25000000186264515,0.16839071672391528,0.0711720883846283,0.42404767870903015,7.000000052154064,6.000000052154064,False,True
TD3 Uncertainty-Aware Delay + Adaptive Actor LR,2026,test_0008,short,DDPG,3.711126134156875,371.1126134156875,0.019605655999953342,2,51.005689378737436,31.962726593017578,4.1753018809634135,26.662904739379883,36.92781066894531,,,0.25,0.026053239562779194,0.21338164806365967,0.2755967974662781,7.0,6.0,False,True
TD3 Uncertainty-Aware Delay + Adaptive Actor LR,2026,test_0008,short,PPO,3.7096885754797038,370.96885754797034,0.023067773999969177,2,43.350520080582385,31.42356586456299,2.008267678687724,29.080829620361328,34.628334045410156,,,0.25,0.04541867673118122,0.19032172858715057,0.3014254570007324,7.0,6.0,False,True
TD3 Uncertainty-Aware Delay + Adaptive Actor LR,2026,test_0008,short,SAC,3.582269747228398,358.22697472283977,0.03529634500000611,2,28.331545376718942,32.389453411102295,2.5141942150448977,29.382177352905273,35.095890045166016,,,0.25,0.02016229736383526,0.2154097557067871,0.2657422125339508,7.0,6.0,False,True
TD3 Uncertainty-Aware Delay + Adaptive Actor LR,2026,test_0008,short,MADDPG,3.4703585082379846,347.03585082379846,0.023874988999978086,8,41.884836051690655,33.06830549240112,2.105312767383514,30.550634384155273,35.891990661621094,,,0.2499999962747097,0.032324900965220074,0.19907237589359283,0.28233030438423157,6.999999895691872,5.999999895691872,False,True
TD3 Uncertainty-Aware Delay + Adaptive Actor LR,2026,test_0008,short,AB-QMIX,3.5483730260824484,354.83730260824484,0.011840953999922021,8,84.45265474442223,31.944612503051758,0.0,31.944612503051758,31.944612503051758,,,0.14798040688037872,0.0,0.14798040688037872,0.14798040688037872,4.143451392650604,3.1434513926506042,False,True
TD3 Uncertainty-Aware Delay + Adaptive Actor LR,2026,test_0008,short,ABPO,16.19954009278,1619.954009278,0.06969534700010627,140,14.348160143294434,6.964285714285714,4.8114977090383855,5.0,18.75,,,0.25,0.026726122598241298,0.15000000596046448,0.3499999940395355,7.0,6.0,False,True
TD3 Uncertainty-Aware Delay + Adaptive Actor LR,2026,test_0009,medium,PSO / Metaheuristic,10.927985060387329,1092.7985060387327,0.0462448209999593,12,21.624043046915027,22.899211406707764,21.05546462791822,8.163626670837402,59.118064880371094,,,0.2500000009313226,0.3282658525571202,0.05341256782412529,0.8184293508529663,10.000000037252903,9.000000037252903,False,True
TD3 Uncertainty-Aware Delay + Adaptive Actor LR,2026,test_0009,medium,DDPG,6.776229767212965,677.6229767212966,0.022524564000036662,2,44.39597587764062,32.45508146286011,0.9842344073110599,31.238584518432617,33.8969841003418,,,0.25,0.03509004630014769,0.22564738988876343,0.3105999529361725,10.0,9.0,False,True
TD3 Uncertainty-Aware Delay + Adaptive Actor LR,2026,test_0009,medium,PPO,7.712946923674286,771.2946923674286,0.020078252000075736,2,49.80513243863201,30.06851577758789,2.062669721298024,26.86831283569336,32.1878547668457,,,0.2500000037252903,0.026081334456609463,0.20842775702476501,0.2783404588699341,10.000000149011612,9.000000149011612,False,True
TD3 Uncertainty-Aware Delay + Adaptive Actor LR,2026,test_0009,medium,SAC,6.761186538302172,676.1186538302172,0.02516539099997317,2,39.73711356207683,32.517658710479736,1.042635286473364,31.168771743774414,34.090240478515625,,,0.2499999962747097,0.021227055608560908,0.22824734449386597,0.2845425009727478,9.999999850988388,8.999999850988388,False,True
TD3 Uncertainty-Aware Delay + Adaptive Actor LR,2026,test_0009,medium,MADDPG,7.085652505125177,708.5652505125177,0.02653825599998072,8,37.681451260426705,31.732052326202393,1.1941401941973162,29.801897048950195,33.07543182373047,,,0.2500000111758709,0.010310254030960782,0.23729084432125092,0.2610388398170471,10.000000447034836,9.000000447034836,False,True
TD3 Uncertainty-Aware Delay + Adaptive Actor LR,2026,test_0009,medium,AB-QMIX,6.861128249586306,686.1128249586305,0.014976864000004753,8,66.76965217816512,31.944612503051758,0.0,31.944612503051758,31.944612503051758,,,0.14798040688037872,0.0,0.14798040688037872,0.14798040688037872,5.919216275215149,4.919216275215149,False,True
TD3 Uncertainty-Aware Delay + Adaptive Actor LR,2026,test_0009,medium,ABPO,18.666512693727576,1866.6512693727577,0.09663637400001335,200,10.34807038600043,11.1875,3.7023008049049717,5.0,18.75,,,0.25,0.03162277471681942,0.15000000596046448,0.3499999940395355,10.0,9.0,False,True
TD3 Uncertainty-Aware Delay + Adaptive Actor LR,2027,test_0000,short,PSO / Metaheuristic,12.47924567101237,1247.924567101237,0.02958133300001009,12,33.80510269769313,20.385088682174683,7.742629761087682,15.603784561157227,33.7867317199707,,,0.2500000074505806,0.25270935010334866,0.07861872017383575,0.6859134435653687,6.000000178813934,5.000000178813934,False,True
TD3 Uncertainty-Aware Delay + Adaptive Actor LR,2027,test_0000,short,DDPG,6.397826878727944,639.7826878727944,0.019277098999964437,2,51.87502538643625,32.14337873458862,3.0880601975129722,29.14923095703125,36.388633728027344,,,0.2499999962747097,0.06499554824999573,0.1669788509607315,0.33028465509414673,5.999999910593033,4.999999910593033,False,True
TD3 Uncertainty-Aware Delay + Adaptive Actor LR,2027,test_0000,short,PPO,6.42746802064801,642.7468020648009,0.016599367000026177,2,60.2432610832945,31.968797206878662,1.2565900222497994,30.69412612915039,33.50602340698242,,,0.2500000037252903,0.0237745405510779,0.209202840924263,0.268802672624588,6.000000089406967,5.000000089406967,False,True
TD3 Uncertainty-Aware Delay + Adaptive Actor LR,2027,test_0000,short,SAC,6.1564590632901455,615.6459063290146,0.021478167000054782,2,46.558907936484964,32.70642328262329,0.9373048714355646,31.53680992126465,34.08042907714844,,,0.25,0.025476887285089265,0.2200152426958084,0.2901647984981537,6.0,5.0,False,True
TD3 Uncertainty-Aware Delay + Adaptive Actor LR,2027,test_0000,short,MADDPG,6.113795643570691,611.3795643570691,0.022498625999901378,8,44.44715868446293,32.7940092086792,0.5544604481738913,32.16792678833008,33.59393310546875,,,0.2500000074505806,0.007392126780576453,0.2374255359172821,0.2562658488750458,6.000000178813934,5.000000178813934,False,True
TD3 Uncertainty-Aware Delay + Adaptive Actor LR,2027,test_0000,short,AB-QMIX,6.311734320195224,631.1734320195224,0.011402471999986119,8,87.70028113212796,31.944612503051758,0.0,31.944612503051758,31.944612503051758,,,0.14798040688037872,0.0,0.14798040688037872,0.14798040688037872,3.5515297651290894,2.5515297651290894,False,True
TD3 Uncertainty-Aware Delay + Adaptive Actor LR,2027,test_0000,short,ABPO,18.13356288606069,1813.356288606069,0.06405986299989763,120,15.610398667284038,11.875,3.9692831006786773,5.0,18.75,,,0.25,0.0288675117388434,0.15000000596046448,0.3499999940395355,6.0,5.0,False,True
TD3 Uncertainty-Aware Delay + Adaptive Actor LR,2027,test_0001,medium,PSO / Metaheuristic,18.25050546363392,1825.0505463633922,0.033385593000048175,12,29.953039923495055,18.121963024139404,1.8375693597509817,15.549571990966797,20.637367248535156,,,0.24999999441206455,0.11591102664654833,0.0695926770567894,0.3887113928794861,6.9999998435378075,5.9999998435378075,False,True
TD3 Uncertainty-Aware Delay + Adaptive Actor LR,2027,test_0001,medium,DDPG,11.762582600823963,1176.2582600823962,0.02508290500009025,2,39.86779043322143,30.507421493530273,3.228583235165448,25.884410858154297,35.014747619628906,,,0.2500000037252903,0.07450020415712279,0.1908499151468277,0.3769448697566986,7.000000104308128,6.000000104308128,False,True
TD3 Uncertainty-Aware Delay + Adaptive Actor LR,2027,test_0001,medium,PPO,10.608791726423673,1060.8791726423674,0.022399928000027103,2,44.64300063816232,32.55891180038452,2.5969605257559056,29.49855613708496,36.53288650512695,,,0.25,0.015299500403548336,0.22368669509887695,0.26164481043815613,7.0,6.0,False,True
TD3 Uncertainty-Aware Delay + Adaptive Actor LR,2027,test_0001,medium,SAC,11.081321652916927,1108.1321652916927,0.02970271499998489,2,33.6669560341709,31.985655784606934,1.347278139935563,30.21415138244629,33.900001525878906,,,0.2500000037252903,0.009005654355024971,0.24140657484531403,0.26387885212898254,7.000000104308128,6.000000104308128,False,True
TD3 Uncertainty-Aware Delay + Adaptive Actor LR,2027,test_0001,medium,MADDPG,11.835119236235267,1183.5119236235266,0.03030298299995593,8,33.000051513128405,30.822693347930908,0.6997709472677103,29.64531707763672,31.357004165649414,,,0.25,0.005072649444057619,0.24383877217769623,0.25772544741630554,7.0,6.0,False,True
TD3 Uncertainty-Aware Delay + Adaptive Actor LR,2027,test_0001,medium,AB-QMIX,10.891609910792152,1089.1609910792154,0.014755254000078821,8,67.77246938579695,31.944612503051758,0.0,31.944612503051758,31.944612503051758,,,0.14798040688037872,0.0,0.14798040688037872,0.14798040688037872,4.143451392650604,3.1434513926506042,False,True
TD3 Uncertainty-Aware Delay + Adaptive Actor LR,2027,test_0001,medium,ABPO,18.91975791184199,1891.9757911841991,0.07058094399997117,140,14.168130140061722,15.803571428571429,5.007965593707199,5.0,18.75,,,0.25,0.0,0.25,0.25,7.0,6.0,False,True
TD3 Uncertainty-Aware Delay + Adaptive Actor LR,2027,test_0002,long,PSO / Metaheuristic,10.78744845091014,1078.7448450910142,0.046576612000080786,12,21.470003013492384,23.433441996574402,12.561332612634237,7.143834590911865,42.22732162475586,,,0.2499999962747097,0.15362677717526887,0.07221701741218567,0.48199737071990967,9.999999850988388,8.999999850988388,False,True
TD3 Uncertainty-Aware Delay + Adaptive Actor LR,2027,test_0002,long,DDPG,5.966761225199119,596.6761225199119,0.022952985999950215,2,43.567316252542,33.1619348526001,2.3425072703600893,31.39480209350586,37.12253189086914,,,0.2500000037252903,0.011570554248433685,0.23604178428649902,0.26168984174728394,10.000000149011612,9.000000149011612,False,True
TD3 Uncertainty-Aware Delay + Adaptive Actor LR,2027,test_0002,long,PPO,5.951451549607546,595.1451549607547,0.0203719620000129,2,49.08707369468718,33.30352210998535,1.757328346421663,31.019264221191406,35.13180923461914,,,0.25,0.04265430735272479,0.19319920241832733,0.31344109773635864,10.0,9.0,False,True
TD3 Uncertainty-Aware Delay + Adaptive Actor LR,2027,test_0002,long,SAC,5.952629184726675,595.2629184726675,0.029523837999931857,2,33.87093507295048,33.27477741241455,2.0254874591481773,30.298583984375,35.857276916503906,,,0.25,0.006727817400306925,0.23905155062675476,0.25589850544929504,10.0,9.0,False,True
TD3 Uncertainty-Aware Delay + Adaptive Actor LR,2027,test_0002,long,MADDPG,5.7523685820260475,575.2368582026048,0.03990493699996023,8,25.05955591412152,33.99174976348877,1.4093471146616743,32.84278869628906,36.38579559326172,,,0.2499999962747097,0.013453220815889974,0.23096053302288055,0.268809050321579,9.999999850988388,8.999999850988388,False,True
TD3 Uncertainty-Aware Delay + Adaptive Actor LR,2027,test_0002,long,AB-QMIX,6.339706082025875,633.9706082025875,0.016212039000038203,8,61.68255578447865,31.944612503051758,0.0,31.944612503051758,31.944612503051758,,,0.14798040688037872,0.0,0.14798040688037872,0.14798040688037872,5.919216275215149,4.919216275215149,False,True
TD3 Uncertainty-Aware Delay + Adaptive Actor LR,2027,test_0002,long,ABPO,17.69734209521214,1769.734209521214,0.0976087589999679,200,10.244982215175268,12.5625,3.7023008049049717,5.0,18.75,,,0.25,0.06708203532659257,0.15000000596046448,0.3499999940395355,10.0,9.0,False,True
TD3 Uncertainty-Aware Delay + Adaptive Actor LR,2027,test_0003,very_long,PSO / Metaheuristic,14.947306320442344,1494.7306320442344,0.04193247499995323,12,23.847864930489205,10.922828555107117,4.582251449017183,6.465893268585205,18.244951248168945,,,0.2500000037252903,0.1073376911614248,0.11078085005283356,0.4092760384082794,9.00000013411045,8.00000013411045,False,True
TD3 Uncertainty-Aware Delay + Adaptive Actor LR,2027,test_0003,very_long,DDPG,5.5491410502125635,554.9141050212563,0.021461239999894133,2,46.59563007565886,32.04003047943115,1.1833713096149505,30.692413330078125,33.25010681152344,,,0.2499999962747097,0.027457360572565544,0.22082071006298065,0.2892740070819855,8.99999986588955,7.999999865889549,False,True
TD3 Uncertainty-Aware Delay + Adaptive Actor LR,2027,test_0003,very_long,PPO,5.345494380887848,534.5494380887848,0.01859651099994153,2,53.773527733408926,32.73109197616577,3.1018234900896497,27.97385597229004,36.65475082397461,,,0.2499999962747097,0.044049846736770225,0.1810542345046997,0.29009854793548584,8.99999986588955,7.999999865889549,False,True
TD3 Uncertainty-Aware Delay + Adaptive Actor LR,2027,test_0003,very_long,SAC,5.300225513614011,530.022551361401,0.023777327000061632,2,42.05687207806866,32.9488582611084,0.8465458947785992,32.03718185424805,34.166412353515625,,,0.25,0.015402393759110952,0.22953946888446808,0.27295979857444763,9.0,8.0,False,True
TD3 Uncertainty-Aware Delay + Adaptive Actor LR,2027,test_0003,very_long,MADDPG,5.548155136171896,554.8155136171896,0.02472823100004007,8,40.4396092869878,31.997555255889893,0.48794947296279056,31.23258399963379,32.59079360961914,,,0.2500000037252903,0.01241480395069536,0.23774002492427826,0.2697736620903015,9.00000013411045,8.00000013411045,False,True
TD3 Uncertainty-Aware Delay + Adaptive Actor LR,2027,test_0003,very_long,AB-QMIX,5.4582194139558915,545.8219413955891,0.013665700000046854,8,73.17590756394267,31.944612503051758,0.0,31.944612503051758,31.944612503051758,,,0.14798040688037872,0.0,0.14798040688037872,0.14798040688037872,5.327294647693634,4.327294647693634,False,True
TD3 Uncertainty-Aware Delay + Adaptive Actor LR,2027,test_0003,very_long,ABPO,17.20038889685639,1720.0388896856389,0.08790474499994616,180,11.375950183356,11.11111111111111,6.014867125981245,5.0,18.75,,,0.25,0.03333333134651184,0.15000000596046448,0.3499999940395355,9.0,8.0,False,True
TD3 Uncertainty-Aware Delay + Adaptive Actor LR,2027,test_0004,short,PSO / Metaheuristic,14.016257338391474,1401.6257338391474,0.023827502000017375,12,41.96831040027909,23.536657333374023,5.924083998231791,13.702445983886719,28.562788009643555,,,0.2500000046566129,0.32817809171174267,0.05053367465734482,0.8182671070098877,5.0000000931322575,4.0000000931322575,False,True
TD3 Uncertainty-Aware Delay + Adaptive Actor LR,2027,test_0004,short,DDPG,11.246435666820323,1124.6435666820323,0.01805479999995896,2,55.38693311486547,31.82963275909424,0.9920504136089063,30.401729583740234,33.16002655029297,,,0.25,0.037086418706520595,0.2203948050737381,0.3125881254673004,5.0,4.0,False,True
TD3 Uncertainty-Aware Delay + Adaptive Actor LR,2027,test_0004,short,PPO,11.469269606071865,1146.9269606071866,0.014545096000006197,2,68.75169472924578,31.88111972808838,3.2037593116533865,29.26981544494629,37.134361267089844,,,0.2499999962747097,0.057007536454994776,0.1850527822971344,0.32263094186782837,4.999999925494194,3.999999925494194,False,True
TD3 Uncertainty-Aware Delay + Adaptive Actor LR,2027,test_0004,short,SAC,10.71091523920545,1071.091523920545,0.02073260700001356,2,48.23320096692838,33.08618640899658,0.37678123789281337,32.668006896972656,33.47692108154297,,,0.2500000037252903,0.01691307576385268,0.22820226848125458,0.2729075253009796,5.000000074505806,4.000000074505806,False,True
TD3 Uncertainty-Aware Delay + Adaptive Actor LR,2027,test_0004,short,MADDPG,10.779665083171452,1077.966508317145,0.022359887999982675,8,44.72294315610055,33.099369049072266,0.5441002941258127,32.1981315612793,33.63787078857422,,,0.2500000111758709,0.00834858303269852,0.23708656430244446,0.2599560618400574,5.000000223517418,4.000000223517418,False,True
TD3 Uncertainty-Aware Delay + Adaptive Actor LR,2027,test_0004,short,AB-QMIX,10.961918719763872,1096.1918719763873,0.009906289000014112,8,100.94597482453575,31.944612503051758,0.0,31.944612503051758,31.944612503051758,,,0.14798040688037872,0.0,0.14798040688037872,0.14798040688037872,2.9596081376075745,1.9596081376075745,False,True
TD3 Uncertainty-Aware Delay + Adaptive Actor LR,2027,test_0004,short,ABPO,15.981985798835689,1598.198579883569,0.05281751199993323,100,18.93311445645649,17.375,2.75,11.875,18.75,,,0.25,0.0707106739039699,0.15000000596046448,0.3499999940395355,5.0,4.0,False,True
TD3 Uncertainty-Aware Delay + Adaptive Actor LR,2027,test_0005,medium,PSO / Metaheuristic,4.51748752914265,451.74875291426497,0.0314068129999896,12,31.840225240311113,33.27222990989685,19.746027042714314,6.205183982849121,56.633785247802734,,,0.25000000186264515,0.13323119322320745,0.10715845972299576,0.46839675307273865,6.000000044703484,5.000000044703484,False,True
TD3 Uncertainty-Aware Delay + Adaptive Actor LR,2027,test_0005,medium,DDPG,3.1224627351138303,312.24627351138304,0.019318085000008978,2,51.764965316155056,32.04586362838745,1.3745039211556,30.696348190307617,34.07038497924805,,,0.25,0.022138123882787197,0.23268823325634003,0.2880173325538635,6.0,5.0,False,True
TD3 Uncertainty-Aware Delay + Adaptive Actor LR,2027,test_0005,medium,PPO,3.339913916589905,333.9913916589905,0.016017021000038767,2,62.433582374498954,30.589228630065918,4.727238105568136,25.39790153503418,38.281246185302734,,,0.2499999962747097,0.00709073338961071,0.23962634801864624,0.2570745050907135,5.999999910593033,4.999999910593033,False,True
TD3 Uncertainty-Aware Delay + Adaptive Actor LR,2027,test_0005,medium,SAC,3.0293963475442554,302.9396347544255,0.02114108600005693,2,47.30125973648218,32.9178900718689,0.9953099038682819,31.931934356689453,34.140960693359375,,,0.25,0.012493833459743758,0.23533953726291656,0.26742029190063477,6.0,5.0,False,True
TD3 Uncertainty-Aware Delay + Adaptive Actor LR,2027,test_0005,medium,MADDPG,3.044853444654524,304.48534446545244,0.022529521000024033,8,44.38620776708627,32.797194480895996,1.227410321035468,31.666728973388672,34.85988235473633,,,0.2500000111758709,0.01609518234276922,0.23160356283187866,0.2692302167415619,6.0000002682209015,5.0000002682209015,False,True
TD3 Uncertainty-Aware Delay + Adaptive Actor LR,2027,test_0005,medium,AB-QMIX,3.0810430976581036,308.1043097658104,0.010968088999902648,8,91.17358548137929,31.944612503051758,0.0,31.944612503051758,31.944612503051758,,,0.14798040688037872,0.0,0.14798040688037872,0.14798040688037872,3.5515297651290894,2.5515297651290894,False,True
TD3 Uncertainty-Aware Delay + Adaptive Actor LR,2027,test_0005,medium,ABPO,15.736152570207503,1573.6152570207503,0.06022831899997527,120,16.603485147915393,7.291666666666667,5.124322448437018,5.0,18.75,,,0.25,0.0288675117388434,0.15000000596046448,0.3499999940395355,6.0,5.0,False,True
TD3 Uncertainty-Aware Delay + Adaptive Actor LR,2027,test_0006,long,PSO / Metaheuristic,6.775232503945125,677.5232503945124,0.05165752799996426,12,19.35826274924909,21.459619283676147,10.396252131436944,10.769158363342285,38.58332061767578,,,0.2499999925494194,0.12185383115150313,0.12308770418167114,0.4279820919036865,10.999999672174454,9.999999672174454,False,True
TD3 Uncertainty-Aware Delay + Adaptive Actor LR,2027,test_0006,long,DDPG,3.2360634265084176,323.6063426508418,0.02332231699995191,2,42.877386496464396,31.975443840026855,2.392434143929138,29.435958862304688,35.72669219970703,,,0.2499999962747097,0.028367001452369048,0.20382972061634064,0.27363190054893494,10.999999836087227,9.999999836087227,False,True
TD3 Uncertainty-Aware Delay + Adaptive Actor LR,2027,test_0006,long,PPO,3.256375255596403,325.63752555964027,0.02108437899994442,2,47.428477737126435,31.941136837005615,2.364470060675968,28.174283981323242,34.00261688232422,,,0.2500000037252903,0.022588872475933896,0.2233710139989853,0.2848697900772095,11.000000163912773,10.000000163912773,False,True
TD3 Uncertainty-Aware Delay + Adaptive Actor LR,2027,test_0006,long,SAC,3.1276995726928862,312.7699572692886,0.026532459000009112,2,37.68968417136371,32.778215408325195,2.095013012570541,29.657878875732422,35.374168395996094,,,0.2499999962747097,0.0425183620288467,0.21843880414962769,0.3231458365917206,10.999999836087227,9.999999836087227,False,True
TD3 Uncertainty-Aware Delay + Adaptive Actor LR,2027,test_0006,long,MADDPG,3.1624157641471444,316.2415764147145,0.027761497000028612,8,36.02111226202857,32.40640449523926,1.8111543819891551,29.882686614990234,34.29924011230469,,,0.2500000149011612,0.010818233255682508,0.23412245512008667,0.26384204626083374,11.000000655651093,10.000000655651093,False,True
TD3 Uncertainty-Aware Delay + Adaptive Actor LR,2027,test_0006,long,AB-QMIX,3.1613661251490086,316.1366125149009,0.016324925000049006,8,61.25602414694083,31.944612503051758,0.0,31.944612503051758,31.944612503051758,,,0.14798040688037872,0.0,0.14798040688037872,0.14798040688037872,6.511137902736664,5.511137902736664,False,True
TD3 Uncertainty-Aware Delay + Adaptive Actor LR,2027,test_0006,long,ABPO,17.117070894056656,1711.7070894056656,0.12433085899999696,220,8.043055505632953,6.25,3.952847075210474,5.0,18.75,,,0.25,0.021320070364785747,0.15000000596046448,0.3499999940395355,11.0,10.0,False,True
TD3 Uncertainty-Aware Delay + Adaptive Actor LR,2027,test_0007,very_long,PSO / Metaheuristic,12.299738969476165,1229.9738969476166,0.056710146999989774,12,17.63352861702475,17.39667057991028,6.381861236683063,8.750160217285156,24.471975326538086,,,0.25000000186264515,0.10261726975712916,0.07629335671663284,0.33654704689979553,12.000000089406967,11.000000089406967,False,True
TD3 Uncertainty-Aware Delay + Adaptive Actor LR,2027,test_0007,very_long,DDPG,6.60186427223427,660.1864272234269,0.024531054000021868,2,40.76465691197404,32.05776596069336,0.7142374222235746,31.34328842163086,32.96493911743164,,,0.2499999962747097,0.011500150764435457,0.23275621235370636,0.2651446461677551,11.999999821186066,10.999999821186066,False,True
TD3 Uncertainty-Aware Delay + Adaptive Actor LR,2027,test_0007,very_long,PPO,7.021012654924029,702.101265492403,0.022345288999986224,2,44.75216230144155,31.099875926971436,0.9400090380475108,29.55010986328125,31.923858642578125,,,0.2499999962747097,0.0265036983813953,0.22093968093395233,0.28637778759002686,11.999999821186066,10.999999821186066,False,True
TD3 Uncertainty-Aware Delay + Adaptive Actor LR,2027,test_0007,very_long,SAC,6.631134199309495,663.1134199309496,0.026977520999935223,2,37.06789812163991,32.1471061706543,0.4237019656534773,31.435455322265625,32.550662994384766,,,0.25,0.01934062597109221,0.23655681312084198,0.28339219093322754,12.0,11.0,False,True
TD3 Uncertainty-Aware Delay + Adaptive Actor LR,2027,test_0007,very_long,MADDPG,6.726065344251597,672.6065344251597,0.02828586800001176,8,35.35334323131198,31.65459394454956,1.0272704408336384,30.372478485107422,33.233619689941406,,,0.2500000074505806,0.012391653758816831,0.23793965578079224,0.26674094796180725,12.000000357627869,11.000000357627869,False,True
TD3 Uncertainty-Aware Delay + Adaptive Actor LR,2027,test_0007,very_long,AB-QMIX,6.560111584116299,656.0111584116299,0.01690926899993883,8,59.139162077533776,31.944612503051758,0.0,31.944612503051758,31.944612503051758,,,0.14798040688037872,0.0,0.14798040688037872,0.14798040688037872,7.103059530258179,6.103059530258179,False,True
TD3 Uncertainty-Aware Delay + Adaptive Actor LR,2027,test_0007,very_long,ABPO,17.644800776873783,1764.4800776873783,0.11611672499998349,240,8.612023806218632,10.729166666666666,6.170501341508285,5.0,18.75,,,0.25,0.05400616926771344,0.15000000596046448,0.3499999940395355,12.0,11.0,False,True
TD3 Uncertainty-Aware Delay + Adaptive Actor LR,2027,test_0008,short,PSO / Metaheuristic,8.474075346722564,847.4075346722565,0.03360637700006919,12,29.75625727218204,17.23810636997223,8.398867449115622,6.993316173553467,30.102510452270508,,,0.2499999962747097,0.26763353570792314,0.08156146854162216,0.7132409811019897,5.999999910593033,4.999999910593033,False,True
TD3 Uncertainty-Aware Delay + Adaptive Actor LR,2027,test_0008,short,DDPG,3.293216216998335,329.3216216998335,0.019521013000030507,2,51.22684975407973,32.26591634750366,2.458092399195317,30.228559494018555,36.321044921875,,,0.25,0.03807220182992033,0.19105899333953857,0.29645872116088867,6.0,5.0,False,True
TD3 Uncertainty-Aware Delay + Adaptive Actor LR,2027,test_0008,short,PPO,3.3054755617470026,330.5475561747003,0.01665903100001742,2,60.02750099924505,31.871333122253418,1.4779472374117009,29.465585708618164,33.41020202636719,,,0.2500000037252903,0.02996945775482472,0.20994853973388672,0.29432523250579834,6.000000089406967,5.000000089406967,False,True
TD3 Uncertainty-Aware Delay + Adaptive Actor LR,2027,test_0008,short,SAC,3.125478996275458,312.54789962754575,0.02288383600000543,2,43.69896725355673,33.584553718566895,1.299498484280445,32.710018157958984,35.829498291015625,,,0.25,0.014698095930424484,0.22848258912563324,0.2688412666320801,6.0,5.0,False,True
TD3 Uncertainty-Aware Delay + Adaptive Actor LR,2027,test_0008,short,MADDPG,3.1993694284363863,319.9369428436386,0.02465042699998321,8,40.56724859170517,32.74934434890747,1.5213792710303855,31.507041931152344,35.28363800048828,,,0.25,0.011705688496580735,0.23584744334220886,0.2652663290500641,6.0,5.0,False,True
TD3 Uncertainty-Aware Delay + Adaptive Actor LR,2027,test_0008,short,AB-QMIX,3.2478706081083666,324.7870608108367,0.012609362000034707,8,79.3061536338831,31.944612503051758,0.0,31.944612503051758,31.944612503051758,,,0.14798040688037872,0.0,0.14798040688037872,0.14798040688037872,3.5515297651290894,2.5515297651290894,False,True
TD3 Uncertainty-Aware Delay + Adaptive Actor LR,2027,test_0008,short,ABPO,16.358745790347754,1635.8745790347755,0.07228654900006859,120,13.833832349626363,7.291666666666667,5.124322448437018,5.0,18.75,,,0.25,0.0,0.25,0.25,6.0,5.0,False,True
TD3 Uncertainty-Aware Delay + Adaptive Actor LR,2027,test_0009,medium,PSO / Metaheuristic,8.712752850846345,871.2752850846344,0.04322052999998505,12,23.13715264482749,25.879889965057373,15.648192515480401,10.532797813415527,48.552181243896484,,,0.2499999962747097,0.16824052323473204,0.1211857944726944,0.5391438007354736,7.9999998807907104,6.9999998807907104,False,True
TD3 Uncertainty-Aware Delay + Adaptive Actor LR,2027,test_0009,medium,DDPG,5.445017881801516,544.5017881801516,0.02235394100000576,2,44.73484116289572,31.090024948120117,2.1429772536722256,29.210285186767578,34.714256286621094,,,0.25,0.04764091645627917,0.2113807499408722,0.3315730094909668,8.0,7.0,False,True
TD3 Uncertainty-Aware Delay + Adaptive Actor LR,2027,test_0009,medium,PPO,5.368472656771603,536.8472656771603,0.019178574000079607,2,52.141520010603976,31.53687334060669,3.7560725432740414,25.075185775756836,34.10272979736328,,,0.25,0.0378971987979232,0.215892031788826,0.31424424052238464,8.0,7.0,False,True
TD3 Uncertainty-Aware Delay + Adaptive Actor LR,2027,test_0009,medium,SAC,5.172503362595437,517.2503362595437,0.02318044200001168,2,43.13981588442085,32.316582679748535,2.411835221734277,29.29354476928711,35.88146209716797,,,0.2499999962747097,0.01287080156420047,0.23565052449703217,0.2664041221141815,7.9999998807907104,6.9999998807907104,False,True
TD3 Uncertainty-Aware Delay + Adaptive Actor LR,2027,test_0009,medium,MADDPG,5.120037377182586,512.0037377182585,0.024282428999981676,8,41.1820415494988,32.350637435913086,0.6673486628330562,31.664894104003906,33.34004211425781,,,0.2500000074505806,0.02798003250859325,0.210210382938385,0.2872779071331024,8.000000238418579,7.000000238418579,False,True
TD3 Uncertainty-Aware Delay + Adaptive Actor LR,2027,test_0009,medium,AB-QMIX,5.158877149781015,515.8877149781015,0.012820031000046583,8,78.00293150588843,31.944612503051758,0.0,31.944612503051758,31.944612503051758,,,0.14798040688037872,0.0,0.14798040688037872,0.14798040688037872,4.735373020172119,3.735373020172119,False,True
TD3 Uncertainty-Aware Delay + Adaptive Actor LR,2027,test_0009,medium,ABPO,18.15300584943774,1815.300584943774,0.07843292899997323,160,12.749746984462883,6.71875,4.547385065892265,5.0,18.75,,,0.25,0.0433012676082651,0.15000000596046448,0.3499999940395355,8.0,7.0,False,True
TD3 Uncertainty-Aware Delay + Adaptive Actor LR,2028,test_0000,short,PSO / Metaheuristic,14.148296714338574,1414.8296714338574,0.019825805999971635,12,50.43931126943493,13.100042819976807,5.628535606533376,5.392341613769531,21.250539779663086,,,0.24999999441206455,0.15390464225959552,0.08360365778207779,0.45522934198379517,3.999999910593033,2.999999910593033,False,True
TD3 Uncertainty-Aware Delay + Adaptive Actor LR,2028,test_0000,short,DDPG,7.018194922410538,701.8194922410538,0.01751300800003719,2,57.10041358959446,32.59799003601074,1.6282248617589359,30.022541046142578,34.10160827636719,,,0.2500000037252903,0.008699309486008614,0.23920734226703644,0.26301679015159607,4.000000059604645,3.0000000596046448,False,True
TD3 Uncertainty-Aware Delay + Adaptive Actor LR,2028,test_0000,short,PPO,6.990932057780425,699.0932057780425,0.014190385000006245,2,70.47025151182015,32.68776559829712,2.26423105581906,29.667695999145508,35.07723617553711,,,0.25,0.03040458019830321,0.2026067078113556,0.2873416244983673,4.0,3.0,False,True
TD3 Uncertainty-Aware Delay + Adaptive Actor LR,2028,test_0000,short,SAC,6.649518868820197,664.9518868820196,0.03301412400003301,2,30.2900661546858,33.545409202575684,1.1534264107115637,32.054630279541016,34.92727279663086,,,0.25,0.012272257709427099,0.22964102029800415,0.2623157799243927,4.0,3.0,False,True
TD3 Uncertainty-Aware Delay + Adaptive Actor LR,2028,test_0000,short,MADDPG,6.907500574217781,690.7500574217781,0.028272103000062998,8,35.37055591505774,32.83511686325073,0.9760739864535929,31.225584030151367,33.62983703613281,,,0.2499999813735485,0.004348478897153465,0.24392151832580566,0.2551147937774658,3.999999701976776,2.999999701976776,False,True
TD3 Uncertainty-Aware Delay + Adaptive Actor LR,2028,test_0000,short,AB-QMIX,7.107189573462725,710.7189573462725,0.009060851999947772,8,110.36489725312411,31.944612503051758,0.0,31.944612503051758,31.944612503051758,,,0.14798040688037872,0.0,0.14798040688037872,0.14798040688037872,2.3676865100860596,1.3676865100860596,False,True
TD3 Uncertainty-Aware Delay + Adaptive Actor LR,2028,test_0000,short,ABPO,16.34628742664119,1634.628742664119,0.041855266999959895,80,23.891855713187976,15.3125,5.953924651018015,5.0,18.75,,,0.25,0.061237239919555306,0.15000000596046448,0.3499999940395355,4.0,3.0,False,True
TD3 Uncertainty-Aware Delay + Adaptive Actor LR,2028,test_0001,medium,PSO / Metaheuristic,11.168192106487341,1116.819210648734,0.2716175340000291,12,3.681647444748147,26.631003856658936,5.550231698190691,18.857074737548828,34.55406188964844,,,0.24999999441206455,0.29932039613548206,0.06679826229810715,0.7682798504829407,59.99999865889549,58.99999865889549,False,True
TD3 Uncertainty-Aware Delay + Adaptive Actor LR,2028,test_0001,medium,DDPG,11.263315926766445,1126.3315926766445,0.06536452600005305,2,15.298818199939038,31.70507574081421,1.1571748822102712,30.124147415161133,33.28719711303711,,,0.2500000037252903,0.030217595397797555,0.22621195018291473,0.30187544226646423,60.00000089406967,59.00000089406967,False,True
TD3 Uncertainty-Aware Delay + Adaptive Actor LR,2028,test_0001,medium,PPO,10.892544172874661,1089.2544172874661,0.06583506399999806,2,15.18947410759758,33.167211055755615,1.1354095851826504,31.69919776916504,34.58806228637695,,,0.2500000037252903,0.017297986707935333,0.23412451148033142,0.2782260477542877,60.00000089406967,59.00000089406967,False,True
TD3 Uncertainty-Aware Delay + Adaptive Actor LR,2028,test_0001,medium,SAC,11.19996334393161,1119.996334393161,0.0670806220000486,2,14.907434817752218,31.83962631225586,1.4334359174360614,30.187593460083008,34.069740295410156,,,0.25,0.015424507569987549,0.22970682382583618,0.2728613615036011,60.0,59.0,False,True
TD3 Uncertainty-Aware Delay + Adaptive Actor LR,2028,test_0001,medium,MADDPG,11.216706992825173,1121.6706992825175,0.0705914740000253,8,14.166016706205081,31.764960289001465,1.4814047611026133,29.216552734375,32.80177688598633,,,0.2499999962747097,0.010836352642213864,0.2364279329776764,0.265029639005661,59.99999910593033,58.99999910593033,False,True
TD3 Uncertainty-Aware Delay + Adaptive Actor LR,2028,test_0001,medium,AB-QMIX,10.959338864969174,1095.9338864969175,0.05861354000001029,8,17.060904357590832,31.944612503051758,0.0,31.944612503051758,31.944612503051758,,,0.14798040688037872,0.0,0.14798040688037872,0.14798040688037872,35.515297651290894,34.515297651290894,False,True
TD3 Uncertainty-Aware Delay + Adaptive Actor LR,2028,test_0001,medium,ABPO,12.30285831803643,1230.285831803643,0.5878292940000165,1200,1.7011741507390272,27.229166666666668,7.14103337332132,5.0,32.5,,,0.25,0.04564354373819647,0.15000000596046448,0.3499999940395355,60.0,59.0,False,True
TD3 Uncertainty-Aware Delay + Adaptive Actor LR,2028,test_0002,long,PSO / Metaheuristic,11.994870612288096,1199.4870612288096,0.04484201100001428,12,22.3005163617591,20.952046155929565,7.121034592387174,9.32979679107666,28.3607234954834,,,0.24999999813735485,0.14305093992007822,0.07840161770582199,0.3969671130180359,8.999999932944775,7.999999932944775,False,True
TD3 Uncertainty-Aware Delay + Adaptive Actor LR,2028,test_0002,long,DDPG,8.68006013753019,868.0060137530188,0.021867874999998094,2,45.72918036160748,31.823038578033447,0.6134318415741561,30.761014938354492,32.206146240234375,,,0.2499999962747097,0.03390985833159696,0.21172811090946198,0.29206743836402893,8.99999986588955,7.999999865889549,False,True
TD3 Uncertainty-Aware Delay + Adaptive Actor LR,2028,test_0002,long,PPO,9.020378967934297,902.0378967934297,0.019915178000019296,2,50.2129581768755,31.399099826812744,2.90754622046637,27.831478118896484,35.84237289428711,,,0.25,0.04839532224917355,0.2117997705936432,0.33121708035469055,9.0,8.0,False,True
TD3 Uncertainty-Aware Delay + Adaptive Actor LR,2028,test_0002,long,SAC,8.351384334750755,835.1384334750754,0.026917836999928113,2,37.15008750527283,32.57102298736572,1.42138484851067,30.719539642333984,34.677642822265625,,,0.2500000037252903,0.015680023862022104,0.22586248815059662,0.2654392719268799,9.00000013411045,8.00000013411045,False,True
TD3 Uncertainty-Aware Delay + Adaptive Actor LR,2028,test_0002,long,MADDPG,8.320490132157436,832.0490132157437,0.025538396999991164,8,39.15672545932879,32.74551343917847,1.3097803421983067,30.89283561706543,34.09551239013672,,,0.2500000037252903,0.010937458129909644,0.23781147599220276,0.2655749022960663,9.00000013411045,8.00000013411045,False,True
TD3 Uncertainty-Aware Delay + Adaptive Actor LR,2028,test_0002,long,AB-QMIX,8.522052119769988,852.2052119769988,0.014729719999991175,8,67.88995310166106,31.944612503051758,0.0,31.944612503051758,31.944612503051758,,,0.14798040688037872,0.0,0.14798040688037872,0.14798040688037872,5.327294647693634,4.327294647693634,False,True
TD3 Uncertainty-Aware Delay + Adaptive Actor LR,2028,test_0002,long,ABPO,15.637749696190475,1563.7749696190476,0.08924374699995496,180,11.205266851923023,17.22222222222222,4.321208107251123,5.0,18.75,,,0.25,0.0707106739039699,0.15000000596046448,0.3499999940395355,9.0,8.0,False,True
TD3 Uncertainty-Aware Delay + Adaptive Actor LR,2028,test_0003,very_long,PSO / Metaheuristic,9.060426859850356,906.0426859850355,0.04663075500002378,12,21.445074179036776,21.378045916557312,15.372321806074313,5.953126430511475,46.97926712036133,,,0.25000000186264515,0.14788098881935408,0.09160614013671875,0.4283512830734253,10.000000074505806,9.000000074505806,False,True
TD3 Uncertainty-Aware Delay + Adaptive Actor LR,2028,test_0003,very_long,DDPG,6.034825797145026,603.4825797145025,0.02274972100008199,2,43.956583027826845,31.69340944290161,1.7609147239889582,29.16444206237793,34.02903747558594,,,0.25,0.026793884492013254,0.20586234331130981,0.27527716755867004,10.0,9.0,False,True
TD3 Uncertainty-Aware Delay + Adaptive Actor LR,2028,test_0003,very_long,PPO,6.351688277576043,635.1688277576044,0.020478848000038852,2,48.83087173644254,30.91502332687378,1.4395857338515947,29.23674964904785,33.10124206542969,,,0.2500000037252903,0.028176240213696416,0.21858330070972443,0.29544857144355774,10.000000149011612,9.000000149011612,False,True
TD3 Uncertainty-Aware Delay + Adaptive Actor LR,2028,test_0003,very_long,SAC,5.782548557173418,578.2548557173418,0.02535613599991393,2,39.4381856921494,32.617783546447754,0.7824821517469394,31.912452697753906,33.88091278076172,,,0.2499999962747097,0.02760576615844497,0.2192014753818512,0.2947487533092499,9.999999850988388,8.999999850988388,False,True
TD3 Uncertainty-Aware Delay + Adaptive Actor LR,2028,test_0003,very_long,MADDPG,6.126033317961808,612.6033317961807,0.026821656000038274,8,37.28330569889395,31.540226936340332,1.416771134570234,29.900663375854492,33.683799743652344,,,0.2500000149011612,0.01025279789547869,0.23847076296806335,0.26066485047340393,10.000000596046448,9.000000596046448,False,True
TD3 Uncertainty-Aware Delay + Adaptive Actor LR,2028,test_0003,very_long,AB-QMIX,5.8582874700482614,585.8287470048261,0.015095251000047938,8,66.24600014910811,31.944612503051758,0.0,31.944612503051758,31.944612503051758,,,0.14798040688037872,0.0,0.14798040688037872,0.14798040688037872,5.919216275215149,4.919216275215149,False,True
TD3 Uncertainty-Aware Delay + Adaptive Actor LR,2028,test_0003,very_long,ABPO,16.73540031929668,1673.540031929668,0.10189590499999213,200,9.813937076274824,11.875,6.149186938124422,5.0,18.75,,,0.25,0.03162277471681942,0.15000000596046448,0.3499999940395355,10.0,9.0,False,True
TD3 Uncertainty-Aware Delay + Adaptive Actor LR,2028,test_0004,short,PSO / Metaheuristic,15.360639061728776,1536.0639061728775,0.030756771000028493,12,32.51316596267773,28.610783100128174,7.235714801012504,22.353940963745117,40.2121696472168,,,0.25000000186264515,0.08684295495873676,0.11383794993162155,0.33365827798843384,4.000000029802322,3.0000000298023224,False,True
TD3 Uncertainty-Aware Delay + Adaptive Actor LR,2028,test_0004,short,DDPG,14.20726882549604,1420.726882549604,0.017495769999982258,2,57.15667272723716,31.75652551651001,0.6057932791863965,30.74047088623047,32.298667907714844,,,0.25,0.03287639287918645,0.21316605806350708,0.2828744649887085,4.0,3.0,False,True
TD3 Uncertainty-Aware Delay + Adaptive Actor LR,2028,test_0004,short,PPO,14.006423852165444,1400.6423852165444,0.013853614000026937,2,72.18333064556697,31.393810749053955,4.154760047703154,24.993349075317383,36.10074234008789,,,0.25,0.052438782682635486,0.20345619320869446,0.3331291377544403,4.0,3.0,False,True
TD3 Uncertainty-Aware Delay + Adaptive Actor LR,2028,test_0004,short,SAC,14.598883172042276,1459.8883172042276,0.020214676000023246,2,49.46900954528532,30.946733474731445,0.34239065073908714,30.552804946899414,31.331745147705078,,,0.2499999962747097,0.025338221268144362,0.22546812891960144,0.2910641133785248,3.9999999403953552,2.9999999403953552,False,True
TD3 Uncertainty-Aware Delay + Adaptive Actor LR,2028,test_0004,short,MADDPG,14.731187949722925,1473.1187949722923,0.02069408599993494,8,48.3229846441705,30.91083812713623,1.1883014707402642,29.831117630004883,32.90028381347656,,,0.2500000037252903,0.0058148816292289485,0.24146102368831635,0.2578156888484955,4.000000059604645,3.0000000596046448,False,True
TD3 Uncertainty-Aware Delay + Adaptive Actor LR,2028,test_0004,short,AB-QMIX,13.829025328997927,1382.9025328997927,0.00919849299998532,8,108.71345991148723,31.944612503051758,0.0,31.944612503051758,31.944612503051758,,,0.14798040688037872,0.0,0.14798040688037872,0.14798040688037872,2.3676865100860596,1.3676865100860596,False,True
TD3 Uncertainty-Aware Delay + Adaptive Actor LR,2028,test_0004,short,ABPO,17.808411995360512,1780.8411995360514,0.04226741399997991,80,23.65888767172923,17.03125,2.9769623255090076,11.875,18.75,,,0.25,0.0707106739039699,0.15000000596046448,0.3499999940395355,4.0,3.0,False,True
TD3 Uncertainty-Aware Delay + Adaptive Actor LR,2028,test_0005,medium,PSO / Metaheuristic,7.948345916145955,794.8345916145955,0.02414070800000445,12,41.423805797237414,23.17418646812439,17.243856884191892,12.354615211486816,53.01505661010742,,,0.2499999925494194,0.25566472957648995,0.059713393449783325,0.6879738569259644,4.999999850988388,3.999999850988388,False,True
TD3 Uncertainty-Aware Delay + Adaptive Actor LR,2028,test_0005,medium,DDPG,3.648428908321967,364.8428908321967,0.018379817999971237,2,54.407502838252526,30.358707427978516,3.5827730283635826,26.827360153198242,36.21900177001953,,,0.25,0.03599433413934092,0.1917334794998169,0.2876606285572052,5.0,4.0,False,True
TD3 Uncertainty-Aware Delay + Adaptive Actor LR,2028,test_0005,medium,PPO,3.8079289928739883,380.7928992873988,0.015043105000017931,2,66.47563784197531,29.196965217590332,2.5410825708564015,25.932052612304688,31.87626838684082,,,0.25,0.009729521299260979,0.23831778764724731,0.26437708735466003,5.0,4.0,False,True
TD3 Uncertainty-Aware Delay + Adaptive Actor LR,2028,test_0005,medium,SAC,3.281329157438571,328.1329157438571,0.02003504599997541,2,49.91253825926965,32.84162664413452,1.2657918952104141,30.9100399017334,34.29518508911133,,,0.2499999962747097,0.0027732799120582883,0.24670463800430298,0.25437724590301514,4.999999925494194,3.999999925494194,False,True
TD3 Uncertainty-Aware Delay + Adaptive Actor LR,2028,test_0005,medium,MADDPG,3.1762152332473343,317.62152332473346,0.021361428999966847,8,46.81334755280426,33.800384521484375,1.4300453779243996,31.485885620117188,35.26393127441406,,,0.2500000074505806,0.006802542145915331,0.23828908801078796,0.2546527683734894,5.000000149011612,4.000000149011612,False,True
TD3 Uncertainty-Aware Delay + Adaptive Actor LR,2028,test_0005,medium,AB-QMIX,3.3484809155931323,334.8480915593132,0.009963919000028909,8,100.36211655244273,31.944612503051758,0.0,31.944612503051758,31.944612503051758,,,0.14798040688037872,0.0,0.14798040688037872,0.14798040688037872,2.9596081376075745,1.9596081376075745,False,True
TD3 Uncertainty-Aware Delay + Adaptive Actor LR,2028,test_0005,medium,ABPO,17.622279127341557,1762.2279127341556,0.05209967300004337,100,19.193978434359224,6.375,2.75,5.0,11.875,,,0.25,0.04472135688439504,0.15000000596046448,0.3499999940395355,5.0,4.0,False,True
TD3 Uncertainty-Aware Delay + Adaptive Actor LR,2028,test_0006,long,PSO / Metaheuristic,6.835134753131849,683.5134753131849,0.046974376999969536,12,21.28820143800201,24.68957543373108,17.350170322410825,6.640681266784668,42.18241882324219,,,0.25,0.051447295325138774,0.16589882969856262,0.3056126832962036,10.0,9.0,False,True
TD3 Uncertainty-Aware Delay + Adaptive Actor LR,2028,test_0006,long,DDPG,3.373411942475227,337.3411942475227,0.023287080000045535,2,42.94226669887529,32.99136400222778,1.0952066857693175,31.60429573059082,34.20551300048828,,,0.2500000074505806,0.01759476391304801,0.22860653698444366,0.276454359292984,10.000000298023224,9.000000298023224,False,True
TD3 Uncertainty-Aware Delay + Adaptive Actor LR,2028,test_0006,long,PPO,3.571422503551638,357.14225035516375,0.02100575999998,2,47.60598997612808,31.785105228424072,2.758094336798345,28.319744110107422,36.04030990600586,,,0.2500000037252903,0.018385729086824197,0.22891071438789368,0.27134740352630615,10.000000149011612,9.000000149011612,False,True
TD3 Uncertainty-Aware Delay + Adaptive Actor LR,2028,test_0006,long,SAC,3.3294862165010173,332.9486216501017,0.02526572900001156,2,39.57930523198212,33.36222457885742,1.032623211602654,31.879981994628906,34.4622688293457,,,0.2499999962747097,0.01610015612326965,0.2277352213859558,0.27101150155067444,9.999999850988388,8.999999850988388,False,True
TD3 Uncertainty-Aware Delay + Adaptive Actor LR,2028,test_0006,long,MADDPG,3.376926225612517,337.6926225612517,0.02637354000000869,8,37.91679084414419,32.948062896728516,0.619072925053081,32.15718078613281,33.892974853515625,,,0.2499999925494194,0.014387326088815511,0.23267026245594025,0.2665635049343109,9.999999701976776,8.999999701976776,False,True
TD3 Uncertainty-Aware Delay + Adaptive Actor LR,2028,test_0006,long,AB-QMIX,3.4602846130903138,346.02846130903134,0.018672571000024618,8,53.5544890951911,31.944612503051758,0.0,31.944612503051758,31.944612503051758,,,0.14798040688037872,0.0,0.14798040688037872,0.14798040688037872,5.919216275215149,4.919216275215149,False,True
TD3 Uncertainty-Aware Delay + Adaptive Actor LR,2028,test_0006,long,ABPO,17.918760574680782,1791.8760574680782,0.09641405799993663,200,10.371931445937658,6.375,4.125,5.0,18.75,,,0.25,0.038729831153596204,0.15000000596046448,0.3499999940395355,10.0,9.0,False,True
TD3 Uncertainty-Aware Delay + Adaptive Actor LR,2028,test_0007,very_long,PSO / Metaheuristic,11.075762373175337,1107.5762373175337,0.055043167000008,12,18.16755929032671,26.910762667655945,11.548175228429553,7.944858074188232,37.52198791503906,,,0.2500000037252903,0.1720258660897199,0.10510645061731339,0.5310482978820801,12.000000178813934,11.000000178813934,False,True
TD3 Uncertainty-Aware Delay + Adaptive Actor LR,2028,test_0007,very_long,DDPG,9.230550224467594,923.0550224467594,0.0244687619999695,2,40.86843461885184,33.83246183395386,1.7170427876770262,31.179433822631836,35.982261657714844,,,0.25,0.029008454635291666,0.21047180891036987,0.28116488456726074,12.0,11.0,False,True
TD3 Uncertainty-Aware Delay + Adaptive Actor LR,2028,test_0007,very_long,PPO,10.016915316100569,1001.6915316100569,0.022667215999945256,2,44.116577880689675,31.69435691833496,0.9623783615272807,30.117340087890625,32.630653381347656,,,0.25,0.019424197822016327,0.22381778061389923,0.27145954966545105,12.0,11.0,False,True
TD3 Uncertainty-Aware Delay + Adaptive Actor LR,2028,test_0007,very_long,SAC,9.686137308055939,968.6137308055938,0.028276720000008027,2,35.364780639328615,32.80822944641113,1.7020559440148464,30.1407470703125,34.479679107666016,,,0.25,0.025059128572122006,0.21733896434307098,0.27969780564308167,12.0,11.0,False,True
TD3 Uncertainty-Aware Delay + Adaptive Actor LR,2028,test_0007,very_long,MADDPG,10.005456216744733,1000.5456216744733,0.028783836999991763,8,34.74171980616365,31.806041717529297,1.188134773223104,30.27017593383789,33.55806350708008,,,0.2500000149011612,0.01705541153327622,0.22290386259555817,0.2660590708255768,12.000000715255737,11.000000715255737,False,True
TD3 Uncertainty-Aware Delay + Adaptive Actor LR,2028,test_0007,very_long,AB-QMIX,9.718018888915024,971.8018888915024,0.017070832000058545,8,58.57945295206294,31.944612503051758,0.0,31.944612503051758,31.944612503051758,,,0.14798040688037872,0.0,0.14798040688037872,0.14798040688037872,7.103059530258179,6.103059530258179,False,True
TD3 Uncertainty-Aware Delay + Adaptive Actor LR,2028,test_0007,very_long,ABPO,18.08095058908054,1808.0950589080542,0.1155589019999752,240,8.653595549049216,13.020833333333334,6.170501341508285,5.0,18.75,,,0.25,0.06454971858932701,0.15000000596046448,0.3499999940395355,12.0,11.0,False,True
TD3 Uncertainty-Aware Delay + Adaptive Actor LR,2028,test_0008,short,PSO / Metaheuristic,9.457709678556961,945.7709678556961,0.028532679000022654,12,35.047532690470675,18.15836238861084,4.87894260067717,10.686105728149414,24.294931411743164,,,0.25,0.092413126446986,0.15292777121067047,0.349750816822052,5.0,4.0,False,True
TD3 Uncertainty-Aware Delay + Adaptive Actor LR,2028,test_0008,short,DDPG,3.664706685014265,366.47066850142653,0.032768754000017,2,30.516875923920736,31.83862066268921,1.0161944337962794,30.75919532775879,32.897918701171875,,,0.2499999962747097,0.013576913561984677,0.22654001414775848,0.25927048921585083,4.999999925494194,3.999999925494194,False,True
TD3 Uncertainty-Aware Delay + Adaptive Actor LR,2028,test_0008,short,PPO,3.700804548260936,370.0804548260936,0.015486223999914728,2,64.57352031105235,32.04244136810303,3.2789303314529046,28.7115535736084,37.28165054321289,,,0.2500000037252903,0.04659967352522168,0.18105235695838928,0.31033432483673096,5.000000074505806,4.000000074505806,False,True
TD3 Uncertainty-Aware Delay + Adaptive Actor LR,2028,test_0008,short,SAC,3.657811662262381,365.78116622623816,0.020625317000053656,2,48.4841032987468,31.888919353485107,0.906222537352357,30.76564598083496,33.001678466796875,,,0.2499999925494194,0.012285752751441023,0.23632588982582092,0.2633773982524872,4.999999850988388,3.999999850988388,False,True
TD3 Uncertainty-Aware Delay + Adaptive Actor LR,2028,test_0008,short,MADDPG,3.475249848762348,347.52498487623484,0.021597729999939475,8,46.301162205602274,33.19598436355591,1.3185677106615792,31.381174087524414,35.108055114746094,,,0.25,0.024877836222765987,0.21088263392448425,0.27955326437950134,5.0,4.0,False,True
TD3 Uncertainty-Aware Delay + Adaptive Actor LR,2028,test_0008,short,AB-QMIX,3.6053039393315323,360.5303939331532,0.010113565000096969,8,98.8771021880427,31.944612503051758,0.0,31.944612503051758,31.944612503051758,,,0.14798040688037872,0.0,0.14798040688037872,0.14798040688037872,2.9596081376075745,1.9596081376075745,False,True
TD3 Uncertainty-Aware Delay + Adaptive Actor LR,2028,test_0008,short,ABPO,15.598581548261013,1559.8581548261013,0.05114135399992392,100,19.553647328177654,9.125,5.5,5.0,18.75,,,0.25,0.03162277471681942,0.15000000596046448,0.3499999940395355,5.0,4.0,False,True
TD3 Uncertainty-Aware Delay + Adaptive Actor LR,2028,test_0009,medium,PSO / Metaheuristic,15.03291294675558,1503.291294675558,0.029523144999984652,12,33.87173012904011,17.31867027282715,3.445447981418122,13.6731538772583,22.005544662475586,,,0.24999999068677425,0.19397770802652997,0.05653928220272064,0.510901927947998,5.999999776482582,4.999999776482582,False,True
TD3 Uncertainty-Aware Delay + Adaptive Actor LR,2028,test_0009,medium,DDPG,7.328127563391507,732.8127563391507,0.0190421149999338,2,52.515174916414296,31.327414512634277,1.4763287442209516,29.093103408813477,33.24409103393555,,,0.2499999962747097,0.02161389179603428,0.23247016966342926,0.28699570894241333,5.999999910593033,4.999999910593033,False,True
TD3 Uncertainty-Aware Delay + Adaptive Actor LR,2028,test_0009,medium,PPO,6.746904193048981,674.6904193048981,0.015888108000012835,2,62.94015624762824,32.92171382904053,1.4812706440807317,31.60981559753418,35.36630630493164,,,0.2499999962747097,0.026233816980969455,0.20639969408512115,0.2757537066936493,5.999999910593033,4.999999910593033,False,True
TD3 Uncertainty-Aware Delay + Adaptive Actor LR,2028,test_0009,medium,SAC,7.321589037577457,732.1589037577457,0.02143712500003403,2,46.64804632143595,31.30073642730713,1.0148406803063053,29.71398162841797,32.45882797241211,,,0.2500000037252903,0.011406042280082997,0.23857152462005615,0.26833927631378174,6.000000089406967,5.000000089406967,False,True
TD3 Uncertainty-Aware Delay + Adaptive Actor LR,2028,test_0009,medium,MADDPG,6.926393502578393,692.6393502578393,0.022600708000027225,8,44.246401484360376,32.403000831604004,0.8212654979616336,31.460220336914062,33.42572784423828,,,0.25,0.0101042949389071,0.23696863651275635,0.265226274728775,6.0,5.0,False,True
TD3 Uncertainty-Aware Delay + Adaptive Actor LR,2028,test_0009,medium,AB-QMIX,6.9759416614888154,697.5941661488815,0.011096446000010474,8,90.11894438985745,31.944612503051758,0.0,31.944612503051758,31.944612503051758,,,0.14798040688037872,0.0,0.14798040688037872,0.14798040688037872,3.5515297651290894,2.5515297651290894,False,True
TD3 Uncertainty-Aware Delay + Adaptive Actor LR,2028,test_0009,medium,ABPO,16.591043789094424,1659.1043789094424,0.06564626800002316,120,15.233158418078652,16.458333333333332,5.124322448437018,5.0,18.75,,,0.25,0.06454971858932701,0.15000000596046448,0.3499999940395355,6.0,5.0,False,True
