Method,Seed,Scenario_ID,Distance_Regime,Training_s,Final_Reward,Initial_Distance_m,Path_Length_m,Mean_Step_m,Smoothness,Jerk,Final_Distance_m,Minimum_Distance_m,Progress,Success,Baseline_Mean_NSE,Baseline_Final_NSE,Baseline_NSE_Std,Diag_actor_updates,Diag_mean_delay,Diag_mean_uncertainty,Diag_mean_actor_lr,Diag_twin_critic_active,Diag_target_policy_smoothing_active,Diag_delayed_actor_active,Diag_soft_target_update_active,Diag_gradient_clipping_active,Diag_adaptive_exploration_active,Diag_dynamic_delay_active,Diag_uncertainty_aware_actor_lr_active,Diag_mean_exploration_noise
DDPG,2026,test_0000,short,11.616564759000084,1942.8809545748095,58.88470458984375,60.0,20.0,2.245882034301758,1.7761762142181396,6.958812713623047,6.958812713623047,0.8818230852630738,1.0,8.175758945819478,7.477911721662049,0.4239183399447477,not_applicable,not_applicable,not_applicable,0.0002,,,,,,,,,
DDPG,2026,test_0001,medium,11.616564759000084,1942.8809545748095,65.39462280273438,80.9869613647461,16.197391510009766,8.117706298828125,6.811328411102295,4.357490062713623,4.357490062713623,0.9333662329415344,1.0,13.350473822726919,16.62883028754405,3.1234158396906255,not_applicable,not_applicable,not_applicable,0.0002,,,,,,,,,
DDPG,2026,test_0002,long,11.616564759000084,1942.8809545748095,126.13316345214844,148.07302856445312,18.50912857055664,5.963706970214844,6.272135257720947,4.13808536529541,4.13808536529541,0.967192725116537,1.0,9.43784039128409,8.450706546889677,2.9151413483648696,not_applicable,not_applicable,not_applicable,0.0002,,,,,,,,,
DDPG,2026,test_0003,very_long,11.616564759000084,1942.8809545748095,157.826416015625,188.55374145507812,15.712811470031738,2.9238836765289307,0.985924243927002,4.154541015625,4.154541015625,0.9736765167675498,1.0,6.614597276251429,3.113713107436931,3.576329737882947,not_applicable,not_applicable,not_applicable,0.0002,,,,,,,,,
DDPG,2026,test_0004,short,11.616564759000084,1942.8809545748095,50.8075065612793,48.6176872253418,8.102948188781738,0.9076722264289856,0.20884118974208832,3.1823408603668213,3.1823408603668213,0.9373647502947507,1.0,15.092695884796802,10.62277986338523,2.891334521929472,not_applicable,not_applicable,not_applicable,0.0002,,,,,,,,,
DDPG,2026,test_0005,medium,11.616564759000084,1942.8809545748095,61.38010787963867,66.4593276977539,9.494189262390137,2.2322728633880615,0.5167995691299438,2.2991857528686523,2.2991857528686523,0.9625418424259343,1.0,3.6780039892933427,3.6550764135963285,0.1717060200905573,not_applicable,not_applicable,not_applicable,0.0002,,,,,,,,,
DDPG,2026,test_0006,long,11.616564759000084,1942.8809545748095,145.6652374267578,168.09963989257812,15.281785011291504,2.8007407188415527,1.6324886083602905,7.491078853607178,7.491078853607178,0.9485733247963586,1.0,3.5256654858077803,2.8437105699027243,0.7144847022495948,not_applicable,not_applicable,not_applicable,0.0002,,,,,,,,,
DDPG,2026,test_0007,very_long,11.616564759000084,1942.8809545748095,157.68080139160156,166.71827697753906,10.419892311096191,1.1717864274978638,0.9697558283805847,4.988219738006592,4.988219738006592,0.9683650787287774,1.0,10.761389154292313,4.101441734095818,5.109196829216702,not_applicable,not_applicable,not_applicable,0.0002,,,,,,,,,
DDPG,2026,test_0008,short,11.616564759000084,1942.8809545748095,59.570159912109375,65.02560424804688,10.837600708007812,3.543095350265503,0.9070000648498535,5.512164115905762,5.512164115905762,0.9074676965104931,1.0,4.1341001735012055,3.9897741693377435,0.2726941030573642,not_applicable,not_applicable,not_applicable,0.0002,,,,,,,,,
DDPG,2026,test_0009,medium,11.616564759000084,1942.8809545748095,86.91923522949219,100.0101547241211,12.501269340515137,3.3324506282806396,0.7743425369262695,6.103623390197754,6.103623390197754,0.9297782202744604,1.0,8.476870413787827,7.012531966836804,1.300411630594625,not_applicable,not_applicable,not_applicable,0.0002,,,,,,,,,
DDPG,2027,test_0000,short,6.804235194999933,1470.0546534042678,58.88470458984375,77.42437744140625,15.484875679016113,8.878114700317383,8.338055610656738,2.202889919281006,2.202889919281006,0.9625897771819517,1.0,7.7242673964783295,7.4128389730753845,0.47125199441227916,not_applicable,not_applicable,not_applicable,0.0002,,,,,,,,,
DDPG,2027,test_0001,medium,6.804235194999933,1470.0546534042678,65.39462280273438,85.71813201904297,17.143627166748047,9.911746978759766,10.506855964660645,3.9787445068359375,3.9787445068359375,0.9391579255860534,1.0,12.608110095407419,15.94634123370428,2.7514471140058863,not_applicable,not_applicable,not_applicable,0.0002,,,,,,,,,
DDPG,2027,test_0002,long,6.804235194999933,1470.0546534042678,126.13316345214844,150.75540161132812,15.075540542602539,3.3644604682922363,1.189761757850647,4.927830696105957,4.927830696105957,0.9609315222005397,1.0,11.097699622151586,9.130040818874118,3.0704820970720115,not_applicable,not_applicable,not_applicable,0.0002,,,,,,,,,
DDPG,2027,test_0003,very_long,6.804235194999933,1470.0546534042678,157.826416015625,161.8380584716797,10.789203643798828,0.9877596497535706,0.9520575404167175,3.640361785888672,3.640361785888672,0.976934394901749,1.0,6.283230936733949,3.168986114200166,2.4053174998295943,not_applicable,not_applicable,not_applicable,0.0002,,,,,,,,,
DDPG,2027,test_0004,short,6.804235194999933,1470.0546534042678,50.8075065612793,64.69793701171875,16.174484252929688,10.497413635253906,11.134722709655762,4.350822925567627,4.350822925567627,0.9143665332145345,1.0,14.046502202428679,10.216168669791777,3.5046863421287666,not_applicable,not_applicable,not_applicable,0.0002,,,,,,,,,
DDPG,2027,test_0005,medium,6.804235194999933,1470.0546534042678,61.38010787963867,81.72315979003906,16.34463119506836,9.818523406982422,9.678744316101074,3.5098154544830322,3.5098154544830322,0.942818356374259,1.0,3.7269583963209603,3.693072345357141,0.22474610086488958,not_applicable,not_applicable,not_applicable,0.0002,,,,,,,,,
DDPG,2027,test_0006,long,6.804235194999933,1470.0546534042678,145.6652374267578,145.70346069335938,8.570792198181152,0.5277007222175598,0.04104067012667656,7.252976417541504,7.252976417541504,0.9502079113337636,1.0,4.330401983849058,2.963996063775201,0.7913925682675218,not_applicable,not_applicable,not_applicable,0.0002,,,,,,,,,
DDPG,2027,test_0007,very_long,6.804235194999933,1470.0546534042678,157.68080139160156,185.1378631591797,13.224133491516113,2.0000295639038086,0.3718286454677582,5.82987642288208,5.82987642288208,0.9630273541773577,1.0,9.285098806360878,4.121792763162697,4.2727896619619665,not_applicable,not_applicable,not_applicable,0.0002,,,,,,,,,
DDPG,2027,test_0008,short,6.804235194999933,1470.0546534042678,59.570159912109375,948.6685180664062,16.07912826538086,30.469999313354492,61.04387664794922,9.22947883605957,9.167673110961914,0.8450654010384248,0.0,3.8966046940094707,3.995123145743405,0.11406621952095157,not_applicable,not_applicable,not_applicable,0.0002,,,,,,,,,
DDPG,2027,test_0009,medium,6.804235194999933,1470.0546534042678,86.91923522949219,109.84507751464844,15.692153930664062,5.871182918548584,4.30397367477417,1.2408239841461182,1.2408239841461182,0.985724402879639,1.0,7.129615531487282,6.5453345443764555,0.5909017904444441,not_applicable,not_applicable,not_applicable,0.0002,,,,,,,,,
DDPG,2028,test_0000,short,9.114942971999994,1180.7274310045073,58.88470458984375,69.3670654296875,13.8734130859375,6.360466480255127,3.074111223220825,5.961790084838867,5.961790084838867,0.8987548612773861,1.0,7.870747637244182,7.373995726940685,0.4262726035572081,not_applicable,not_applicable,not_applicable,0.0002,,,,,,,,,
DDPG,2028,test_0001,medium,9.114942971999994,1180.7274310045073,65.39462280273438,71.66793823242188,11.944656372070312,4.041561603546143,1.0420676469802856,7.801758289337158,7.801758289337158,0.8806972507071187,1.0,14.547991272501507,17.384859771787813,3.4319828027097365,not_applicable,not_applicable,not_applicable,0.0002,,,,,,,,,
DDPG,2028,test_0002,long,9.114942971999994,1180.7274310045073,126.13316345214844,148.28616333007812,14.82861614227295,3.3152964115142822,1.4085495471954346,5.280404090881348,5.280404090881348,0.95813627481971,1.0,6.6937920437132785,8.08010605041769,0.7809923331211234,not_applicable,not_applicable,not_applicable,0.0002,,,,,,,,,
DDPG,2028,test_0003,very_long,9.114942971999994,1180.7274310045073,157.826416015625,183.9328155517578,18.393281936645508,4.794859409332275,3.8639135360717773,3.5566322803497314,3.5566322803497314,0.9774649113238584,1.0,6.427010896101155,3.1063365703711154,3.2191870397665077,not_applicable,not_applicable,not_applicable,0.0002,,,,,,,,,
DDPG,2028,test_0004,short,9.114942971999994,1180.7274310045073,50.8075065612793,65.16619110107422,13.033238410949707,6.825436592102051,3.9845588207244873,1.0583833456039429,1.0583833456039429,0.9791687603419896,1.0,12.36302846502029,10.188953799674366,3.578189851570971,not_applicable,not_applicable,not_applicable,0.0002,,,,,,,,,
DDPG,2028,test_0005,medium,9.114942971999994,1180.7274310045073,61.38010787963867,74.04025268554688,12.340042114257812,4.819207191467285,1.7118709087371826,2.4805843830108643,2.4805843830108643,0.9595865098856606,1.0,3.3269283759541675,3.5794167213754586,0.12211700460180343,not_applicable,not_applicable,not_applicable,0.0002,,,,,,,,,
DDPG,2028,test_0006,long,9.114942971999994,1180.7274310045073,145.6652374267578,169.86679077148438,18.874088287353516,5.359493732452393,5.648205757141113,5.210061073303223,5.210061073303223,0.9642326394042855,1.0,3.6680844280084464,2.815759023167963,0.7653278627640906,not_applicable,not_applicable,not_applicable,0.0002,,,,,,,,,
DDPG,2028,test_0007,very_long,9.114942971999994,1180.7274310045073,157.68080139160156,183.80563354492188,16.70960235595703,3.5219368934631348,2.1422245502471924,5.837596416473389,5.837596416473389,0.9629783945480105,1.0,8.065168945682677,3.8561393012628886,4.33895781596104,not_applicable,not_applicable,not_applicable,0.0002,,,,,,,,,
DDPG,2028,test_0008,short,9.114942971999994,1180.7274310045073,59.570159912109375,62.709041595458984,10.451506614685059,3.190314769744873,0.74448561668396,6.600168228149414,6.600168228149414,0.8892034495477703,1.0,3.617217776147373,3.765628223169713,0.07182689897133737,not_applicable,not_applicable,not_applicable,0.0002,,,,,,,,,
DDPG,2028,test_0009,medium,9.114942971999994,1180.7274310045073,86.91923522949219,104.90528869628906,13.113161087036133,3.741741180419922,1.2091606855392456,2.7987353801727295,2.7987353801727295,0.9678007362491945,1.0,5.960887330227467,6.359609578843852,0.29847889790242077,not_applicable,not_applicable,not_applicable,0.0002,,,,,,,,,
TD3,2026,test_0000,short,10.974224822999986,1942.9316469200191,58.88470458984375,60.0,20.0,2.240623950958252,1.7740378379821777,6.950511455535889,6.950511455535889,0.8819640600398853,1.0,8.17504256715251,7.4772020289598595,0.4238536932378288,568,2.0,not_applicable,0.0002,,,,,,,,,
TD3,2026,test_0001,medium,10.974224822999986,1942.9316469200191,65.39462280273438,80.99059295654297,16.198118209838867,8.119486808776855,6.813351154327393,4.344951152801514,4.344951152801514,0.9335579751578621,1.0,13.350166007281416,16.628500536479947,3.1233490925664165,568,2.0,not_applicable,0.0002,,,,,,,,,
TD3,2026,test_0002,long,10.974224822999986,1942.9316469200191,126.13316345214844,148.0909423828125,18.511367797851562,5.959645748138428,6.262871265411377,4.139321804046631,4.139321804046631,0.9671829224705287,1.0,9.438899454737584,8.452400575818483,2.9154327097793304,568,2.0,not_applicable,0.0002,,,,,,,,,
TD3,2026,test_0003,very_long,10.974224822999986,1942.9316469200191,157.826416015625,188.55369567871094,15.712807655334473,2.923412561416626,0.9870088696479797,4.141294002532959,4.141294002532959,0.9737604508352837,1.0,6.613583830615739,3.1137196870092776,3.575430437538503,568,2.0,not_applicable,0.0002,,,,,,,,,
TD3,2026,test_0004,short,10.974224822999986,1942.9316469200191,50.8075065612793,48.66432189941406,8.11072063446045,0.9010637998580933,0.19952240586280823,3.1205127239227295,3.1205127239227295,0.9385816597758235,1.0,15.0856459477104,10.61185779917526,2.894976742390064,568,2.0,not_applicable,0.0002,,,,,,,,,
TD3,2026,test_0005,medium,10.974224822999986,1942.9316469200191,61.38010787963867,66.46277618408203,9.494682312011719,2.2317771911621094,0.5164910554885864,2.291290521621704,2.291290521621704,0.9626704709265951,1.0,3.6779781202214386,3.6549750250951414,0.17169904824031212,568,2.0,not_applicable,0.0002,,,,,,,,,
TD3,2026,test_0006,long,10.974224822999986,1942.9316469200191,145.6652374267578,168.098388671875,15.281671524047852,2.8006033897399902,1.6317187547683716,7.490390777587891,7.490390777587891,0.9485780484767057,1.0,3.5256486396479514,2.843712844153343,0.7144720070389136,568,2.0,not_applicable,0.0002,,,,,,,,,
TD3,2026,test_0007,very_long,10.974224822999986,1942.9316469200191,157.68080139160156,166.7191162109375,10.419944763183594,1.1713348627090454,0.9671865701675415,4.978107452392578,4.978107452392578,0.9684292100974968,1.0,10.761025721970803,4.101243759204255,5.109126009125805,568,2.0,not_applicable,0.0002,,,,,,,,,
TD3,2026,test_0008,short,10.974224822999986,1942.9316469200191,59.570159912109375,65.02906036376953,10.838176727294922,3.542891263961792,0.9069324731826782,5.504641532897949,5.504641532897949,0.9075939775716638,1.0,4.134001151715901,3.9895624693830367,0.27266996323396575,568,2.0,not_applicable,0.0002,,,,,,,,,
TD3,2026,test_0009,medium,10.974224822999986,1942.9316469200191,86.91923522949219,100.01441955566406,12.501802444458008,3.3319718837738037,0.7745450139045715,6.088082790374756,6.088082790374756,0.9299570138381863,1.0,8.476318328576484,7.0111586314343946,1.3004977280100736,568,2.0,not_applicable,0.0002,,,,,,,,,
TD3,2027,test_0000,short,7.94326976800005,1470.066070118835,58.88470458984375,77.42568969726562,15.485137939453125,8.877674102783203,8.340188026428223,2.2018930912017822,2.2018930912017822,0.9626067056540595,1.0,7.724355001532172,7.412912017863759,0.4712789409558377,568,2.0,not_applicable,0.0002,,,,,,,,,
TD3,2027,test_0001,medium,7.94326976800005,1470.066070118835,65.39462280273438,85.72022247314453,17.144044876098633,9.911867141723633,10.50972843170166,3.9791476726531982,3.9791476726531982,0.9391517604642133,1.0,12.608364072585347,15.946215928547154,2.7514505723464926,568,2.0,not_applicable,0.0002,,,,,,,,,
TD3,2027,test_0002,long,7.94326976800005,1470.066070118835,126.13316345214844,150.75820922851562,15.075820922851562,3.363598108291626,1.1904431581497192,4.918862342834473,4.918862342834473,0.9610026244628316,1.0,11.098370886898456,9.129167617092074,3.071217948747176,568,2.0,not_applicable,0.0002,,,,,,,,,
TD3,2027,test_0003,very_long,7.94326976800005,1470.066070118835,157.826416015625,161.8455810546875,10.789705276489258,0.9875430464744568,0.9505978226661682,3.628922700881958,3.628922700881958,0.9770068738016411,1.0,6.282999826303223,3.168761574848954,2.405506060694256,568,2.0,not_applicable,0.0002,,,,,,,,,
TD3,2027,test_0004,short,7.94326976800005,1470.066070118835,50.8075065612793,64.70057678222656,16.17514419555664,10.49789810180664,11.148371696472168,4.33964729309082,4.33964729309082,0.914586493476968,1.0,14.045827557420472,10.21718219514315,3.504692223820732,568,2.0,not_applicable,0.0002,,,,,,,,,
TD3,2027,test_0005,medium,7.94326976800005,1470.066070118835,61.38010787963867,81.7236099243164,16.344722747802734,9.818568229675293,9.679361343383789,3.510164260864258,3.510164260864258,0.9428126736475049,1.0,3.726953269056503,3.693070427945717,0.22474340077087473,568,2.0,not_applicable,0.0002,,,,,,,,,
TD3,2027,test_0006,long,7.94326976800005,1470.066070118835,145.6652374267578,145.71090698242188,8.571229934692383,0.5277035236358643,0.04103570431470871,7.2443671226501465,7.2443671226501465,0.950267014624593,1.0,4.330307577269296,2.963870564869185,0.7914421023896008,568,2.0,not_applicable,0.0002,,,,,,,,,
TD3,2027,test_0007,very_long,7.94326976800005,1470.066070118835,157.68080139160156,185.14700317382812,13.224785804748535,1.9999308586120605,0.3718501627445221,5.813746929168701,5.813746929168701,0.9631296462355603,1.0,9.285028030056225,4.121434708639681,4.273050766591632,568,2.0,not_applicable,0.0002,,,,,,,,,
TD3,2027,test_0008,short,7.94326976800005,1470.066070118835,59.570159912109375,948.6804809570312,16.079330444335938,30.47040557861328,61.044742584228516,9.230010032653809,9.167664527893066,0.8450564838793132,0.0,3.8966026669226923,3.995051696435362,0.11403562463368974,568,2.0,not_applicable,0.0002,,,,,,,,,
TD3,2027,test_0009,medium,7.94326976800005,1470.066070118835,86.91923522949219,109.84770965576172,15.692529678344727,5.871185302734375,4.304507255554199,1.240688443183899,1.240688443183899,0.9857259622693628,1.0,7.129608801282114,6.5452314635628195,0.5909331439002262,568,2.0,not_applicable,0.0002,,,,,,,,,
TD3,2028,test_0000,short,10.180381103000059,852.4211951722322,58.88470458984375,71.65744018554688,14.331487655639648,6.982944488525391,3.084275245666504,4.5931596755981445,4.5931596755981445,0.9219974064981493,1.0,7.937352192176355,7.689200656453123,0.3924878838635839,568,2.0,not_applicable,0.0002,,,,,,,,,
TD3,2028,test_0001,medium,10.180381103000059,852.4211951722322,65.39462280273438,81.56354522705078,16.31270980834961,9.351642608642578,10.341246604919434,7.219478130340576,7.219478130340576,0.8896013491488676,1.0,14.5797740068366,17.67487136529134,3.83838441867646,568,2.0,not_applicable,0.0002,,,,,,,,,
TD3,2028,test_0002,long,10.180381103000059,852.4211951722322,126.13316345214844,168.42218017578125,15.311107635498047,6.9885573387146,6.404694557189941,6.731590747833252,6.731590747833252,0.9466310796970772,1.0,7.071726939191585,8.097440845692192,1.2564026640434534,568,2.0,not_applicable,0.0002,,,,,,,,,
TD3,2028,test_0003,very_long,10.180381103000059,852.4211951722322,157.826416015625,183.93894958496094,18.39389419555664,4.798892021179199,3.8631370067596436,3.555670738220215,3.555670738220215,0.9774710037268527,1.0,6.425657586954483,3.1063692183360208,3.2178239880523294,568,2.0,not_applicable,0.0002,,,,,,,,,
TD3,2028,test_0004,short,10.180381103000059,852.4211951722322,50.8075065612793,69.45106506347656,17.36276626586914,12.286674499511719,13.699275970458984,6.128271579742432,6.128271579742432,0.8793825559545797,1.0,12.714029499463228,9.306702399954528,3.8471131303407913,568,2.0,not_applicable,0.0002,,,,,,,,,
TD3,2028,test_0005,medium,10.180381103000059,852.4211951722322,61.38010787963867,88.14778137207031,17.62955665588379,12.871156692504883,12.807815551757812,4.964788436889648,4.964788436889648,0.919114048371743,1.0,3.3916234218573322,3.55474722014973,0.12683676912009798,568,2.0,not_applicable,0.0002,,,,,,,,,
TD3,2028,test_0006,long,10.180381103000059,852.4211951722322,145.6652374267578,169.83738708496094,18.870820999145508,5.3545966148376465,5.634891986846924,4.962047100067139,4.962047100067139,0.9659352691985821,1.0,3.6684135775394724,2.8190822241513662,0.7649680585429296,568,2.0,not_applicable,0.0002,,,,,,,,,
TD3,2028,test_0007,very_long,10.180381103000059,852.4211951722322,157.68080139160156,190.30557250976562,19.03055763244629,4.96150016784668,4.5294976234436035,5.669256687164307,5.669256687164307,0.964045992681857,1.0,8.49784747482154,3.9003698502206676,4.2883273650625995,568,2.0,not_applicable,0.0002,,,,,,,,,
TD3,2028,test_0008,short,10.180381103000059,852.4211951722322,59.570159912109375,79.499267578125,15.899853706359863,10.778434753417969,10.954510688781738,3.5991766452789307,3.5991766452789307,0.939580879913883,1.0,3.6404036729167557,3.787705514648572,0.07567065237117412,568,2.0,not_applicable,0.0002,,,,,,,,,
TD3,2028,test_0009,medium,10.180381103000059,852.4211951722322,86.91923522949219,109.26730346679688,18.211217880249023,8.160099029541016,7.630987167358398,4.4190449714660645,4.4190449714660645,0.9491591825468955,1.0,6.049239097109577,6.302814735385221,0.2673651946110541,568,2.0,not_applicable,0.0002,,,,,,,,,
TD3 Twin Critic,2026,test_0000,short,11.18801036800005,1927.267420237754,58.88470458984375,183.97341918945312,16.724855422973633,24.213260650634766,47.53357696533203,7.92862606048584,7.92862606048584,0.865353386491246,1.0,6.92601772679684,6.702533475622781,0.5237958162108339,1137,1.0,0.0,0.00020000000000000004,True,False,False,False,False,False,False,False,0.25
TD3 Twin Critic,2026,test_0001,medium,11.18801036800005,1927.267420237754,65.39462280273438,78.88742065429688,13.147903442382812,5.172918796539307,2.026564836502075,3.5042831897735596,3.5042831897735596,0.9464132823222426,1.0,11.82595566435489,15.981314892128552,2.5515117435915546,1137,1.0,0.0,0.00020000000000000004,True,False,False,False,False,False,False,False,0.25
TD3 Twin Critic,2026,test_0002,long,11.18801036800005,1927.267420237754,126.13316345214844,149.7544708251953,18.719308853149414,6.0046610832214355,6.459348201751709,5.0260796546936035,5.0260796546936035,0.9601525917757516,1.0,8.895477026075675,8.465557666901288,2.1640410768491627,1137,1.0,0.0,0.00020000000000000004,True,False,False,False,False,False,False,False,0.25
TD3 Twin Critic,2026,test_0003,very_long,11.18801036800005,1927.267420237754,157.826416015625,178.74224853515625,17.874225616455078,3.7200403213500977,2.6055335998535156,5.622379302978516,5.622379302978516,0.964376183373372,1.0,6.190479070904766,3.070222939786723,2.850014530840621,1137,1.0,0.0,0.00020000000000000004,True,False,False,False,False,False,False,False,0.25
TD3 Twin Critic,2026,test_0004,short,11.18801036800005,1927.267420237754,50.8075065612793,57.50020980834961,11.500041961669922,4.990331649780273,1.6678577661514282,4.659933567047119,4.659933567047119,0.9082825770749694,1.0,14.052317113944872,10.542448911486261,3.0246065199920835,1137,1.0,0.0,0.00020000000000000004,True,False,False,False,False,False,False,False,0.25
TD3 Twin Critic,2026,test_0005,medium,11.18801036800005,1927.267420237754,61.38010787963867,70.35929870605469,10.051328659057617,2.7085561752319336,0.7336288690567017,0.641011655330658,0.641011655330658,0.9895566873784643,1.0,3.6263730552552547,3.6324649174768853,0.14402624904129366,1137,1.0,0.0,0.00020000000000000004,True,False,False,False,False,False,False,False,0.25
TD3 Twin Critic,2026,test_0006,long,11.18801036800005,1927.267420237754,145.6652374267578,160.05006408691406,10.670003890991211,1.336180329322815,0.7637168169021606,5.352878570556641,5.352878570556641,0.9632521892998106,1.0,3.34242178044983,2.859632782320904,0.5845408090107863,1137,1.0,0.0,0.00020000000000000004,True,False,False,False,False,False,False,False,0.25
TD3 Twin Critic,2026,test_0007,very_long,11.18801036800005,1927.267420237754,157.68080139160156,166.8395538330078,8.781028747558594,0.5593454837799072,0.04640088975429535,1.1979587078094482,1.1979587078094482,0.9924026343268366,1.0,8.588970396845154,4.029858893943411,3.1050901001459414,1137,1.0,0.0,0.00020000000000000004,True,False,False,False,False,False,False,False,0.25
TD3 Twin Critic,2026,test_0008,short,11.18801036800005,1927.267420237754,59.570159912109375,71.24871826171875,11.874786376953125,4.941181182861328,3.558082342147827,1.3205064535140991,1.3205064535140991,0.9778327529175279,1.0,3.9249172824814123,3.861903939627756,0.16120545280375737,1137,1.0,0.0,0.00020000000000000004,True,False,False,False,False,False,False,False,0.25
TD3 Twin Critic,2026,test_0009,medium,11.18801036800005,1927.267420237754,86.91923522949219,93.00979614257812,9.300979614257812,1.3985148668289185,0.218645840883255,2.739795684814453,2.739795684814453,0.9684788335104354,1.0,7.702482432828501,6.683679629261954,0.788998413547595,1137,1.0,0.0,0.00020000000000000004,True,False,False,False,False,False,False,False,0.25
TD3 Twin Critic,2027,test_0000,short,11.147731926999995,1282.6459140022973,58.88470458984375,77.4233627319336,15.484672546386719,8.877699851989746,8.337388038635254,2.2026989459991455,2.2026989459991455,0.9625930203549147,1.0,7.724283209934459,7.412772476139272,0.47125703904380917,1137,1.0,0.0,0.00020000000000000004,True,False,False,False,False,False,False,False,0.25
TD3 Twin Critic,2027,test_0001,medium,11.147731926999995,1282.6459140022973,65.39462280273438,85.71817016601562,17.143634796142578,9.911754608154297,10.506869316101074,3.9787468910217285,3.9787468910217285,0.9391578891276156,1.0,12.608118764467621,15.946340003089606,2.7514430722366465,1137,1.0,0.0,0.00020000000000000004,True,False,False,False,False,False,False,False,0.25
TD3 Twin Critic,2027,test_0002,long,11.147731926999995,1282.6459140022973,126.13316345214844,150.7476348876953,15.074763298034668,3.363513708114624,1.1888952255249023,4.947953224182129,4.947953224182129,0.9607719882007142,1.0,11.099115222803754,9.13182944246871,3.070853071478238,1137,1.0,0.0,0.00020000000000000004,True,False,False,False,False,False,False,False,0.25
TD3 Twin Critic,2027,test_0003,very_long,11.147731926999995,1282.6459140022973,157.826416015625,161.8299560546875,10.788663864135742,0.9877009391784668,0.9520846009254456,3.648552656173706,3.648552656173706,0.9768824969337675,1.0,6.283466927207632,3.1691467911099815,2.405236004068705,1137,1.0,0.0,0.00020000000000000004,True,False,False,False,False,False,False,False,0.25
TD3 Twin Critic,2027,test_0004,short,11.147731926999995,1282.6459140022973,50.8075065612793,64.69803619384766,16.174509048461914,10.49746322631836,11.135127067565918,4.350384712219238,4.350384712219238,0.9143751581870642,1.0,14.046482793107273,10.216207108493153,3.5046921352513363,1137,1.0,0.0,0.00020000000000000004,True,False,False,False,False,False,False,False,0.25
TD3 Twin Critic,2027,test_0005,medium,11.147731926999995,1282.6459140022973,61.38010787963867,81.72317504882812,16.344635009765625,9.818519592285156,9.678768157958984,3.5098154544830322,3.5098154544830322,0.942818356374259,1.0,3.7269581643840737,3.6930722861874212,0.2247460094925989,1137,1.0,0.0,0.00020000000000000004,True,False,False,False,False,False,False,False,0.25
TD3 Twin Critic,2027,test_0006,long,11.147731926999995,1282.6459140022973,145.6652374267578,145.70327758789062,8.570780754089355,0.5277092456817627,0.041044846177101135,7.2532477378845215,7.2532477378845215,0.9502060487044375,1.0,4.330407332820835,2.9640001223946704,0.79139259606253,1137,1.0,0.0,0.00020000000000000004,True,False,False,False,False,False,False,False,0.25
TD3 Twin Critic,2027,test_0007,very_long,11.147731926999995,1282.6459140022973,157.68080139160156,185.13755798339844,13.224111557006836,2.0000271797180176,0.37181296944618225,5.829916477203369,5.829916477203369,0.9630271001558096,1.0,9.285102788170523,4.12179083792844,4.272792605073939,1137,1.0,0.0,0.00020000000000000004,True,False,False,False,False,False,False,False,0.25
TD3 Twin Critic,2027,test_0008,short,11.147731926999995,1282.6459140022973,59.570159912109375,948.672119140625,16.07918930053711,30.470121383666992,61.04410934448242,9.22947883605957,9.16788387298584,0.8450654010384248,0.0,3.896603505407421,3.9951102260601874,0.11406056029782499,1137,1.0,0.0,0.00020000000000000004,True,False,False,False,False,False,False,False,0.25
TD3 Twin Critic,2027,test_0009,medium,11.147731926999995,1282.6459140022973,86.91923522949219,109.844970703125,15.692138671875,5.871147155761719,4.30401086807251,1.2406857013702393,1.2406857013702393,0.985725993813746,1.0,7.129612668584303,6.545321203562288,0.5909026103372124,1137,1.0,0.0,0.00020000000000000004,True,False,False,False,False,False,False,False,0.25
TD3 Twin Critic,2028,test_0000,short,10.976794234999943,1097.807358118851,58.88470458984375,69.36383056640625,13.872766494750977,6.359880447387695,3.073349952697754,5.965827465057373,5.965827465057373,0.8986862971188898,1.0,7.87075622156042,7.374012658792531,0.4262473738907884,1137,1.0,0.0,0.00020000000000000004,True,False,False,False,False,False,False,False,0.25
TD3 Twin Critic,2028,test_0001,medium,10.976794234999943,1097.807358118851,65.39462280273438,71.65718078613281,11.942863464355469,4.040700912475586,1.0420265197753906,7.81408166885376,7.81408166885376,0.8805088043335724,1.0,14.548144257264592,17.385865035505866,3.4321571196416567,1137,1.0,0.0,0.00020000000000000004,True,False,False,False,False,False,False,False,0.25
TD3 Twin Critic,2028,test_0002,long,10.976794234999943,1097.807358118851,126.13316345214844,148.2794647216797,14.827946662902832,3.314988136291504,1.4080389738082886,5.293107032775879,5.293107032775879,0.9580355642567869,1.0,6.693074018308761,8.078725735015729,0.7806608748957874,1137,1.0,0.0,0.00020000000000000004,True,False,False,False,False,False,False,False,0.25
TD3 Twin Critic,2028,test_0003,very_long,10.976794234999943,1097.807358118851,157.826416015625,183.93275451660156,18.39327621459961,4.794858932495117,3.86387300491333,3.556615114212036,3.556615114212036,0.9774650200897933,1.0,6.426998530195505,3.106334561629062,3.2191748906105446,1137,1.0,0.0,0.00020000000000000004,True,False,False,False,False,False,False,False,0.25
TD3 Twin Critic,2028,test_0004,short,10.976794234999943,1097.807358118851,50.8075065612793,65.16436767578125,13.032873153686523,6.8262529373168945,3.9825544357299805,1.0623914003372192,1.0623914003372192,0.979089873283668,1.0,12.362708666475788,10.188249823700138,3.5783305179847225,1137,1.0,0.0,0.00020000000000000004,True,False,False,False,False,False,False,False,0.25
TD3 Twin Critic,2028,test_0005,medium,10.976794234999943,1097.807358118851,61.38010787963867,74.04017639160156,12.3400297164917,4.819294452667236,1.711771011352539,2.4811267852783203,2.4811267852783203,0.9595776731096074,1.0,3.3269203437005737,3.5794046679659117,0.12211548923221867,1137,1.0,0.0,0.00020000000000000004,True,False,False,False,False,False,False,False,0.25
TD3 Twin Critic,2028,test_0006,long,10.976794234999943,1097.807358118851,145.6652374267578,169.8667755126953,18.874086380004883,5.359488010406494,5.648203372955322,5.210061550140381,5.210061550140381,0.9642326361307717,1.0,3.668083997136575,2.8157587520321687,0.7653277483845253,1137,1.0,0.0,0.00020000000000000004,True,False,False,False,False,False,False,False,0.25
TD3 Twin Critic,2028,test_0007,very_long,10.976794234999943,1097.807358118851,157.68080139160156,183.8053741455078,16.709579467773438,3.5219502449035645,2.1422178745269775,5.8395514488220215,5.8395514488220215,0.9629659958772061,1.0,8.065099572153882,3.8560823488461304,4.338902360875624,1137,1.0,0.0,0.00020000000000000004,True,False,False,False,False,False,False,False,0.25
TD3 Twin Critic,2028,test_0008,short,10.976794234999943,1097.807358118851,59.570159912109375,62.708683013916016,10.451447486877441,3.190358877182007,0.7445041537284851,6.60099983215332,6.60099983215332,0.8891894894710284,1.0,3.617206226282749,3.7656160059979285,0.07182626883342795,1137,1.0,0.0,0.00020000000000000004,True,False,False,False,False,False,False,False,0.25
TD3 Twin Critic,2028,test_0009,medium,10.976794234999943,1097.807358118851,86.91923522949219,104.90290069580078,13.112862586975098,3.7416839599609375,1.2091482877731323,2.8026211261749268,2.8026211261749268,0.9677560310007884,1.0,5.960770769070129,6.359408238139686,0.2984994599035477,1137,1.0,0.0,0.00020000000000000004,True,False,False,False,False,False,False,False,0.25
TD3 Target Policy Smoothing,2026,test_0000,short,8.788249851000046,1927.267420237754,58.88470458984375,183.97340393066406,16.724855422973633,24.213260650634766,47.533573150634766,7.92862606048584,7.92862606048584,0.865353386491246,1.0,6.9260178651584825,6.702533475622781,0.5237958874242775,1137,1.0,0.0,0.00020000000000000004,True,True,False,False,False,False,False,False,0.25
TD3 Target Policy Smoothing,2026,test_0001,medium,8.788249851000046,1927.267420237754,65.39462280273438,78.8874282836914,13.147904396057129,5.172920227050781,2.026562452316284,3.504274368286133,3.504274368286133,0.9464134172184627,1.0,11.825956757356275,15.981316900005565,2.551512389162755,1137,1.0,0.0,0.00020000000000000004,True,True,False,False,False,False,False,False,0.25
TD3 Target Policy Smoothing,2026,test_0002,long,8.788249851000046,1927.267420237754,126.13316345214844,149.75445556640625,18.71930694580078,6.004654884338379,6.4593505859375,5.0260796546936035,5.0260796546936035,0.9601525917757516,1.0,8.895479365011688,8.465557666901288,2.164042404319328,1137,1.0,0.0,0.00020000000000000004,True,True,False,False,False,False,False,False,0.25
TD3 Target Policy Smoothing,2026,test_0003,very_long,8.788249851000046,1927.267420237754,157.826416015625,178.74224853515625,17.874225616455078,3.7200403213500977,2.6055335998535156,5.622379302978516,5.622379302978516,0.964376183373372,1.0,6.190479070904766,3.070222939786723,2.850014530840621,1137,1.0,0.0,0.00020000000000000004,True,True,False,False,False,False,False,False,0.25
TD3 Target Policy Smoothing,2026,test_0004,short,8.788249851000046,1927.267420237754,50.8075065612793,57.50020217895508,11.500040054321289,4.9903244972229,1.6678653955459595,4.659926891326904,4.659926891326904,0.9082827084673692,1.0,14.052317327603982,10.542447305503138,3.0246069832865468,1137,1.0,0.0,0.00020000000000000004,True,True,False,False,False,False,False,False,0.25
TD3 Target Policy Smoothing,2026,test_0005,medium,8.788249851000046,1927.267420237754,61.38010787963867,70.35929870605469,10.051328659057617,2.7085561752319336,0.7336288690567017,0.641011655330658,0.641011655330658,0.9895566873784643,1.0,3.6263730552552547,3.6324649174768853,0.14402624904129366,1137,1.0,0.0,0.00020000000000000004,True,True,False,False,False,False,False,False,0.25
TD3 Target Policy Smoothing,2026,test_0006,long,8.788249851000046,1927.267420237754,145.6652374267578,160.05006408691406,10.670003890991211,1.336180329322815,0.7637168169021606,5.352878570556641,5.352878570556641,0.9632521892998106,1.0,3.34242178044983,2.859632782320904,0.5845408090107863,1137,1.0,0.0,0.00020000000000000004,True,True,False,False,False,False,False,False,0.25
TD3 Target Policy Smoothing,2026,test_0007,very_long,8.788249851000046,1927.267420237754,157.68080139160156,166.8395538330078,8.781028747558594,0.5593454837799072,0.04640088975429535,1.1979587078094482,1.1979587078094482,0.9924026343268366,1.0,8.588970396845154,4.029858893943411,3.1050901001459414,1137,1.0,0.0,0.00020000000000000004,True,True,False,False,False,False,False,False,0.25
TD3 Target Policy Smoothing,2026,test_0008,short,8.788249851000046,1927.267420237754,59.570159912109375,71.24871826171875,11.874786376953125,4.941181182861328,3.558082342147827,1.3205064535140991,1.3205064535140991,0.9778327529175279,1.0,3.9249172824814123,3.861903939627756,0.16120545280375737,1137,1.0,0.0,0.00020000000000000004,True,True,False,False,False,False,False,False,0.25
TD3 Target Policy Smoothing,2026,test_0009,medium,8.788249851000046,1927.267420237754,86.91923522949219,93.00979614257812,9.300979614257812,1.3985148668289185,0.218645840883255,2.739795684814453,2.739795684814453,0.9684788335104354,1.0,7.702482432828501,6.683679629261954,0.788998413547595,1137,1.0,0.0,0.00020000000000000004,True,True,False,False,False,False,False,False,0.25
TD3 Target Policy Smoothing,2027,test_0000,short,11.023613116999968,1282.6033761461147,58.88470458984375,77.42351531982422,15.484703063964844,8.877683639526367,8.337737083435059,2.2026748657226562,2.2026748657226562,0.962593429294327,1.0,7.724270946924075,7.412778353243262,0.47124853024902563,1137,1.0,0.0,0.00020000000000000004,True,True,False,False,False,False,False,False,0.25
TD3 Target Policy Smoothing,2027,test_0001,medium,11.023613116999968,1282.6033761461147,65.39462280273438,85.71829223632812,17.143657684326172,9.911785125732422,10.5068941116333,3.97867488861084,3.97867488861084,0.9391589901724385,1.0,12.608111193129753,15.946336811451955,2.7514468502677905,1137,1.0,0.0,0.00020000000000000004,True,True,False,False,False,False,False,False,0.25
TD3 Target Policy Smoothing,2027,test_0002,long,11.023613116999968,1282.6033761461147,126.13316345214844,150.74851989746094,15.074851989746094,3.3634040355682373,1.189300298690796,4.944704532623291,4.944704532623291,0.9607977442467049,1.0,11.098861646174152,9.131529305905381,3.070795752538809,1137,1.0,0.0,0.00020000000000000004,True,True,False,False,False,False,False,False,0.25
TD3 Target Policy Smoothing,2027,test_0003,very_long,11.023613116999968,1282.6033761461147,157.826416015625,161.83250427246094,10.788833618164062,0.9877206683158875,0.952082097530365,3.645930528640747,3.645930528640747,0.9768991109303287,1.0,6.2833910158049635,3.16909535130121,2.405259835522881,1137,1.0,0.0,0.00020000000000000004,True,True,False,False,False,False,False,False,0.25
TD3 Target Policy Smoothing,2027,test_0004,short,11.023613116999968,1282.6033761461147,50.8075065612793,64.6980972290039,16.174524307250977,10.497469902038574,11.135519027709961,4.349719524383545,4.349719524383545,0.9143882505011869,1.0,14.046411020401402,10.216244818368398,3.504669894338856,1137,1.0,0.0,0.00020000000000000004,True,True,False,False,False,False,False,False,0.25
TD3 Target Policy Smoothing,2027,test_0005,medium,11.023613116999968,1282.6033761461147,61.38010787963867,81.72319030761719,16.34463882446289,9.81852912902832,9.678746223449707,3.509815216064453,3.509815216064453,0.9428183602585563,1.0,3.726957751280518,3.6930714385251946,0.2247457969810424,1137,1.0,0.0,0.00020000000000000004,True,True,False,False,False,False,False,False,0.25
TD3 Target Policy Smoothing,2027,test_0006,long,11.023613116999968,1282.6033761461147,145.6652374267578,145.70370483398438,8.570806503295898,0.5277053713798523,0.04104207456111908,7.2526726722717285,7.2526726722717285,0.9502099965620249,1.0,4.330395809236242,2.9639916029937496,0.7913933223227168,1137,1.0,0.0,0.00020000000000000004,True,True,False,False,False,False,False,False,0.25
TD3 Target Policy Smoothing,2027,test_0007,very_long,11.023613116999968,1282.6033761461147,157.68080139160156,185.1378936767578,13.224135398864746,2.000018358230591,0.3718070089817047,5.82895040512085,5.82895040512085,0.9630332269136266,1.0,9.285096260042996,4.121771149488204,4.272789340426463,1137,1.0,0.0,0.00020000000000000004,True,True,False,False,False,False,False,False,0.25
TD3 Target Policy Smoothing,2027,test_0008,short,11.023613116999968,1282.6033761461147,59.570159912109375,948.6724853515625,16.079195022583008,30.470136642456055,61.04412841796875,9.22945499420166,9.16786003112793,0.8450658012699828,0.0,3.896603534628873,3.995109295452275,0.11406032605857477,1137,1.0,0.0,0.00020000000000000004,True,True,False,False,False,False,False,False,0.25
TD3 Target Policy Smoothing,2027,test_0009,medium,11.023613116999968,1282.6033761461147,86.91923522949219,109.8451156616211,15.692159652709961,5.871150493621826,4.303986072540283,1.2407076358795166,1.2407076358795166,0.9857257414586807,1.0,7.129613786274135,6.545313963742164,0.5909043874453028,1137,1.0,0.0,0.00020000000000000004,True,True,False,False,False,False,False,False,0.25
TD3 Target Policy Smoothing,2028,test_0000,short,11.175000081000007,1097.8069853939685,58.88470458984375,69.36383819580078,13.872767448425293,6.359879016876221,3.0733563899993896,5.965820789337158,5.965820789337158,0.8986864104882318,1.0,7.8707561034135525,7.374012040328751,0.4262472566629995,1137,1.0,0.0,0.00020000000000000004,True,True,False,False,False,False,False,False,0.25
TD3 Target Policy Smoothing,2028,test_0001,medium,11.175000081000007,1097.8069853939685,65.39462280273438,71.65721130371094,11.94286823272705,4.040698051452637,1.04203200340271,7.8140153884887695,7.8140153884887695,0.8805098178781445,1.0,14.548142920432301,17.385859829120054,3.4321559374457933,1137,1.0,0.0,0.00020000000000000004,True,True,False,False,False,False,False,False,0.25
TD3 Target Policy Smoothing,2028,test_0002,long,11.175000081000007,1097.8069853939685,126.13316345214844,148.27944946289062,14.8279447555542,3.3149876594543457,1.4080392122268677,5.293078422546387,5.293078422546387,0.958035791082379,1.0,6.693076278888268,8.078728456259002,0.7806613377770001,1137,1.0,0.0,0.00020000000000000004,True,True,False,False,False,False,False,False,0.25
TD3 Target Policy Smoothing,2028,test_0003,very_long,11.175000081000007,1097.8069853939685,157.826416015625,183.93275451660156,18.39327621459961,4.794858455657959,3.8638744354248047,3.556615114212036,3.556615114212036,0.9774650200897933,1.0,6.42699821837421,3.106334561629062,3.219174593927695,1137,1.0,0.0,0.00020000000000000004,True,True,False,False,False,False,False,False,0.25
TD3 Target Policy Smoothing,2028,test_0004,short,11.175000081000007,1097.8069853939685,50.8075065612793,65.1644058227539,13.032880783081055,6.826240062713623,3.982609987258911,1.0623257160186768,1.0623257160186768,0.9790911660910303,1.0,12.362710728033973,10.18826210972357,3.5783284210664017,1137,1.0,0.0,0.00020000000000000004,True,True,False,False,False,False,False,False,0.25
TD3 Target Policy Smoothing,2028,test_0005,medium,11.175000081000007,1097.8069853939685,61.38010787963867,74.04017639160156,12.3400297164917,4.819294452667236,1.711771011352539,2.4811267852783203,2.4811267852783203,0.9595776731096074,1.0,3.3269203437005737,3.5794046679659117,0.12211548923221867,1137,1.0,0.0,0.00020000000000000004,True,True,False,False,False,False,False,False,0.25
TD3 Target Policy Smoothing,2028,test_0006,long,11.175000081000007,1097.8069853939685,145.6652374267578,169.8667755126953,18.874086380004883,5.359488010406494,5.648203372955322,5.210061550140381,5.210061550140381,0.9642326361307717,1.0,3.668083997136575,2.8157587520321687,0.7653277483845253,1137,1.0,0.0,0.00020000000000000004,True,True,False,False,False,False,False,False,0.25
TD3 Target Policy Smoothing,2028,test_0007,very_long,11.175000081000007,1097.8069853939685,157.68080139160156,183.8053741455078,16.709579467773438,3.5219502449035645,2.142214775085449,5.839533805847168,5.839533805847168,0.9629661077676499,1.0,8.065099276329873,3.8560828939089933,4.338902696125481,1137,1.0,0.0,0.00020000000000000004,True,True,False,False,False,False,False,False,0.25
TD3 Target Policy Smoothing,2028,test_0008,short,11.175000081000007,1097.8069853939685,59.570159912109375,62.708683013916016,10.451447486877441,3.190359592437744,0.7445039749145508,6.60099983215332,6.60099983215332,0.8891894894710284,1.0,3.6172062271944014,3.7656160059979285,0.07182626758092354,1137,1.0,0.0,0.00020000000000000004,True,True,False,False,False,False,False,False,0.25
TD3 Target Policy Smoothing,2028,test_0009,medium,11.175000081000007,1097.8069853939685,86.91923522949219,104.90290832519531,13.112863540649414,3.741684675216675,1.2091478109359741,2.8026041984558105,2.8026041984558105,0.967756225753067,1.0,5.960770943655705,6.359409667840795,0.2984996450926033,1137,1.0,0.0,0.00020000000000000004,True,True,False,False,False,False,False,False,0.25
TD3 Delayed Actor Update,2026,test_0000,short,9.392846181999971,1797.475559793131,58.88470458984375,60.0,20.0,2.2380287647247314,1.772596001625061,6.943498611450195,6.943498611450195,0.8820831545336854,1.0,8.174291857565018,7.476359081133453,0.42385195036372875,568,2.0,0.0,0.00020000000000000004,True,True,True,False,False,False,False,False,0.25
TD3 Delayed Actor Update,2026,test_0001,medium,9.392846181999971,1797.475559793131,65.39462280273438,80.9940185546875,16.198802947998047,8.121377944946289,6.81403112411499,4.328430652618408,4.328430652618408,0.9338106029653952,1.0,13.349348864035909,16.628076675568323,3.1230804959867546,568,2.0,0.0,0.00020000000000000004,True,True,True,False,False,False,False,False,0.25
TD3 Delayed Actor Update,2026,test_0002,long,9.392846181999971,1797.475559793131,126.13316345214844,148.10537719726562,18.513172149658203,5.9593000411987305,6.2612762451171875,4.140340805053711,4.140340805053711,0.967174843699021,1.0,9.437772034262553,8.453608226721034,2.9141048402800407,568,2.0,0.0,0.00020000000000000004,True,True,True,False,False,False,False,False,0.25
TD3 Delayed Actor Update,2026,test_0003,very_long,9.392846181999971,1797.475559793131,157.826416015625,188.55445861816406,15.712871551513672,2.923107147216797,0.9879032373428345,4.1286940574646,4.1286940574646,0.9738402850315256,1.0,6.61274776569915,3.113725229003885,3.5747182731504124,568,2.0,0.0,0.00020000000000000004,True,True,True,False,False,False,False,False,0.25
TD3 Delayed Actor Update,2026,test_0004,short,9.392846181999971,1797.475559793131,50.8075065612793,48.713539123535156,8.11892318725586,0.8914390802383423,0.1875317394733429,3.049429178237915,3.049429178237915,0.939980735434045,1.0,15.077224153846172,10.599323557379654,2.899038548655075,568,2.0,0.0,0.00020000000000000004,True,True,True,False,False,False,False,False,0.25
TD3 Delayed Actor Update,2026,test_0005,medium,9.392846181999971,1797.475559793131,61.38010787963867,66.46669006347656,9.495241165161133,2.230816125869751,0.515791118144989,2.278571605682373,2.278571605682373,0.9628776865275235,1.0,3.677919360472626,3.6548122529035494,0.1716811425100808,568,2.0,0.0,0.00020000000000000004,True,True,True,False,False,False,False,False,0.25
TD3 Delayed Actor Update,2026,test_0006,long,9.392846181999971,1797.475559793131,145.6652374267578,168.09585571289062,15.281441688537598,2.8003146648406982,1.6299670934677124,7.489157199859619,7.489157199859619,0.9485865170567874,1.0,3.5256086770531563,2.8437160598530067,0.7144470840112309,568,2.0,0.0,0.00020000000000000004,True,True,True,False,False,False,False,False,0.25
TD3 Delayed Actor Update,2026,test_0007,very_long,9.392846181999971,1797.475559793131,157.68080139160156,166.7095947265625,10.419349670410156,1.1703155040740967,0.9610031843185425,4.967887878417969,4.967887878417969,0.9684940218810775,1.0,10.760111231447986,4.101043522854084,5.108512367319361,568,2.0,0.0,0.00020000000000000004,True,True,True,False,False,False,False,False,0.25
TD3 Delayed Actor Update,2026,test_0008,short,9.392846181999971,1797.475559793131,59.570159912109375,65.03312683105469,10.838854789733887,3.5423851013183594,0.9065136313438416,5.492809295654297,5.492809295654297,0.9077926044892533,1.0,4.133826071015828,3.9892279039246223,0.272619066426465,568,2.0,0.0,0.00020000000000000004,True,True,True,False,False,False,False,False,0.25
TD3 Delayed Actor Update,2026,test_0009,medium,9.392846181999971,1797.475559793131,86.91923522949219,100.01295471191406,12.501619338989258,3.3306596279144287,0.773888111114502,6.067152976989746,6.067152976989746,0.9301978099442466,1.0,8.475449752833926,7.009282741707484,1.3005207739596358,568,2.0,0.0,0.00020000000000000004,True,True,True,False,False,False,False,False,0.25
TD3 Delayed Actor Update,2027,test_0000,short,6.970999267000025,1264.5820945218873,58.88470458984375,64.00640869140625,9.143773078918457,1.9352883100509644,0.46596741676330566,0.5199160575866699,0.5199160575866699,0.9911706093932524,1.0,7.798110919381974,7.3625122121544155,0.2929487169992133,568,2.0,0.0,0.00020000000000000004,True,True,True,False,False,False,False,False,0.25
TD3 Delayed Actor Update,2027,test_0001,medium,6.970999267000025,1264.5820945218873,65.39462280273438,80.08574676513672,13.347624778747559,5.332817077636719,2.3872368335723877,2.560551643371582,2.560551643371582,0.9608446148378958,1.0,13.56233233744776,16.566588714298703,2.89357640044135,568,2.0,0.0,0.00020000000000000004,True,True,True,False,False,False,False,False,0.25
TD3 Delayed Actor Update,2027,test_0002,long,6.970999267000025,1264.5820945218873,126.13316345214844,140.66302490234375,10.047358512878418,1.222818374633789,0.14608095586299896,1.896945595741272,1.896945595741272,0.9849607704760301,1.0,8.441956606531031,8.776476004152176,1.4355194852523894,568,2.0,0.0,0.00020000000000000004,True,True,True,False,False,False,False,False,0.25
TD3 Delayed Actor Update,2027,test_0003,very_long,6.970999267000025,1264.5820945218873,157.826416015625,180.7317657470703,15.060980796813965,2.7781007289886475,1.3699525594711304,1.8801250457763672,1.8801250457763672,0.988087386806083,1.0,5.2614929328737015,3.101256431013281,2.5091291106318034,568,2.0,0.0,0.00020000000000000004,True,True,True,False,False,False,False,False,0.25
TD3 Delayed Actor Update,2027,test_0004,short,6.970999267000025,1264.5820945218873,50.8075065612793,67.99649047851562,16.999122619628906,10.429795265197754,14.8878755569458,1.5118383169174194,1.5118383169174194,0.9702438001933045,1.0,13.107565176035942,9.893885333864631,3.854595342464058,568,2.0,0.0,0.00020000000000000004,True,True,True,False,False,False,False,False,0.25
TD3 Delayed Actor Update,2027,test_0005,medium,6.970999267000025,1264.5820945218873,61.38010787963867,107.2925796508789,17.882097244262695,16.107894897460938,28.90377426147461,7.230823993682861,7.230823993682861,0.8821959712442684,1.0,3.4875151230586434,3.6625589564733083,0.11990564394088553,568,2.0,0.0,0.00020000000000000004,True,True,True,False,False,False,False,False,0.25
TD3 Delayed Actor Update,2027,test_0006,long,6.970999267000025,1264.5820945218873,145.6652374267578,177.47076416015625,14.789230346679688,2.7998368740081787,0.9194251894950867,1.1650021076202393,1.1650021076202393,0.9920021953885462,1.0,3.7560319234402395,2.869202608957946,0.8098459417710613,568,2.0,0.0,0.00020000000000000004,True,True,True,False,False,False,False,False,0.25
TD3 Delayed Actor Update,2027,test_0007,very_long,6.970999267000025,1264.5820945218873,157.68080139160156,183.72061157226562,18.372060775756836,4.771859169006348,3.8131816387176514,3.4598610401153564,3.4598610401153564,0.9780578167438231,1.0,8.847648717646663,3.996500277637894,4.172883969322655,568,2.0,0.0,0.00020000000000000004,True,True,True,False,False,False,False,False,0.25
TD3 Delayed Actor Update,2027,test_0008,short,6.970999267000025,1264.5820945218873,59.570159912109375,136.12710571289062,17.015888214111328,20.76949119567871,39.3050422668457,7.944573402404785,7.944573402404785,0.8666350163550623,1.0,3.6507322750132007,3.84050071147507,0.11616630044676957,568,2.0,0.0,0.00020000000000000004,True,True,True,False,False,False,False,False,0.25
TD3 Delayed Actor Update,2027,test_0009,medium,6.970999267000025,1264.5820945218873,86.91923522949219,103.44522094726562,17.240869522094727,6.337823390960693,4.826192378997803,6.096855640411377,6.096855640411377,0.9298560827840477,1.0,5.854878049062657,5.989809804408886,0.29598107591135847,568,2.0,0.0,0.00020000000000000004,True,True,True,False,False,False,False,False,0.25
TD3 Delayed Actor Update,2028,test_0000,short,9.372011290000046,1097.7033183196759,58.88470458984375,69.36601257324219,13.873202323913574,6.3597092628479,3.0738685131073,5.958510398864746,5.958510398864746,0.8988105580155623,1.0,7.870675879322495,7.37399117964525,0.4262227508403755,568,2.0,0.0,0.00020000000000000004,True,True,True,False,False,False,False,False,0.25
TD3 Delayed Actor Update,2028,test_0001,medium,9.372011290000046,1097.7033183196759,65.39462280273438,71.67044067382812,11.945073127746582,4.04049825668335,1.0423563718795776,7.787463665008545,7.787463665008545,0.8809158409170773,1.0,14.547690105031709,17.383699573592743,3.431775883062954,568,2.0,0.0,0.00020000000000000004,True,True,True,False,False,False,False,False,0.25
TD3 Delayed Actor Update,2028,test_0002,long,9.372011290000046,1097.7033183196759,126.13316345214844,148.2844696044922,14.828447341918945,3.314871072769165,1.4082422256469727,5.279466152191162,5.279466152191162,0.9581437109187065,1.0,6.6939210729426915,8.080196261914379,0.7809666353740641,568,2.0,0.0,0.00020000000000000004,True,True,True,False,False,False,False,False,0.25
TD3 Delayed Actor Update,2028,test_0003,very_long,9.372011290000046,1097.7033183196759,157.826416015625,183.93341064453125,18.393341064453125,4.79478645324707,3.865070343017578,3.557450771331787,3.557450771331787,0.9774597253036551,1.0,6.426752462657003,3.1063799386815862,3.2189608822274907,568,2.0,0.0,0.00020000000000000004,True,True,True,False,False,False,False,False,0.25
TD3 Delayed Actor Update,2028,test_0004,short,9.372011290000046,1097.7033183196759,50.8075065612793,65.17835235595703,13.035670280456543,6.825490951538086,3.992840051651001,1.0457711219787598,1.0457711219787598,0.9794169957796011,1.0,12.363499763472744,10.191807044316002,3.5777647439062377,568,2.0,0.0,0.00020000000000000004,True,True,True,False,False,False,False,False,0.25
TD3 Delayed Actor Update,2028,test_0005,medium,9.372011290000046,1097.7033183196759,61.38010787963867,74.0418930053711,12.340315818786621,4.819238185882568,1.7120072841644287,2.477449417114258,2.477449417114258,0.9596375845090998,1.0,3.3269547972110964,3.5794846811942707,0.12213607368320244,568,2.0,0.0,0.00020000000000000004,True,True,True,False,False,False,False,False,0.25
TD3 Delayed Actor Update,2028,test_0006,long,9.372011290000046,1097.7033183196759,145.6652374267578,169.86727905273438,18.874141693115234,5.35946798324585,5.648351192474365,5.210346698760986,5.210346698760986,0.9642306785695468,1.0,3.6680846824121383,2.815755539488909,0.7653278195881644,568,2.0,0.0,0.00020000000000000004,True,True,True,False,False,False,False,False,0.25
TD3 Delayed Actor Update,2028,test_0007,very_long,9.372011290000046,1097.7033183196759,157.68080139160156,183.8068389892578,16.709712982177734,3.5213687419891357,2.140872001647949,5.830723285675049,5.830723285675049,0.9630219834360532,1.0,8.065161913296103,3.8562777583704184,4.338946751613132,568,2.0,0.0,0.00020000000000000004,True,True,True,False,False,False,False,False,0.25
TD3 Delayed Actor Update,2028,test_0008,short,9.372011290000046,1097.7033183196759,59.570159912109375,62.711097717285156,10.451849937438965,3.1903653144836426,0.7444372177124023,6.59708309173584,6.59708309173584,0.8892552395113718,1.0,3.6172243227767784,3.7656602446120298,0.07183875357953479,568,2.0,0.0,0.00020000000000000004,True,True,True,False,False,False,False,False,0.25
TD3 Delayed Actor Update,2028,test_0009,medium,9.372011290000046,1097.7033183196759,86.91923522949219,104.91039276123047,13.113799095153809,3.7418875694274902,1.2092403173446655,2.789257526397705,2.789257526397705,0.9679097783242886,1.0,5.960986141706637,6.360051589784036,0.29851716996233046,568,2.0,0.0,0.00020000000000000004,True,True,True,False,False,False,False,False,0.25
TD3 Soft Target Update,2026,test_0000,short,9.311053412999968,1798.1717466931022,58.88470458984375,60.0,20.0,2.2395801544189453,1.7707263231277466,6.94345760345459,6.94345760345459,0.8820838509453578,1.0,8.17443042125823,7.476393711985671,0.4239369134627526,568,2.0,0.0,0.00020000000000000004,True,True,True,True,False,False,False,False,0.25
TD3 Soft Target Update,2026,test_0001,medium,9.311053412999968,1798.1717466931022,65.39462280273438,80.99291229248047,16.19858169555664,8.12057876586914,6.813594818115234,4.33472204208374,4.33472204208374,0.9337143964396031,1.0,13.349617457051297,16.62815306453909,3.123118348326701,568,2.0,0.0,0.00020000000000000004,True,True,True,True,False,False,False,False,0.25
TD3 Soft Target Update,2026,test_0002,long,9.311053412999968,1798.1717466931022,126.13316345214844,148.117431640625,18.514678955078125,5.962244510650635,6.264934539794922,4.139403820037842,4.139403820037842,0.9671822722371645,1.0,9.437963261154414,8.454521878118197,2.9141284597467934,568,2.0,0.0,0.00020000000000000004,True,True,True,True,False,False,False,False,0.25
TD3 Soft Target Update,2026,test_0003,very_long,9.311053412999968,1798.1717466931022,157.826416015625,188.5543670654297,15.71286392211914,2.923232316970825,0.987659752368927,4.129606246948242,4.129606246948242,0.9738345053305943,1.0,6.612853089158604,3.1137248961095625,3.5748337060910327,568,2.0,0.0,0.00020000000000000004,True,True,True,True,False,False,False,False,0.25
TD3 Soft Target Update,2026,test_0004,short,9.311053412999968,1798.1717466931022,50.8075065612793,48.683616638183594,8.113936424255371,0.8975480198860168,0.19622309505939484,3.093622922897339,3.093622922897339,0.9391109083622102,1.0,15.082772766219415,10.607130587703606,2.896476438921408,568,2.0,0.0,0.00020000000000000004,True,True,True,True,False,False,False,False,0.25
TD3 Soft Target Update,2026,test_0005,medium,9.311053412999968,1798.1717466931022,61.38010787963867,66.46478271484375,9.494969367980957,2.2313826084136963,0.5162829160690308,2.2862751483917236,2.2862751483917236,0.9627521810017845,1.0,3.6779540598599954,3.654911776883516,0.17169230244473488,568,2.0,0.0,0.00020000000000000004,True,True,True,True,False,False,False,False,0.25
TD3 Soft Target Update,2026,test_0006,long,9.311053412999968,1798.1717466931022,145.6652374267578,168.09738159179688,15.281579971313477,2.800464153289795,1.63102126121521,7.489805221557617,7.489805221557617,0.9485820683515958,1.0,3.525625850801989,2.843714362764711,0.7144573474124145,568,2.0,0.0,0.00020000000000000004,True,True,True,True,False,False,False,False,0.25
TD3 Soft Target Update,2026,test_0007,very_long,9.311053412999968,1798.1717466931022,157.68080139160156,166.71807861328125,10.419879913330078,1.1709703207015991,0.9657651782035828,4.974144458770752,4.974144458770752,0.9684543431104372,1.0,10.760794360893506,4.101182212139623,5.1089040463639,568,2.0,0.0,0.00020000000000000004,True,True,True,True,False,False,False,False,0.25
TD3 Soft Target Update,2026,test_0008,short,9.311053412999968,1798.1717466931022,59.570159912109375,65.03087615966797,10.838479042053223,3.5427138805389404,0.9067855477333069,5.500223159790039,5.500223159790039,0.9076681484839869,1.0,4.133941076720683,3.9894396130317444,0.2726541032426589,568,2.0,0.0,0.00020000000000000004,True,True,True,True,False,False,False,False,0.25
TD3 Soft Target Update,2026,test_0009,medium,9.311053412999968,1798.1717466931022,86.91923522949219,100.01485443115234,12.501856803894043,3.331400156021118,0.7744640707969666,6.079788684844971,6.079788684844971,0.9300524369687267,1.0,8.476067202257505,7.010470132391033,1.3005345947505242,568,2.0,0.0,0.00020000000000000004,True,True,True,True,False,False,False,False,0.25
TD3 Soft Target Update,2027,test_0000,short,7.089454909999972,901.9864013732771,58.88470458984375,69.66577911376953,13.93315601348877,9.586607933044434,9.071575164794922,3.4058046340942383,3.4058046340942383,0.9421614720186324,1.0,7.965611722550609,7.454028916508595,0.4494836009954969,568,2.0,0.0,0.00020000000000000004,True,True,True,True,False,False,False,False,0.25
TD3 Soft Target Update,2027,test_0001,medium,7.089454909999972,901.9864013732771,65.39462280273438,80.48863220214844,16.097726821899414,8.271976470947266,6.5670857429504395,6.07309627532959,6.07309627532959,0.9071315650271531,1.0,13.57698372279799,17.633737170594628,3.11862359039575,568,2.0,0.0,0.00020000000000000004,True,True,True,True,False,False,False,False,0.25
TD3 Soft Target Update,2027,test_0002,long,7.089454909999972,901.9864013732771,126.13316345214844,168.7404327392578,15.340039253234863,7.502488136291504,7.198180198669434,5.743935585021973,5.743935585021973,0.9544613373056241,1.0,7.050779429154439,7.9740497219933495,1.1361164890056712,568,2.0,0.0,0.00020000000000000004,True,True,True,True,False,False,False,False,0.25
TD3 Soft Target Update,2027,test_0003,very_long,7.089454909999972,901.9864013732771,157.826416015625,185.89219665527344,18.58922004699707,6.028866291046143,5.1279144287109375,3.8190572261810303,3.8190572261810303,0.9758021671999259,1.0,5.9791673552798565,3.1070567597690824,2.7958339278362754,568,2.0,0.0,0.00020000000000000004,True,True,True,True,False,False,False,False,0.25
TD3 Soft Target Update,2027,test_0004,short,7.089454909999972,901.9864013732771,50.8075065612793,67.94377136230469,16.985942840576172,12.042815208435059,17.474184036254883,0.7869091033935547,0.7869091033935547,0.9845119519407145,1.0,13.058941232344315,9.951521111449287,3.785724103455846,568,2.0,0.0,0.00020000000000000004,True,True,True,True,False,False,False,False,0.25
TD3 Soft Target Update,2027,test_0005,medium,7.089454909999972,901.9864013732771,61.38010787963867,127.39923095703125,18.19989013671875,19.684057235717773,35.58658981323242,6.870744705200195,6.870744705200195,0.8880623553371206,1.0,3.462269181321693,3.437248074001202,0.11085887866236609,568,2.0,0.0,0.00020000000000000004,True,True,True,True,False,False,False,False,0.25
TD3 Soft Target Update,2027,test_0006,long,7.089454909999972,901.9864013732771,145.6652374267578,187.15711975097656,18.71571159362793,6.7957634925842285,5.986965179443359,2.3822691440582275,2.3822691440582275,0.9836455891182956,1.0,3.8817128372383958,2.8486798392490056,0.8301247743550966,568,2.0,0.0,0.00020000000000000004,True,True,True,True,False,False,False,False,0.25
TD3 Soft Target Update,2027,test_0007,very_long,7.089454909999972,901.9864013732771,157.68080139160156,188.23089599609375,18.823089599609375,4.743247985839844,3.4277331829071045,5.604931831359863,5.604931831359863,0.9644539361679171,1.0,8.88375772695732,3.9544118360872833,4.23001378558516,568,2.0,0.0,0.00020000000000000004,True,True,True,True,False,False,False,False,0.25
TD3 Soft Target Update,2027,test_0008,short,7.089454909999972,901.9864013732771,59.570159912109375,136.74325561523438,17.092906951904297,20.27188491821289,37.5074348449707,7.662820339202881,7.662820339202881,0.8713647848098997,1.0,3.6810883534475036,3.8783571802808217,0.1649154616398652,568,2.0,0.0,0.00020000000000000004,True,True,True,True,False,False,False,False,0.25
TD3 Soft Target Update,2027,test_0009,medium,7.089454909999972,901.9864013732771,86.91923522949219,104.27981567382812,17.379968643188477,7.0495452880859375,6.266638278961182,4.480457782745361,4.480457782745361,0.9484526322520482,1.0,5.908799067637781,6.081771677984641,0.30214253419884196,568,2.0,0.0,0.00020000000000000004,True,True,True,True,False,False,False,False,0.25
TD3 Soft Target Update,2028,test_0000,short,9.30089757099995,1323.0266929760696,58.88470458984375,148.68890380859375,18.58611297607422,22.935651779174805,42.14592742919922,6.220526218414307,6.220526218414307,0.8943609166125085,1.0,7.412031499957735,7.128381953034331,0.4740836024081284,568,2.0,0.0,0.00020000000000000004,True,True,True,True,False,False,False,False,0.25
TD3 Soft Target Update,2028,test_0001,medium,9.30089757099995,1323.0266929760696,65.39462280273438,75.08036804199219,15.016073226928711,5.457589626312256,5.808258533477783,7.223849296569824,7.223849296569824,0.8895345062489179,1.0,13.131729749052598,16.5273433432579,3.077445908588175,568,2.0,0.0,0.00020000000000000004,True,True,True,True,False,False,False,False,0.25
TD3 Soft Target Update,2028,test_0002,long,9.30089757099995,1323.0266929760696,126.13316345214844,148.26824951171875,18.533531188964844,6.860500335693359,6.975374698638916,3.498861074447632,3.498861074447632,0.9722605777997869,1.0,8.863899735709703,8.453914236289664,2.52276903630202,568,2.0,0.0,0.00020000000000000004,True,True,True,True,False,False,False,False,0.25
TD3 Soft Target Update,2028,test_0003,very_long,9.30089757099995,1323.0266929760696,157.826416015625,159.99974060058594,19.999967575073242,1.133582353591919,0.7439361214637756,4.326684951782227,4.326684951782227,0.9725857998869221,1.0,6.545571994590262,3.0660798800765456,2.9005331294139514,568,2.0,0.0,0.00020000000000000004,True,True,True,True,False,False,False,False,0.25
TD3 Soft Target Update,2028,test_0004,short,9.30089757099995,1323.0266929760696,50.8075065612793,68.53815460205078,17.134538650512695,12.702448844909668,14.72297477722168,4.201691150665283,4.201691150665283,0.9173017643446526,1.0,12.9714001113939,10.80499700335562,3.6641620939441713,568,2.0,0.0,0.00020000000000000004,True,True,True,True,False,False,False,False,0.25
TD3 Soft Target Update,2028,test_0005,medium,9.30089757099995,1323.0266929760696,61.38010787963867,74.57879638671875,14.915759086608887,7.168130397796631,4.569420337677002,3.4160470962524414,3.4160470962524414,0.9443460232596687,1.0,3.3479243822457954,3.674842183654497,0.1551116067813927,568,2.0,0.0,0.00020000000000000004,True,True,True,True,False,False,False,False,0.25
TD3 Soft Target Update,2028,test_0006,long,9.30089757099995,1323.0266929760696,145.6652374267578,166.24122619628906,18.47124671936035,4.181668758392334,2.7385475635528564,4.246255397796631,4.246255397796631,0.9708492192591133,1.0,3.53742303593227,2.8050430387711502,0.7418386742543839,568,2.0,0.0,0.00020000000000000004,True,True,True,True,False,False,False,False,0.25
TD3 Soft Target Update,2028,test_0007,very_long,9.30089757099995,1323.0266929760696,157.68080139160156,178.0656280517578,17.806562423706055,3.4410622119903564,1.5215429067611694,5.619410991668701,5.619410991668701,0.964362110402313,1.0,7.876652359596623,3.845488324148312,3.7343487201879237,568,2.0,0.0,0.00020000000000000004,True,True,True,True,False,False,False,False,0.25
TD3 Soft Target Update,2028,test_0008,short,9.30089757099995,1323.0266929760696,59.570159912109375,65.90157318115234,13.180315017700195,4.786215782165527,3.4332759380340576,3.8322341442108154,3.8322341442108154,0.9356685604023064,1.0,3.6280302984054984,3.9580698591826073,0.15556781919833856,568,2.0,0.0,0.00020000000000000004,True,True,True,True,False,False,False,False,0.25
TD3 Soft Target Update,2028,test_0009,medium,9.30089757099995,1323.0266929760696,86.91923522949219,96.463134765625,13.780447959899902,3.7574615478515625,1.9611608982086182,3.595817804336548,3.595817804336548,0.9586303561594561,1.0,5.951958474728497,6.637566312132125,0.33384017845302616,568,2.0,0.0,0.00020000000000000004,True,True,True,True,False,False,False,False,0.25
TD3 Gradient Clipping,2026,test_0000,short,10.038246848000085,1797.6078599106092,58.88470458984375,60.0,20.0,2.2433011531829834,1.7738639116287231,6.953732967376709,6.953732967376709,0.8819093512345468,1.0,8.175288992633245,7.47741216713997,0.4239023839786703,568,2.0,0.0,0.00020000000000000004,True,True,True,True,True,False,False,False,0.25
TD3 Gradient Clipping,2026,test_0001,medium,10.038246848000085,1797.6078599106092,65.39462280273438,80.9886245727539,16.197725296020508,8.118622779846191,6.812184810638428,4.350247859954834,4.350247859954834,0.9334769790923401,1.0,13.350246811472351,16.628674493432584,3.1233526548542008,568,2.0,0.0,0.00020000000000000004,True,True,True,True,True,False,False,False,0.25
TD3 Gradient Clipping,2026,test_0002,long,10.038246848000085,1797.6078599106092,126.13316345214844,148.0875701904297,18.51094627380371,5.961325645446777,6.266477584838867,4.139347553253174,4.139347553253174,0.9671827183274958,1.0,9.437850149353345,8.452042851638888,2.9147092962668397,568,2.0,0.0,0.00020000000000000004,True,True,True,True,True,False,False,False,0.25
TD3 Gradient Clipping,2026,test_0003,very_long,10.038246848000085,1797.6078599106092,157.826416015625,188.55335998535156,15.712779998779297,2.923478603363037,0.9867588877677917,4.144773483276367,4.144773483276367,0.9737384045845277,1.0,6.6138172407509,3.1137183001547926,3.575637383123225,568,2.0,0.0,0.00020000000000000004,True,True,True,True,True,False,False,False,0.25
TD3 Gradient Clipping,2026,test_0004,short,10.038246848000085,1797.6078599106092,50.8075065612793,48.64453887939453,8.107422828674316,0.9036693572998047,0.2031061351299286,3.1464931964874268,3.1464931964874268,0.9380703087113236,1.0,15.088420859545394,10.616449454739136,2.893377549791205,568,2.0,0.0,0.00020000000000000004,True,True,True,True,True,False,False,False,0.25
TD3 Gradient Clipping,2026,test_0005,medium,10.038246848000085,1797.6078599106092,61.38010787963867,66.460693359375,9.494384765625,2.2320122718811035,0.5166369676589966,2.2956950664520264,2.2956950664520264,0.9625987124207456,1.0,3.6779892273536783,3.65503160265313,0.1717016556874651,568,2.0,0.0,0.00020000000000000004,True,True,True,True,True,False,False,False,0.25
TD3 Gradient Clipping,2026,test_0006,long,10.038246848000085,1797.6078599106092,145.6652374267578,168.09896850585938,15.281723976135254,2.8006606101989746,1.6320369243621826,7.490586280822754,7.490586280822754,0.9485767063360666,1.0,3.525653166633363,2.8437121310683127,0.7144767630680166,568,2.0,0.0,0.00020000000000000004,True,True,True,True,True,False,False,False,0.25
TD3 Gradient Clipping,2026,test_0007,very_long,10.038246848000085,1797.6078599106092,157.68080139160156,166.71853637695312,10.41990852355957,1.1715419292449951,0.9683717489242554,4.983048915863037,4.983048915863037,0.9683978717010222,1.0,10.761104255229625,4.101340279488767,5.109106263458207,568,2.0,0.0,0.00020000000000000004,True,True,True,True,True,False,False,False,0.25
TD3 Gradient Clipping,2026,test_0008,short,10.038246848000085,1797.6078599106092,59.570159912109375,65.02696228027344,10.8378267288208,3.54296612739563,0.9069353938102722,5.5088791847229,5.5088791847229,0.9075228404145502,1.0,4.134053918345958,3.989681641147942,0.2726818348831673,568,2.0,0.0,0.00020000000000000004,True,True,True,True,True,False,False,False,0.25
TD3 Gradient Clipping,2026,test_0009,medium,10.038246848000085,1797.6078599106092,86.91923522949219,100.01162719726562,12.501453399658203,3.3321211338043213,0.7743961811065674,6.096099376678467,6.096099376678467,0.9298647835478191,1.0,8.476581101844458,7.011866597887765,1.3004359038001678,568,2.0,0.0,0.00020000000000000004,True,True,True,True,True,False,False,False,0.25
TD3 Gradient Clipping,2027,test_0000,short,7.656544822000001,1267.0871240057181,58.88470458984375,63.762611389160156,9.1089448928833,1.9437111616134644,0.47381195425987244,0.8673133254051208,0.8673133254051208,0.9852709913135115,1.0,7.807589537207687,7.370430910795793,0.2917479443226086,568,2.0,0.0,0.00020000000000000004,True,True,True,True,True,False,False,False,0.25
TD3 Gradient Clipping,2027,test_0001,medium,7.656544822000001,1267.0871240057181,65.39462280273438,80.05685424804688,13.342808723449707,5.344504356384277,2.41328763961792,2.761957883834839,2.761957883834839,0.9577647554881324,1.0,13.56203321577995,16.5652557570916,2.893367697272843,568,2.0,0.0,0.00020000000000000004,True,True,True,True,True,False,False,False,0.25
TD3 Gradient Clipping,2027,test_0002,long,7.656544822000001,1267.0871240057181,126.13316345214844,139.8855743408203,9.991827011108398,1.2159132957458496,0.14525552093982697,2.798999786376953,2.798999786376953,0.9778091684235065,1.0,8.457798381094221,8.83853125649484,1.445431354170632,568,2.0,0.0,0.00020000000000000004,True,True,True,True,True,False,False,False,0.25
TD3 Gradient Clipping,2027,test_0003,very_long,7.656544822000001,1267.0871240057181,157.826416015625,180.47886657714844,15.039905548095703,2.7727396488189697,1.3763153553009033,2.332156181335449,2.332156181335449,0.9852232836542105,1.0,5.262285037041893,3.101123438786598,2.505059453372236,568,2.0,0.0,0.00020000000000000004,True,True,True,True,True,False,False,False,0.25
TD3 Gradient Clipping,2027,test_0004,short,7.656544822000001,1267.0871240057181,50.8075065612793,67.96731567382812,16.99182891845703,10.340054512023926,14.887320518493652,1.542241096496582,1.542241096496582,0.9696454087028169,1.0,13.115288822035899,9.88859525127966,3.858765944447387,568,2.0,0.0,0.00020000000000000004,True,True,True,True,True,False,False,False,0.25
TD3 Gradient Clipping,2027,test_0005,medium,7.656544822000001,1267.0871240057181,61.38010787963867,107.27898406982422,17.879831314086914,16.09903335571289,28.91778564453125,7.216022968292236,7.216022968292236,0.8824371084123498,1.0,3.487833728292493,3.662210194070216,0.11971367013342821,568,2.0,0.0,0.00020000000000000004,True,True,True,True,True,False,False,False,0.25
TD3 Gradient Clipping,2027,test_0006,long,7.656544822000001,1267.0871240057181,145.6652374267578,177.40350341796875,14.783625602722168,2.8007566928863525,0.9129322171211243,1.329520583152771,1.329520583152771,0.9908727668547462,1.0,3.7585034597112617,2.8694181954604594,0.811003818903217,568,2.0,0.0,0.00020000000000000004,True,True,True,True,True,False,False,False,0.25
TD3 Gradient Clipping,2027,test_0007,very_long,7.656544822000001,1267.0871240057181,157.68080139160156,183.68836975097656,18.368837356567383,4.764980792999268,3.8003149032592773,3.4694156646728516,3.4694156646728516,0.977997222020349,1.0,8.860502198166895,3.994349509416717,4.182516510367193,568,2.0,0.0,0.00020000000000000004,True,True,True,True,True,False,False,False,0.25
TD3 Gradient Clipping,2027,test_0008,short,7.656544822000001,1267.0871240057181,59.570159912109375,136.1213836669922,17.015172958374023,20.764080047607422,39.31055450439453,7.961163520812988,7.961163520812988,0.8663565192277645,1.0,3.6508530133184585,3.840345369972436,0.11616109798942469,568,2.0,0.0,0.00020000000000000004,True,True,True,True,True,False,False,False,0.25
TD3 Gradient Clipping,2027,test_0009,medium,7.656544822000001,1267.0871240057181,86.91923522949219,103.44305419921875,17.240509033203125,6.333720684051514,4.835685729980469,6.132669925689697,6.132669925689697,0.9294440418223002,1.0,5.855714784763364,5.9876454262201015,0.29622762296183786,568,2.0,0.0,0.00020000000000000004,True,True,True,True,True,False,False,False,0.25
TD3 Gradient Clipping,2028,test_0000,short,9.78987942599997,1023.7331841282778,58.88470458984375,60.0,20.0,2.25399112701416,1.7712770700454712,6.965336799621582,6.965336799621582,0.8817122910246723,1.0,8.176043528042133,7.4781262147805725,0.4240078536083142,568,2.0,0.0,0.00020000000000000004,True,True,True,True,True,False,False,False,0.25
TD3 Gradient Clipping,2028,test_0001,medium,9.78987942599997,1023.7331841282778,65.39462280273438,81.03073120117188,16.206146240234375,8.129801750183105,6.827602863311768,4.264166831970215,4.264166831970215,0.9347933109908249,1.0,13.355479849238927,16.63006809147423,3.1245012462398902,568,2.0,0.0,0.00020000000000000004,True,True,True,True,True,False,False,False,0.25
TD3 Gradient Clipping,2028,test_0002,long,9.78987942599997,1023.7331841282778,126.13316345214844,148.0753173828125,18.509414672851562,5.962859630584717,6.2730231285095215,4.127870559692383,4.127870559692383,0.9672737094137943,1.0,9.430872090186531,8.45210867822815,2.908823145062568,568,2.0,0.0,0.00020000000000000004,True,True,True,True,True,False,False,False,0.25
TD3 Gradient Clipping,2028,test_0003,very_long,9.78987942599997,1023.7331841282778,157.826416015625,188.5699462890625,15.71416187286377,2.9221646785736084,0.9958676099777222,3.9712631702423096,3.9712631702423096,0.9748377789314486,1.0,6.609006845128419,3.113811484579438,3.5731216558967183,568,2.0,0.0,0.00020000000000000004,True,True,True,True,True,False,False,False,0.25
TD3 Gradient Clipping,2028,test_0004,short,9.78987942599997,1023.7331841282778,50.8075065612793,49.23042678833008,8.205071449279785,0.9298445582389832,0.22777625918388367,2.577467679977417,2.577467679977417,0.9492699434704848,1.0,15.014548461049205,10.516639503457112,2.927374797625297,568,2.0,0.0,0.00020000000000000004,True,True,True,True,True,False,False,False,0.25
TD3 Gradient Clipping,2028,test_0005,medium,9.78987942599997,1023.7331841282778,61.38010787963867,66.53311157226562,9.504730224609375,2.233431100845337,0.5178537368774414,2.2065463066101074,2.2065463066101074,0.9640511171642617,1.0,3.6773547106169286,3.653892918502438,0.17146513680480724,568,2.0,0.0,0.00020000000000000004,True,True,True,True,True,False,False,False,0.25
TD3 Gradient Clipping,2028,test_0006,long,9.78987942599997,1023.7331841282778,145.6652374267578,168.2076873779297,15.291607856750488,2.81030535697937,1.631992220878601,7.3402557373046875,7.3402557373046875,0.9496087339232502,1.0,3.5254726467189603,2.8441521015579,0.7150097461229356,568,2.0,0.0,0.00020000000000000004,True,True,True,True,True,False,False,False,0.25
TD3 Gradient Clipping,2028,test_0007,very_long,9.78987942599997,1023.7331841282778,157.68080139160156,167.60507202148438,10.475317001342773,1.1847121715545654,0.9626556038856506,3.967615842819214,3.967615842819214,0.9748376732753558,1.0,10.68524630701236,4.079895794149387,5.115539143433378,568,2.0,0.0,0.00020000000000000004,True,True,True,True,True,False,False,False,0.25
TD3 Gradient Clipping,2028,test_0008,short,9.78987942599997,1023.7331841282778,59.570159912109375,65.05660247802734,10.842766761779785,3.5432307720184326,0.9075865745544434,5.461388111114502,5.461388111114502,0.9083200696595022,1.0,4.133241167891141,3.9883150715702302,0.27242989244107996,568,2.0,0.0,0.00020000000000000004,True,True,True,True,True,False,False,False,0.25
TD3 Gradient Clipping,2028,test_0009,medium,9.78987942599997,1023.7331841282778,86.91923522949219,100.17549133300781,12.521936416625977,3.3403594493865967,0.7793480753898621,5.85228967666626,5.85228967666626,0.932669797873687,1.0,8.460815602395959,6.988790937845524,1.2975529089679885,568,2.0,0.0,0.00020000000000000004,True,True,True,True,True,False,False,False,0.25
TD3 Adaptive Exploration Decay,2026,test_0000,short,9.845377016000043,1942.9316469200191,58.88470458984375,60.0,20.0,2.240623950958252,1.7740378379821777,6.950511455535889,6.950511455535889,0.8819640600398853,1.0,8.17504256715251,7.4772020289598595,0.4238536932378288,568,2.0,0.0,0.00020000000000000004,True,True,True,True,True,True,False,False,0.15900821763198
TD3 Adaptive Exploration Decay,2026,test_0001,medium,9.845377016000043,1942.9316469200191,65.39462280273438,80.99059295654297,16.198118209838867,8.119486808776855,6.813351154327393,4.344951152801514,4.344951152801514,0.9335579751578621,1.0,13.350166007281416,16.628500536479947,3.1233490925664165,568,2.0,0.0,0.00020000000000000004,True,True,True,True,True,True,False,False,0.15900821763198
TD3 Adaptive Exploration Decay,2026,test_0002,long,9.845377016000043,1942.9316469200191,126.13316345214844,148.0909423828125,18.511367797851562,5.959645748138428,6.262871265411377,4.139321804046631,4.139321804046631,0.9671829224705287,1.0,9.438899454737584,8.452400575818483,2.9154327097793304,568,2.0,0.0,0.00020000000000000004,True,True,True,True,True,True,False,False,0.15900821763198
TD3 Adaptive Exploration Decay,2026,test_0003,very_long,9.845377016000043,1942.9316469200191,157.826416015625,188.55369567871094,15.712807655334473,2.923412561416626,0.9870088696479797,4.141294002532959,4.141294002532959,0.9737604508352837,1.0,6.613583830615739,3.1137196870092776,3.575430437538503,568,2.0,0.0,0.00020000000000000004,True,True,True,True,True,True,False,False,0.15900821763198
TD3 Adaptive Exploration Decay,2026,test_0004,short,9.845377016000043,1942.9316469200191,50.8075065612793,48.66432189941406,8.11072063446045,0.9010637998580933,0.19952240586280823,3.1205127239227295,3.1205127239227295,0.9385816597758235,1.0,15.0856459477104,10.61185779917526,2.894976742390064,568,2.0,0.0,0.00020000000000000004,True,True,True,True,True,True,False,False,0.15900821763198
TD3 Adaptive Exploration Decay,2026,test_0005,medium,9.845377016000043,1942.9316469200191,61.38010787963867,66.46277618408203,9.494682312011719,2.2317771911621094,0.5164910554885864,2.291290521621704,2.291290521621704,0.9626704709265951,1.0,3.6779781202214386,3.6549750250951414,0.17169904824031212,568,2.0,0.0,0.00020000000000000004,True,True,True,True,True,True,False,False,0.15900821763198
TD3 Adaptive Exploration Decay,2026,test_0006,long,9.845377016000043,1942.9316469200191,145.6652374267578,168.098388671875,15.281671524047852,2.8006033897399902,1.6317187547683716,7.490390777587891,7.490390777587891,0.9485780484767057,1.0,3.5256486396479514,2.843712844153343,0.7144720070389136,568,2.0,0.0,0.00020000000000000004,True,True,True,True,True,True,False,False,0.15900821763198
TD3 Adaptive Exploration Decay,2026,test_0007,very_long,9.845377016000043,1942.9316469200191,157.68080139160156,166.7191162109375,10.419944763183594,1.1713348627090454,0.9671865701675415,4.978107452392578,4.978107452392578,0.9684292100974968,1.0,10.761025721970803,4.101243759204255,5.109126009125805,568,2.0,0.0,0.00020000000000000004,True,True,True,True,True,True,False,False,0.15900821763198
TD3 Adaptive Exploration Decay,2026,test_0008,short,9.845377016000043,1942.9316469200191,59.570159912109375,65.02906036376953,10.838176727294922,3.542891263961792,0.9069324731826782,5.504641532897949,5.504641532897949,0.9075939775716638,1.0,4.134001151715901,3.9895624693830367,0.27266996323396575,568,2.0,0.0,0.00020000000000000004,True,True,True,True,True,True,False,False,0.15900821763198
TD3 Adaptive Exploration Decay,2026,test_0009,medium,9.845377016000043,1942.9316469200191,86.91923522949219,100.01441955566406,12.501802444458008,3.3319718837738037,0.7745450139045715,6.088082790374756,6.088082790374756,0.9299570138381863,1.0,8.476318328576484,7.0111586314343946,1.3004977280100736,568,2.0,0.0,0.00020000000000000004,True,True,True,True,True,True,False,False,0.15900821763198
TD3 Adaptive Exploration Decay,2027,test_0000,short,9.929870793999953,1470.066070118835,58.88470458984375,77.42568969726562,15.485137939453125,8.877674102783203,8.340188026428223,2.2018930912017822,2.2018930912017822,0.9626067056540595,1.0,7.724355001532172,7.412912017863759,0.4712789409558377,568,2.0,0.0,0.00020000000000000004,True,True,True,True,True,True,False,False,0.15900821763198
TD3 Adaptive Exploration Decay,2027,test_0001,medium,9.929870793999953,1470.066070118835,65.39462280273438,85.72022247314453,17.144044876098633,9.911867141723633,10.50972843170166,3.9791476726531982,3.9791476726531982,0.9391517604642133,1.0,12.608364072585347,15.946215928547154,2.7514505723464926,568,2.0,0.0,0.00020000000000000004,True,True,True,True,True,True,False,False,0.15900821763198
TD3 Adaptive Exploration Decay,2027,test_0002,long,9.929870793999953,1470.066070118835,126.13316345214844,150.75820922851562,15.075820922851562,3.363598108291626,1.1904431581497192,4.918862342834473,4.918862342834473,0.9610026244628316,1.0,11.098370886898456,9.129167617092074,3.071217948747176,568,2.0,0.0,0.00020000000000000004,True,True,True,True,True,True,False,False,0.15900821763198
TD3 Adaptive Exploration Decay,2027,test_0003,very_long,9.929870793999953,1470.066070118835,157.826416015625,161.8455810546875,10.789705276489258,0.9875430464744568,0.9505978226661682,3.628922700881958,3.628922700881958,0.9770068738016411,1.0,6.282999826303223,3.168761574848954,2.405506060694256,568,2.0,0.0,0.00020000000000000004,True,True,True,True,True,True,False,False,0.15900821763198
TD3 Adaptive Exploration Decay,2027,test_0004,short,9.929870793999953,1470.066070118835,50.8075065612793,64.70057678222656,16.17514419555664,10.49789810180664,11.148371696472168,4.33964729309082,4.33964729309082,0.914586493476968,1.0,14.045827557420472,10.21718219514315,3.504692223820732,568,2.0,0.0,0.00020000000000000004,True,True,True,True,True,True,False,False,0.15900821763198
TD3 Adaptive Exploration Decay,2027,test_0005,medium,9.929870793999953,1470.066070118835,61.38010787963867,81.7236099243164,16.344722747802734,9.818568229675293,9.679361343383789,3.510164260864258,3.510164260864258,0.9428126736475049,1.0,3.726953269056503,3.693070427945717,0.22474340077087473,568,2.0,0.0,0.00020000000000000004,True,True,True,True,True,True,False,False,0.15900821763198
TD3 Adaptive Exploration Decay,2027,test_0006,long,9.929870793999953,1470.066070118835,145.6652374267578,145.71090698242188,8.571229934692383,0.5277035236358643,0.04103570431470871,7.2443671226501465,7.2443671226501465,0.950267014624593,1.0,4.330307577269296,2.963870564869185,0.7914421023896008,568,2.0,0.0,0.00020000000000000004,True,True,True,True,True,True,False,False,0.15900821763198
TD3 Adaptive Exploration Decay,2027,test_0007,very_long,9.929870793999953,1470.066070118835,157.68080139160156,185.14700317382812,13.224785804748535,1.9999308586120605,0.3718501627445221,5.813746929168701,5.813746929168701,0.9631296462355603,1.0,9.285028030056225,4.121434708639681,4.273050766591632,568,2.0,0.0,0.00020000000000000004,True,True,True,True,True,True,False,False,0.15900821763198
TD3 Adaptive Exploration Decay,2027,test_0008,short,9.929870793999953,1470.066070118835,59.570159912109375,948.6804809570312,16.079330444335938,30.47040557861328,61.044742584228516,9.230010032653809,9.167664527893066,0.8450564838793132,0.0,3.8966026669226923,3.995051696435362,0.11403562463368974,568,2.0,0.0,0.00020000000000000004,True,True,True,True,True,True,False,False,0.15900821763198
TD3 Adaptive Exploration Decay,2027,test_0009,medium,9.929870793999953,1470.066070118835,86.91923522949219,109.84770965576172,15.692529678344727,5.871185302734375,4.304507255554199,1.240688443183899,1.240688443183899,0.9857259622693628,1.0,7.129608801282114,6.5452314635628195,0.5909331439002262,568,2.0,0.0,0.00020000000000000004,True,True,True,True,True,True,False,False,0.15900821763198
TD3 Adaptive Exploration Decay,2028,test_0000,short,7.541021190000038,852.4211951722322,58.88470458984375,71.65744018554688,14.331487655639648,6.982944488525391,3.084275245666504,4.5931596755981445,4.5931596755981445,0.9219974064981493,1.0,7.937352192176355,7.689200656453123,0.3924878838635839,568,2.0,0.0,0.00020000000000000004,True,True,True,True,True,True,False,False,0.15900821763198
TD3 Adaptive Exploration Decay,2028,test_0001,medium,7.541021190000038,852.4211951722322,65.39462280273438,81.56354522705078,16.31270980834961,9.351642608642578,10.341246604919434,7.219478130340576,7.219478130340576,0.8896013491488676,1.0,14.5797740068366,17.67487136529134,3.83838441867646,568,2.0,0.0,0.00020000000000000004,True,True,True,True,True,True,False,False,0.15900821763198
TD3 Adaptive Exploration Decay,2028,test_0002,long,7.541021190000038,852.4211951722322,126.13316345214844,168.42218017578125,15.311107635498047,6.9885573387146,6.404694557189941,6.731590747833252,6.731590747833252,0.9466310796970772,1.0,7.071726939191585,8.097440845692192,1.2564026640434534,568,2.0,0.0,0.00020000000000000004,True,True,True,True,True,True,False,False,0.15900821763198
TD3 Adaptive Exploration Decay,2028,test_0003,very_long,7.541021190000038,852.4211951722322,157.826416015625,183.93894958496094,18.39389419555664,4.798892021179199,3.8631370067596436,3.555670738220215,3.555670738220215,0.9774710037268527,1.0,6.425657586954483,3.1063692183360208,3.2178239880523294,568,2.0,0.0,0.00020000000000000004,True,True,True,True,True,True,False,False,0.15900821763198
TD3 Adaptive Exploration Decay,2028,test_0004,short,7.541021190000038,852.4211951722322,50.8075065612793,69.45106506347656,17.36276626586914,12.286674499511719,13.699275970458984,6.128271579742432,6.128271579742432,0.8793825559545797,1.0,12.714029499463228,9.306702399954528,3.8471131303407913,568,2.0,0.0,0.00020000000000000004,True,True,True,True,True,True,False,False,0.15900821763198
TD3 Adaptive Exploration Decay,2028,test_0005,medium,7.541021190000038,852.4211951722322,61.38010787963867,88.14778137207031,17.62955665588379,12.871156692504883,12.807815551757812,4.964788436889648,4.964788436889648,0.919114048371743,1.0,3.3916234218573322,3.55474722014973,0.12683676912009798,568,2.0,0.0,0.00020000000000000004,True,True,True,True,True,True,False,False,0.15900821763198
TD3 Adaptive Exploration Decay,2028,test_0006,long,7.541021190000038,852.4211951722322,145.6652374267578,169.83738708496094,18.870820999145508,5.3545966148376465,5.634891986846924,4.962047100067139,4.962047100067139,0.9659352691985821,1.0,3.6684135775394724,2.8190822241513662,0.7649680585429296,568,2.0,0.0,0.00020000000000000004,True,True,True,True,True,True,False,False,0.15900821763198
TD3 Adaptive Exploration Decay,2028,test_0007,very_long,7.541021190000038,852.4211951722322,157.68080139160156,190.30557250976562,19.03055763244629,4.96150016784668,4.5294976234436035,5.669256687164307,5.669256687164307,0.964045992681857,1.0,8.49784747482154,3.9003698502206676,4.2883273650625995,568,2.0,0.0,0.00020000000000000004,True,True,True,True,True,True,False,False,0.15900821763198
TD3 Adaptive Exploration Decay,2028,test_0008,short,7.541021190000038,852.4211951722322,59.570159912109375,79.499267578125,15.899853706359863,10.778434753417969,10.954510688781738,3.5991766452789307,3.5991766452789307,0.939580879913883,1.0,3.6404036729167557,3.787705514648572,0.07567065237117412,568,2.0,0.0,0.00020000000000000004,True,True,True,True,True,True,False,False,0.15900821763198
TD3 Adaptive Exploration Decay,2028,test_0009,medium,7.541021190000038,852.4211951722322,86.91923522949219,109.26730346679688,18.211217880249023,8.160099029541016,7.630987167358398,4.4190449714660645,4.4190449714660645,0.9491591825468955,1.0,6.049239097109577,6.302814735385221,0.2673651946110541,568,2.0,0.0,0.00020000000000000004,True,True,True,True,True,True,False,False,0.15900821763198
TD3 Dynamic Delay,2026,test_0000,short,9.164826444000028,2158.9077075535965,58.88470458984375,60.0,20.0,3.649242401123047,1.0051945447921753,7.867095470428467,7.867095470428467,0.8663983198145252,1.0,8.145146037550745,7.464295199471247,0.41105203790638883,284,4.0,1.0,0.00020000000000000004,True,True,True,True,True,True,True,False,0.15900821763198
TD3 Dynamic Delay,2026,test_0001,medium,9.164826444000028,2158.9077075535965,65.39462280273438,83.00825500488281,16.60165023803711,8.955048561096191,7.376114368438721,2.5797460079193115,2.5797460079193115,0.9605510988923168,1.0,13.59495724804597,16.856800149804688,3.170878721119857,284,4.0,1.0,0.00020000000000000004,True,True,True,True,True,True,True,False,0.15900821763198
TD3 Dynamic Delay,2026,test_0002,long,9.164826444000028,2158.9077075535965,126.13316345214844,149.60675048828125,18.700843811035156,6.338590145111084,6.520980358123779,3.2747888565063477,3.2747888565063477,0.9740370512648824,1.0,9.002016999673426,8.62278633767874,2.5357435602069978,284,4.0,1.0,0.00020000000000000004,True,True,True,True,True,True,True,False,0.15900821763198
TD3 Dynamic Delay,2026,test_0003,very_long,9.164826444000028,2158.9077075535965,157.826416015625,185.7872772216797,18.57872772216797,5.072534561157227,3.7566864490509033,2.220842123031616,2.220842123031616,0.9859285778699318,1.0,6.841841883414602,3.14777043849487,3.431644906588165,284,4.0,1.0,0.00020000000000000004,True,True,True,True,True,True,True,False,0.15900821763198
TD3 Dynamic Delay,2026,test_0004,short,9.164826444000028,2158.9077075535965,50.8075065612793,50.259056091308594,12.564764022827148,4.49483060836792,4.636551856994629,7.3905415534973145,7.3905415534973145,0.8545383929718431,1.0,14.273604365698663,10.038946455379874,3.4571934533676494,284,4.0,1.0,0.00020000000000000004,True,True,True,True,True,True,True,False,0.15900821763198
TD3 Dynamic Delay,2026,test_0005,medium,9.164826444000028,2158.9077075535965,61.38010787963867,61.1468620300293,12.229372024536133,3.3152623176574707,1.5795222520828247,6.796983242034912,6.796983242034912,0.8892640714258235,1.0,3.4637009502096796,3.5580670598172275,0.07933685085927485,284,4.0,1.0,0.00020000000000000004,True,True,True,True,True,True,True,False,0.15900821763198
TD3 Dynamic Delay,2026,test_0006,long,9.164826444000028,2158.9077075535965,145.6652374267578,170.0723114013672,18.896923065185547,5.064923286437988,3.907360553741455,3.517942190170288,3.517942190170288,0.9758491301540688,1.0,3.647389224389861,2.856104970088209,0.7472286069384825,284,4.0,1.0,0.00020000000000000004,True,True,True,True,True,True,True,False,0.15900821763198
TD3 Dynamic Delay,2026,test_0007,very_long,9.164826444000028,2158.9077075535965,157.68080139160156,176.177978515625,16.01618003845215,3.252253293991089,2.1225759983062744,3.1158852577209473,3.1158852577209473,0.9802392857581779,1.0,9.078286639378824,3.99521349973398,4.6906597147907165,284,4.0,1.0,0.00020000000000000004,True,True,True,True,True,True,True,False,0.15900821763198
TD3 Dynamic Delay,2026,test_0008,short,9.164826444000028,2158.9077075535965,59.570159912109375,58.98586654663086,11.797173500061035,3.1123204231262207,1.0698662996292114,6.070465564727783,6.070465564727783,0.8980955301499235,1.0,3.9096467850497256,3.875331624934118,0.16565488123449537,284,4.0,1.0,0.00020000000000000004,True,True,True,True,True,True,True,False,0.15900821763198
TD3 Dynamic Delay,2026,test_0009,medium,9.164826444000028,2158.9077075535965,86.91923522949219,98.64679718017578,14.092399597167969,3.789181709289551,1.3448610305786133,2.539132833480835,2.539132833480835,0.9707874462220384,1.0,7.388783856294548,6.412361826970218,0.8143558651104698,284,4.0,1.0,0.00020000000000000004,True,True,True,True,True,True,True,False,0.15900821763198
TD3 Dynamic Delay,2027,test_0000,short,9.095609866000018,1471.03162116211,58.88470458984375,61.904090881347656,12.380818367004395,3.8380188941955566,1.7006325721740723,3.2013280391693115,3.2013280391693115,0.9456339628182245,1.0,7.3575834732055805,7.282064714956057,0.49372736579065785,284,4.0,1.0,0.00020000000000000004,True,True,True,True,True,True,True,False,0.15900821763198
TD3 Dynamic Delay,2027,test_0001,medium,9.095609866000018,1471.03162116211,65.39462280273438,76.73509979248047,12.789183616638184,4.472057342529297,2.538151264190674,2.4530837535858154,2.4530837535858154,0.9624879898614043,1.0,13.141626901188305,16.56035464067653,2.943120460085181,284,4.0,1.0,0.00020000000000000004,True,True,True,True,True,True,True,False,0.15900821763198
TD3 Dynamic Delay,2027,test_0002,long,9.095609866000018,1471.03162116211,126.13316345214844,143.68914794921875,15.965460777282715,3.719595432281494,1.4106088876724243,2.8790738582611084,2.8790738582611084,0.9771743308463571,1.0,7.25982561278456,8.69518555482203,0.9804720688832606,284,4.0,1.0,0.00020000000000000004,True,True,True,True,True,True,True,False,0.15900821763198
TD3 Dynamic Delay,2027,test_0003,very_long,9.095609866000018,1471.03162116211,157.826416015625,191.9447021484375,19.194469451904297,6.5988311767578125,7.252491474151611,7.318451404571533,7.318451404571533,0.9536297434274438,1.0,5.664994037546644,3.1141869683091747,2.709113187510078,284,4.0,1.0,0.00020000000000000004,True,True,True,True,True,True,True,False,0.15900821763198
TD3 Dynamic Delay,2027,test_0004,short,9.095609866000018,1471.03162116211,50.8075065612793,69.80351257324219,17.450878143310547,12.564579963684082,16.662593841552734,1.3979251384735107,1.3979251384735107,0.9724858542942377,1.0,13.027979825451506,10.296400576773834,3.7752517823802396,284,4.0,1.0,0.00020000000000000004,True,True,True,True,True,True,True,False,0.15900821763198
TD3 Dynamic Delay,2027,test_0005,medium,9.095609866000018,1471.03162116211,61.38010787963867,103.06982421875,17.17830467224121,15.7377347946167,25.75189208984375,4.692032337188721,4.692032337188721,0.9235577697844811,1.0,3.440263019152881,3.5981074304102503,0.11514354537999417,284,4.0,1.0,0.00020000000000000004,True,True,True,True,True,True,True,False,0.15900821763198
TD3 Dynamic Delay,2027,test_0006,long,9.095609866000018,1471.03162116211,145.6652374267578,162.20626831054688,18.022918701171875,3.474048137664795,1.5435914993286133,6.564957618713379,6.564957618713379,0.9549311988592041,1.0,3.6641169639865665,2.826974403107748,0.7341006634732806,284,4.0,1.0,0.00020000000000000004,True,True,True,True,True,True,True,False,0.15900821763198
TD3 Dynamic Delay,2027,test_0007,very_long,9.095609866000018,1471.03162116211,157.68080139160156,185.77842712402344,18.577842712402344,5.227057456970215,3.9943432807922363,3.9798738956451416,3.9798738956451416,0.974759933609412,1.0,8.291691319380007,4.111869390455334,3.8153340163398144,284,4.0,1.0,0.00020000000000000004,True,True,True,True,True,True,True,False,0.15900821763198
TD3 Dynamic Delay,2027,test_0008,short,9.095609866000018,1471.03162116211,59.570159912109375,73.32952880859375,18.332382202148438,8.126534461975098,7.125069618225098,6.944010257720947,6.944010257720947,0.8834313980696672,1.0,3.5775483292829415,3.7563530374126737,0.09682137382484744,284,4.0,1.0,0.00020000000000000004,True,True,True,True,True,True,True,False,0.15900821763198
TD3 Dynamic Delay,2027,test_0009,medium,9.095609866000018,1471.03162116211,86.91923522949219,102.55935668945312,17.093225479125977,6.315526485443115,4.002065658569336,4.142829418182373,4.142829418182373,0.9523370240517638,1.0,5.801126661171003,6.1150963104098,0.2943125619945293,284,4.0,1.0,0.00020000000000000004,True,True,True,True,True,True,True,False,0.15900821763198
TD3 Dynamic Delay,2028,test_0000,short,6.837385802000085,1165.3139210079812,58.88470458984375,60.0,20.0,2.3124074935913086,1.7027769088745117,6.995314598083496,6.995314598083496,0.8812031978964869,1.0,8.175608410638079,7.478276150033677,0.42362797103814115,284,4.0,1.0,0.00020000000000000004,True,True,True,True,True,True,True,False,0.15900821763198
TD3 Dynamic Delay,2028,test_0001,medium,6.837385802000085,1165.3139210079812,65.39462280273438,81.27874755859375,16.255748748779297,8.187995910644531,6.920335292816162,3.784180164337158,3.784180164337158,0.9421331601567258,1.0,13.380610548918254,16.636286543658567,3.127913545493814,284,4.0,1.0,0.00020000000000000004,True,True,True,True,True,True,True,False,0.15900821763198
TD3 Dynamic Delay,2028,test_0002,long,6.837385802000085,1165.3139210079812,126.13316345214844,148.13394165039062,18.516742706298828,5.9612135887146,6.265543460845947,4.044625282287598,4.044625282287598,0.9679336887176224,1.0,9.406521773622023,8.464661950214587,2.8862585529942333,284,4.0,1.0,0.00020000000000000004,True,True,True,True,True,True,True,False,0.15900821763198
TD3 Dynamic Delay,2028,test_0003,very_long,6.837385802000085,1165.3139210079812,157.826416015625,188.95021057128906,15.745850563049316,2.9360926151275635,1.0749902725219727,2.2559404373168945,2.2559404373168945,0.9857061923202162,1.0,6.5660836905790125,3.114973409569076,3.5508312233375854,284,4.0,1.0,0.00020000000000000004,True,True,True,True,True,True,True,False,0.15900821763198
TD3 Dynamic Delay,2028,test_0004,short,6.837385802000085,1165.3139210079812,50.8075065612793,43.91800308227539,8.783600807189941,1.1729633808135986,0.3512226343154907,7.9016265869140625,7.9016265869140625,0.8444791503912152,1.0,15.443234124424793,11.472592459361124,2.6433982050849085,284,4.0,1.0,0.00020000000000000004,True,True,True,True,True,True,True,False,0.15900821763198
TD3 Dynamic Delay,2028,test_0005,medium,6.837385802000085,1165.3139210079812,61.38010787963867,67.18266296386719,9.59752368927002,2.2393887042999268,0.518852174282074,1.3674169778823853,1.3674169778823853,0.9777221476937809,1.0,3.6707264005003903,3.6431337151628345,0.16893062105334075,284,4.0,1.0,0.00020000000000000004,True,True,True,True,True,True,True,False,0.15900821763198
TD3 Dynamic Delay,2028,test_0006,long,6.837385802000085,1165.3139210079812,145.6652374267578,169.3549041748047,15.39590072631836,2.925213098526001,1.7393341064453125,4.8811116218566895,4.8811116218566895,0.9664908957821116,1.0,3.5233095698404977,2.851817555202039,0.7185092609045751,284,4.0,1.0,0.00020000000000000004,True,True,True,True,True,True,True,False,0.15900821763198
TD3 Dynamic Delay,2028,test_0007,very_long,6.837385802000085,1165.3139210079812,157.68080139160156,164.74267578125,10.982845306396484,1.2866694927215576,1.0088974237442017,6.404702663421631,6.404702663421631,0.9593818486023831,1.0,10.589155061655408,4.12942049096287,4.992151440015098,284,4.0,1.0,0.00020000000000000004,True,True,True,True,True,True,True,False,0.15900821763198
TD3 Dynamic Delay,2028,test_0008,short,6.837385802000085,1165.3139210079812,59.570159912109375,65.37481689453125,10.89580249786377,3.5404133796691895,0.9150451421737671,4.950902462005615,4.950902462005615,0.9168895556213003,1.0,4.12481993621519,3.9736217859379828,0.2700758764032028,284,4.0,1.0,0.00020000000000000004,True,True,True,True,True,True,True,False,0.15900821763198
TD3 Dynamic Delay,2028,test_0009,medium,6.837385802000085,1165.3139210079812,86.91923522949219,101.07533264160156,12.634416580200195,3.3673346042633057,0.801516592502594,4.443056583404541,4.443056583404541,0.9488829305541682,1.0,8.368629039141933,6.858156304174296,1.280043266611748,284,4.0,1.0,0.00020000000000000004,True,True,True,True,True,True,True,False,0.15900821763198
TD3 Uncertainty-Aware Delay + Adaptive Actor LR,2026,test_0000,short,9.436356470999954,1933.114631267445,58.88470458984375,122.35417175292969,17.479167938232422,19.81802749633789,36.71647262573242,7.7365217208862305,7.7365217208862305,0.8686157674599152,1.0,7.0772696353658935,6.6932755071378525,0.5988912148474638,285,3.993843447669305,0.9975738367883669,0.00010024261632116331,True,True,True,True,True,True,True,True,0.15900821763198
TD3 Uncertainty-Aware Delay + Adaptive Actor LR,2026,test_0001,medium,9.436356470999954,1933.114631267445,65.39462280273438,73.15655517578125,14.631311416625977,5.744322776794434,2.2239668369293213,7.821011066436768,7.821011066436768,0.8804028415298124,1.0,11.512794496627585,15.196092967959714,2.32603033987453,285,3.993843447669305,0.9975738367883669,0.00010024261632116331,True,True,True,True,True,True,True,True,0.15900821763198
TD3 Uncertainty-Aware Delay + Adaptive Actor LR,2026,test_0002,long,9.436356470999954,1933.114631267445,126.13316345214844,150.61431884765625,18.82678985595703,5.925374507904053,6.664330005645752,5.3811259269714355,5.3811259269714355,0.9573377391029054,1.0,8.963750966423326,8.453457311172466,2.2531102383056,285,3.993843447669305,0.9975738367883669,0.00010024261632116331,True,True,True,True,True,True,True,True,0.15900821763198
TD3 Uncertainty-Aware Delay + Adaptive Actor LR,2026,test_0003,very_long,9.436356470999954,1933.114631267445,157.826416015625,178.96804809570312,17.896804809570312,3.7041053771972656,2.6487715244293213,5.043655872344971,5.043655872344971,0.9680430184016493,1.0,6.200118261848419,3.071070471137368,2.88631465551257,285,3.993843447669305,0.9975738367883669,0.00010024261632116331,True,True,True,True,True,True,True,True,0.15900821763198
TD3 Uncertainty-Aware Delay + Adaptive Actor LR,2026,test_0004,short,9.436356470999954,1933.114631267445,50.8075065612793,57.75156021118164,11.550312042236328,4.607708930969238,1.8249696493148804,2.4705734252929688,2.4705734252929688,0.9513738501944945,1.0,14.07494307401898,10.374726506344125,3.0846041802675375,285,3.993843447669305,0.9975738367883669,0.00010024261632116331,True,True,True,True,True,True,True,True,0.15900821763198
TD3 Uncertainty-Aware Delay + Adaptive Actor LR,2026,test_0005,medium,9.436356470999954,1933.114631267445,61.38010787963867,63.12443923950195,10.520739555358887,2.9043102264404297,0.6315516829490662,6.701431751251221,6.701431751251221,0.8908207889697396,1.0,3.626785237789863,3.690187383575175,0.1542648548034166,285,3.993843447669305,0.9975738367883669,0.00010024261632116331,True,True,True,True,True,True,True,True,0.15900821763198
TD3 Uncertainty-Aware Delay + Adaptive Actor LR,2026,test_0006,long,9.436356470999954,1933.114631267445,145.6652374267578,164.28817749023438,10.952545166015625,1.3472601175308228,0.7742671966552734,0.16463053226470947,0.16463053226470947,0.9988698021904678,1.0,3.34356722909724,2.8660634330924815,0.5902291208265447,285,3.993843447669305,0.9975738367883669,0.00010024261632116331,True,True,True,True,True,True,True,True,0.15900821763198
TD3 Uncertainty-Aware Delay + Adaptive Actor LR,2026,test_0007,very_long,9.436356470999954,1933.114631267445,157.68080139160156,164.1844024658203,9.121356010437012,0.5281029343605042,0.04891912266612053,1.3969531059265137,1.3969531059265137,0.9911406265468098,1.0,8.875538688092997,4.0374650650870345,3.225587471151456,285,3.993843447669305,0.9975738367883669,0.00010024261632116331,True,True,True,True,True,True,True,True,0.15900821763198
TD3 Uncertainty-Aware Delay + Adaptive Actor LR,2026,test_0008,short,9.436356470999954,1933.114631267445,59.570159912109375,71.56430053710938,11.927383422851562,4.6317219734191895,2.927415609359741,0.6396540403366089,0.6396540403366089,0.9892621735231135,1.0,3.9246190052990917,3.845060388335472,0.16184403703139327,285,3.993843447669305,0.9975738367883669,0.00010024261632116331,True,True,True,True,True,True,True,True,0.15900821763198
TD3 Uncertainty-Aware Delay + Adaptive Actor LR,2026,test_0009,medium,9.436356470999954,1933.114631267445,86.91923522949219,89.23741149902344,9.915267944335938,1.5249172449111938,0.1892499029636383,5.405986309051514,5.405986309051514,0.9378044883301363,1.0,7.792501424301236,6.917114615906953,0.8188914550198798,285,3.993843447669305,0.9975738367883669,0.00010024261632116331,True,True,True,True,True,True,True,True,0.15900821763198
TD3 Uncertainty-Aware Delay + Adaptive Actor LR,2027,test_0000,short,9.54405594299999,1332.8486461541954,58.88470458984375,66.7671890258789,13.353437423706055,4.915472507476807,1.586823582649231,0.9936871528625488,0.9936871528625488,0.9831248681676509,1.0,7.211172376317791,7.27663767171599,0.5645578422044243,285,3.9920844327176783,0.9972868383006102,0.00010027131616993899,True,True,True,True,True,True,True,True,0.15900821763198
TD3 Uncertainty-Aware Delay + Adaptive Actor LR,2027,test_0001,medium,9.54405594299999,1332.8486461541954,65.39462280273438,66.52452087402344,11.087420463562012,1.3586755990982056,0.5687968134880066,0.3647521138191223,0.3647521138191223,0.9944222919532786,1.0,12.664088213377255,16.591572335224676,2.861572287570099,285,3.9920844327176783,0.9972868383006102,0.00010027131616993899,True,True,True,True,True,True,True,True,0.15900821763198
TD3 Uncertainty-Aware Delay + Adaptive Actor LR,2027,test_0002,long,9.54405594299999,1332.8486461541954,126.13316345214844,148.88026428222656,16.542251586914062,3.8950462341308594,1.602534294128418,1.063403606414795,1.063403606414795,0.9915691989536263,1.0,7.12950257142104,8.816056971298595,0.9584855115905525,285,3.9920844327176783,0.9972868383006102,0.00010027131616993899,True,True,True,True,True,True,True,True,0.15900821763198
TD3 Uncertainty-Aware Delay + Adaptive Actor LR,2027,test_0003,very_long,9.54405594299999,1332.8486461541954,157.826416015625,157.7499542236328,19.7187442779541,1.4245113134384155,1.1458539962768555,5.573164463043213,5.573164463043213,0.9646880122875535,1.0,6.367094088339199,3.1206644479960612,2.7528126320490305,285,3.9920844327176783,0.9972868383006102,0.00010027131616993899,True,True,True,True,True,True,True,True,0.15900821763198
TD3 Uncertainty-Aware Delay + Adaptive Actor LR,2027,test_0004,short,9.54405594299999,1332.8486461541954,50.8075065612793,69.42179870605469,17.355449676513672,12.44936752319336,16.51076889038086,2.9087109565734863,2.9087109565734863,0.9427503699071461,1.0,12.960900267086467,10.485860013932918,3.7491930608167605,285,3.9920844327176783,0.9972868383006102,0.00010027131616993899,True,True,True,True,True,True,True,True,0.15900821763198
TD3 Uncertainty-Aware Delay + Adaptive Actor LR,2027,test_0005,medium,9.54405594299999,1332.8486461541954,61.38010787963867,75.66255950927734,15.132512092590332,7.004447937011719,3.7768752574920654,0.22416825592517853,0.22416825592517853,0.9963478680036738,1.0,3.3574764947174742,3.634789667180139,0.1346289640700079,285,3.9920844327176783,0.9972868383006102,0.00010027131616993899,True,True,True,True,True,True,True,True,0.15900821763198
TD3 Uncertainty-Aware Delay + Adaptive Actor LR,2027,test_0006,long,9.54405594299999,1332.8486461541954,145.6652374267578,172.64346313476562,17.264347076416016,3.9426515102386475,1.9122309684753418,0.7915606498718262,0.7915606498718262,0.9945658918774644,1.0,3.448537679115677,2.863456438316601,0.7268237076646015,285,3.9920844327176783,0.9972868383006102,0.00010027131616993899,True,True,True,True,True,True,True,True,0.15900821763198
TD3 Uncertainty-Aware Delay + Adaptive Actor LR,2027,test_0007,very_long,9.54405594299999,1332.8486461541954,157.68080139160156,187.056884765625,17.005170822143555,3.405280590057373,1.2999345064163208,1.4927765130996704,1.4927765130996704,0.9905329215736776,1.0,7.452686760910186,4.024540375786403,3.5934198757925317,285,3.9920844327176783,0.9972868383006102,0.00010027131616993899,True,True,True,True,True,True,True,True,0.15900821763198
TD3 Uncertainty-Aware Delay + Adaptive Actor LR,2027,test_0008,short,9.54405594299999,1332.8486461541954,59.570159912109375,70.58976745605469,14.117953300476074,6.0394392013549805,3.8884289264678955,0.18564368784427643,0.18564368784427643,0.9968836127329828,1.0,3.5813109896094435,3.8384755645620734,0.12676934335397314,285,3.9920844327176783,0.9972868383006102,0.00010027131616993899,True,True,True,True,True,True,True,True,0.15900821763198
TD3 Uncertainty-Aware Delay + Adaptive Actor LR,2027,test_0009,medium,9.54405594299999,1332.8486461541954,86.91923522949219,93.22235870361328,13.317480087280273,2.9159138202667236,0.6564534902572632,4.905542850494385,4.905542850494385,0.9435620569193652,1.0,5.809756968738938,6.1250583217706485,0.24647867945878793,285,3.9920844327176783,0.9972868383006102,0.00010027131616993899,True,True,True,True,True,True,True,True,0.15900821763198
TD3 Uncertainty-Aware Delay + Adaptive Actor LR,2028,test_0000,short,6.99117547700007,1260.850144688028,58.88470458984375,60.0,20.0,0.6369006633758545,0.9981974959373474,1.80320143699646,1.80320143699646,0.9693774223789268,1.0,8.059774508815872,7.319197465974175,0.44608396096481223,286,3.9929639401934915,0.997143354169832,0.00010028566458301681,True,True,True,True,True,True,True,True,0.15900821763198
TD3 Uncertainty-Aware Delay + Adaptive Actor LR,2028,test_0001,medium,6.99117547700007,1260.850144688028,65.39462280273438,1091.506591796875,18.500112533569336,35.17707824707031,70.56903076171875,10.460492134094238,8.515189170837402,0.8400404851993909,0.0,16.0236882840234,17.89744243992299,1.8301718458623264,286,3.9929639401934915,0.997143354169832,0.00010028566458301681,True,True,True,True,True,True,True,True,0.15900821763198
TD3 Uncertainty-Aware Delay + Adaptive Actor LR,2028,test_0002,long,6.99117547700007,1260.850144688028,126.13316345214844,155.3368377685547,19.417104721069336,6.774501800537109,7.53047513961792,5.799638271331787,5.799638271331787,0.9540197192189506,1.0,9.788788227255047,9.333201696631438,3.0273891289487556,286,3.9929639401934915,0.997143354169832,0.00010028566458301681,True,True,True,True,True,True,True,True,0.15900821763198
TD3 Uncertainty-Aware Delay + Adaptive Actor LR,2028,test_0003,very_long,6.99117547700007,1260.850144688028,157.826416015625,168.0824432373047,18.675827026367188,2.5130856037139893,1.1673104763031006,3.964087724685669,3.964087724685669,0.9748832430922513,1.0,6.834745082503963,3.08179963286952,3.128811274946895,286,3.9929639401934915,0.997143354169832,0.00010028566458301681,True,True,True,True,True,True,True,True,0.15900821763198
TD3 Uncertainty-Aware Delay + Adaptive Actor LR,2028,test_0004,short,6.99117547700007,1260.850144688028,50.8075065612793,45.488590240478516,15.162863731384277,1.1734018325805664,2.2705776691436768,6.221978664398193,6.221978664398193,0.8775382008386139,1.0,15.452624380110812,11.389985699015998,2.8592901187231057,286,3.9929639401934915,0.997143354169832,0.00010028566458301681,True,True,True,True,True,True,True,True,0.15900821763198
TD3 Uncertainty-Aware Delay + Adaptive Actor LR,2028,test_0005,medium,6.99117547700007,1260.850144688028,61.38010787963867,61.04698944091797,15.261747360229492,2.9735405445098877,2.112774133682251,4.734358310699463,4.734358310699463,0.9228681982771495,1.0,3.6563878042632707,3.7606995200798514,0.2023407155823485,286,3.9929639401934915,0.997143354169832,0.00010028566458301681,True,True,True,True,True,True,True,True,0.15900821763198
TD3 Uncertainty-Aware Delay + Adaptive Actor LR,2028,test_0006,long,6.99117547700007,1260.850144688028,145.6652374267578,150.2840118408203,16.698223114013672,1.9655699729919434,0.6147599220275879,4.847128391265869,4.847128391265869,0.966724192560335,1.0,3.784941347079176,2.8665181642770525,0.6995038589385321,286,3.9929639401934915,0.997143354169832,0.00010028566458301681,True,True,True,True,True,True,True,True,0.15900821763198
TD3 Uncertainty-Aware Delay + Adaptive Actor LR,2028,test_0007,very_long,6.99117547700007,1260.850144688028,157.68080139160156,162.24520874023438,14.749564170837402,0.8102172017097473,0.28491154313087463,2.698699712753296,2.698699712753296,0.9828850456812999,1.0,10.968975304815592,3.8909653007424243,4.800177680334189,286,3.9929639401934915,0.997143354169832,0.00010028566458301681,True,True,True,True,True,True,True,True,0.15900821763198
TD3 Uncertainty-Aware Delay + Adaptive Actor LR,2028,test_0008,short,6.99117547700007,1260.850144688028,59.570159912109375,66.7278060913086,16.68195152282715,5.36957311630249,4.19113826751709,3.3770275115966797,3.3770275115966797,0.9433100814807415,1.0,3.9636228653282743,3.878858070045563,0.22485758544592882,286,3.9929639401934915,0.997143354169832,0.00010028566458301681,True,True,True,True,True,True,True,True,0.15900821763198
TD3 Uncertainty-Aware Delay + Adaptive Actor LR,2028,test_0009,medium,6.99117547700007,1260.850144688028,86.91923522949219,88.60653686523438,17.7213077545166,3.1748046875,1.7394274473190308,6.500978946685791,6.500978946685791,0.9252066711180638,1.0,7.838368357947542,7.2427965850987315,0.9822421739477472,286,3.9929639401934915,0.997143354169832,0.00010028566458301681,True,True,True,True,True,True,True,True,0.15900821763198
